ID,Nome,Matricula,Turma,Curso,Semestre,Age,GPA,Attendance_Rate,Study_Hours_per_Day,Travel_Time_Minutes,Stress_Index,Gender_Male,Dropout,Nivel_Risco,Probabilidade_Risco,Recomendacoes,Data_Referencia
1,Bruno Pereira Almeida,202410061,2A,Contabilidade,2024.2,34,8.13,92.1,3.55,32.2,6,1,0,BAIXO,20,Manter acompanhamento preventivo,2025-12-05
2,Daniel Costa Almeida,202410143,5B,Informática,2024.2,30,2.65,66.2,1.99,37.9,5,1,1,ALTO,90,Reforco escolar e acompanhamento pedagogico | Contato com responsavel e monitoramento de frequencia | Orientacao para rotina de estudos,2024-07-05
3,Samuel Oliveira Rodrigues,202410312,2B,Administração,2024.2,31,9.96,100.0,1.61,5.0,6,1,0,BAIXO,20,Orientacao para rotina de estudos,2024-02-04
4,Ana Costa Monteiro,202410465,5A,Redes de Computadores,2024.1,33,7.73,59.3,1.75,48.6,7,0,1,MEDIO,65,Contato com responsavel e monitoramento de frequencia | Encaminhamento para apoio psicologico ou psicossocial | Orientacao para rotina de estudos,2026-12-24
5,João Gomes Teixeira,202410579,1B,Eletrotécnica,2024.2,25,7.0,100.0,0.0,23.3,5,1,0,BAIXO,20,Orientacao para rotina de estudos,2025-01-25
6,Thiago Ribeiro Lima,202410702,5B,Contabilidade,2024.1,27,8.25,83.1,4.4,31.0,3,1,0,BAIXO,20,Manter acompanhamento preventivo,2026-10-30
7,Fernanda Barbosa Nascimento,202410735,5A,Edificações,2024.2,30,8.31,71.3,2.43,44.6,1,0,0,BAIXO,20,Contato com responsavel e monitoramento de frequencia,2025-11-03
8,Aline Oliveira Pereira,202410836,1B,Informática,2024.1,32,8.65,88.6,2.76,52.7,8,0,0,BAIXO,20,Encaminhamento para apoio psicologico ou psicossocial,2024-10-08
9,Fernanda Nascimento Teixeira,202410935,5B,Redes de Computadores,2024.2,24,7.0,95.2,3.5,22.2,7,0,0,BAIXO,20,Encaminhamento para apoio psicologico ou psicossocial,2026-03-22
10,Amanda Almeida Monteiro,202410955,5B,Informática,2024.2,28,5.55,91.2,4.24,48.8,9,0,1,MEDIO,65,Reforco escolar e acompanhamento pedagogico | Encaminhamento para apoio psicologico ou psicossocial,2026-12-30
11,Juliana Ribeiro Batista,202410975,3A,Redes de Computadores,2024.2,32,6.43,64.3,3.48,5.0,1,0,1,MEDIO,65,Contato com responsavel e monitoramento de frequencia,2026-07-01
12,Jéssica Cardoso Souza,202411011,3B,Redes de Computadores,2024.1,20,5.35,70.1,0.73,21.1,6,0,1,ALTO,90,Reforco escolar e acompanhamento pedagogico | Contato com responsavel e monitoramento de frequencia | Orientacao para rotina de estudos,2026-06-13
13,Carla Rodrigues Monteiro,202411013,5A,Administração,2024.2,16,5.98,79.0,2.84,29.5,6,0,1,MEDIO,65,Reforco escolar e acompanhamento pedagogico,2024-08-04
14,André Oliveira Pereira,202411112,1B,Administração,2024.1,18,5.89,80.2,3.21,5.0,2,1,1,MEDIO,65,Reforco escolar e acompanhamento pedagogico,2026-05-27
15,Isabela Barbosa Ribeiro,202411610,1A,Pedagogia,2024.1,23,7.43,81.7,1.53,43.8,3,0,0,BAIXO,20,Orientacao para rotina de estudos,2024-04-04
16,Larissa Oliveira Monteiro,202411671,2B,Edificações,2024.1,31,2.09,79.3,6.18,52.1,5,0,1,MEDIO,65,Reforco escolar e acompanhamento pedagogico,2026-10-08
17,Isabela Santos Almeida,202411850,5B,Enfermagem,2024.1,27,9.33,88.3,4.15,33.7,7,0,0,BAIXO,20,Encaminhamento para apoio psicologico ou psicossocial,2026-07-18
18,Aline Ferreira Teixeira,202411880,4B,Informática,2024.2,19,5.79,85.4,4.88,5.0,5,0,0,BAIXO,20,Reforco escolar e acompanhamento pedagogico,2024-06-25
19,Maria Silva Costa,202412048,4A,Contabilidade,2024.2,19,6.16,45.6,2.29,36.8,3,0,1,MEDIO,65,Contato com responsavel e monitoramento de frequencia,2024-06-14
20,Juliana Barbosa Mendes,202412057,4A,Logística,2024.2,27,7.16,72.9,5.14,58.6,8,0,1,MEDIO,65,Contato com responsavel e monitoramento de frequencia | Encaminhamento para apoio psicologico ou psicossocial,2025-09-15
21,Luana Costa Silva,202412380,1A,Redes de Computadores,2024.2,17,5.62,90.6,0.97,41.3,7,0,1,MEDIO,65,Reforco escolar e acompanhamento pedagogico | Encaminhamento para apoio psicologico ou psicossocial | Orientacao para rotina de estudos,2024-12-11
22,Ana Rodrigues Santos,202412464,1B,Eletrotécnica,2024.1,18,6.43,77.4,1.34,16.9,6,0,0,BAIXO,20,Orientacao para rotina de estudos,2026-06-02
23,Luana Pereira Mendes,202412482,1B,Contabilidade,2024.2,17,8.55,85.3,2.44,34.5,5,0,0,BAIXO,20,Manter acompanhamento preventivo,2025-10-04
24,Isabela Cardoso Batista,202412520,3A,Enfermagem,2024.2,30,9.21,77.0,1.67,43.9,3,0,0,BAIXO,20,Orientacao para rotina de estudos,2026-10-06
25,Maria Cardoso Rodrigues,202412565,1A,Pedagogia,2024.2,31,7.43,56.4,2.38,11.3,8,0,1,MEDIO,65,Contato com responsavel e monitoramento de frequencia | Encaminhamento para apoio psicologico ou psicossocial,2025-11-29
26,Beatriz Lima Teixeira,202412770,4B,Informática,2024.1,22,8.37,83.7,2.47,29.4,8,0,0,BAIXO,20,Encaminhamento para apoio psicologico ou psicossocial,2025-02-06
27,Fernanda Monteiro Mendes,202412779,5A,Logística,2024.1,33,7.0,62.7,2.12,53.2,3,0,0,BAIXO,20,Contato com responsavel e monitoramento de frequencia,2025-08-30
28,Bruno Gomes Batista,202412810,3A,Redes de Computadores,2024.2,29,8.36,96.3,1.97,26.9,3,1,0,BAIXO,20,Orientacao para rotina de estudos,2024-02-23
29,Patrícia Almeida Pereira,202413075,2B,Edificações,2024.2,25,6.05,54.9,4.22,56.1,1,0,1,MEDIO,65,Contato com responsavel e monitoramento de frequencia,2025-10-17
30,Vitória Ferreira Oliveira,202413407,5B,Edificações,2024.1,20,7.48,65.6,2.63,36.6,8,0,1,MEDIO,65,Contato com responsavel e monitoramento de frequencia | Encaminhamento para apoio psicologico ou psicossocial,2025-03-18
31,Eduarda Batista Araújo,202413440,1A,Eletrotécnica,2024.1,16,6.45,90.3,2.65,73.0,2,0,0,BAIXO,20,Manter acompanhamento preventivo,2026-02-05
32,Vinicius Ferreira Gomes,202413465,2A,Contabilidade,2024.2,21,4.66,88.9,3.0,35.7,9,1,1,MEDIO,65,Reforco escolar e acompanhamento pedagogico | Encaminhamento para apoio psicologico ou psicossocial,2024-06-27
33,Jéssica Nascimento Araújo,202413466,4B,Administração,2024.2,29,4.89,71.2,3.51,54.9,4,0,1,MEDIO,65,Reforco escolar e acompanhamento pedagogico | Contato com responsavel e monitoramento de frequencia,2024-11-20
34,Carla Santos Araújo,202413561,3B,Contabilidade,2024.2,17,8.77,86.2,4.57,43.2,3,0,0,BAIXO,20,Manter acompanhamento preventivo,2025-09-02
35,Larissa Ferreira Monteiro,202413569,1A,Enfermagem,2024.1,23,9.05,100.0,2.55,21.8,9,0,0,BAIXO,20,Encaminhamento para apoio psicologico ou psicossocial,2025-01-25
36,Pedro Gomes Teixeira,202413572,1B,Logística,2024.1,34,8.77,100.0,1.09,54.0,9,1,0,BAIXO,20,Encaminhamento para apoio psicologico ou psicossocial | Orientacao para rotina de estudos,2024-12-15
37,Henrique Mendes Monteiro,202413655,2A,Edificações,2024.1,32,5.52,82.4,2.73,9.5,4,1,1,MEDIO,65,Reforco escolar e acompanhamento pedagogico,2025-05-09
38,Gabriela Gomes Silva,202413783,4B,Redes de Computadores,2024.1,25,6.47,68.6,0.55,41.7,4,0,1,MEDIO,65,Contato com responsavel e monitoramento de frequencia | Orientacao para rotina de estudos,2024-11-20
39,Fernanda Oliveira Almeida,202413809,2A,Pedagogia,2024.2,17,5.27,87.9,4.59,5.0,7,0,1,MEDIO,65,Reforco escolar e acompanhamento pedagogico | Encaminhamento para apoio psicologico ou psicossocial,2026-11-20
40,Daniel Silva Cardoso,202413848,1B,Edificações,2024.2,18,6.42,74.3,6.02,24.3,8,1,1,MEDIO,65,Contato com responsavel e monitoramento de frequencia | Encaminhamento para apoio psicologico ou psicossocial,2026-12-26
41,Patrícia Silva Lima,202414089,1B,Contabilidade,2024.1,18,7.86,100.0,5.89,39.4,1,0,0,BAIXO,20,Manter acompanhamento preventivo,2024-01-23
42,Jéssica Araújo Silva,202414096,3B,Redes de Computadores,2024.1,19,4.51,71.8,3.57,13.1,6,0,1,MEDIO,65,Reforco escolar e acompanhamento pedagogico | Contato com responsavel e monitoramento de frequencia,2025-04-29
43,Samuel Santos Rodrigues,202414161,2B,Pedagogia,2024.2,30,8.84,95.1,3.55,9.9,4,1,0,BAIXO,20,Manter acompanhamento preventivo,2024-06-03
44,Rafael Batista Cardoso,202414295,5B,Agropecuária,2024.2,21,9.26,88.8,2.97,34.8,9,1,0,BAIXO,20,Encaminhamento para apoio psicologico ou psicossocial,2024-01-25
45,Eduarda Almeida Barbosa,202414336,1B,Administração,2024.2,19,3.63,98.1,0.12,8.4,8,0,1,ALTO,90,Reforco escolar e acompanhamento pedagogico | Encaminhamento para apoio psicologico ou psicossocial | Orientacao para rotina de estudos,2025-03-01
46,Bruno Oliveira Barbosa,202414388,3A,Enfermagem,2024.1,31,6.14,67.5,2.63,28.3,7,1,1,MEDIO,65,Contato com responsavel e monitoramento de frequencia | Encaminhamento para apoio psicologico ou psicossocial,2024-04-30
47,Marcos Cardoso Ribeiro,202414530,3B,Edificações,2024.1,30,6.02,90.5,1.78,23.7,2,1,0,BAIXO,20,Orientacao para rotina de estudos,2025-01-24
48,Eduarda Monteiro Araújo,202414577,5B,Administração,2024.1,16,6.79,68.2,2.54,57.7,6,0,1,MEDIO,65,Contato com responsavel e monitoramento de frequencia,2025-03-05
49,Marcos Santos Rodrigues,202414652,4B,Administração,2024.2,28,6.37,78.6,4.88,50.3,5,1,0,BAIXO,20,Manter acompanhamento preventivo,2024-06-01
50,Leonardo Monteiro Almeida,202414795,2B,Contabilidade,2024.2,29,6.77,72.9,2.61,34.8,5,1,1,MEDIO,65,Contato com responsavel e monitoramento de frequencia,2024-03-12
51,Rafael Almeida Oliveira,202415179,3A,Edificações,2024.2,20,7.17,61.7,1.45,23.4,4,1,0,BAIXO,20,Contato com responsavel e monitoramento de frequencia | Orientacao para rotina de estudos,2024-05-18
52,Rafaela Nascimento Barbosa,202415393,2B,Enfermagem,2024.1,20,8.11,76.0,3.37,47.9,6,0,0,BAIXO,20,Manter acompanhamento preventivo,2024-09-16
53,Diego Silva Batista,202415411,2B,Informática,2024.1,30,5.48,74.8,1.66,70.1,4,1,1,MEDIO,65,Reforco escolar e acompanhamento pedagogico | Contato com responsavel e monitoramento de frequencia | Orientacao para rotina de estudos,2025-06-25
54,Vitória Costa Araújo,202415573,2B,Edificações,2024.1,34,10.0,67.0,0.41,12.0,7,0,1,MEDIO,65,Contato com responsavel e monitoramento de frequencia | Encaminhamento para apoio psicologico ou psicossocial | Orientacao para rotina de estudos,2026-07-30
55,Pedro Almeida Batista,202415587,4A,Edificações,2024.2,28,8.02,91.1,3.14,29.1,3,1,0,BAIXO,20,Manter acompanhamento preventivo,2026-10-18
56,Leonardo Oliveira Barbosa,202415987,1B,Agropecuária,2024.2,21,3.86,87.5,3.31,58.9,6,1,1,MEDIO,65,Reforco escolar e acompanhamento pedagogico,2024-09-04
57,Fernanda Costa Ferreira,202416021,3B,Redes de Computadores,2024.1,34,5.38,70.7,3.08,58.7,3,0,1,MEDIO,65,Reforco escolar e acompanhamento pedagogico | Contato com responsavel e monitoramento de frequencia,2024-02-03
58,Larissa Silva Santos,202416185,2A,Enfermagem,2024.2,34,6.13,81.4,1.7,20.7,6,0,0,BAIXO,20,Orientacao para rotina de estudos,2026-02-12
59,Mateus Almeida Batista,202416202,3A,Contabilidade,2024.2,30,10.0,70.5,4.1,38.0,5,1,0,BAIXO,20,Contato com responsavel e monitoramento de frequencia,2024-10-27
60,Camila Monteiro Silva,202416421,4B,Administração,2024.1,33,6.97,71.2,2.19,78.7,8,0,1,MEDIO,65,Contato com responsavel e monitoramento de frequencia | Encaminhamento para apoio psicologico ou psicossocial,2026-04-11
61,Vitória Nascimento Pereira,202416525,3A,Agropecuária,2024.2,30,5.37,84.5,3.44,41.5,3,0,1,MEDIO,65,Reforco escolar e acompanhamento pedagogico,2026-05-28
62,Thiago Ribeiro Pereira,202416731,5B,Contabilidade,2024.2,24,6.07,77.1,2.35,75.4,6,1,0,BAIXO,20,Manter acompanhamento preventivo,2026-12-09
63,Diego Oliveira Teixeira,202417113,1B,Informática,2024.1,26,8.21,73.4,2.02,18.2,6,1,0,BAIXO,20,Contato com responsavel e monitoramento de frequencia,2025-05-30
64,Fernanda Teixeira Araújo,202417201,3B,Enfermagem,2024.1,30,8.08,84.6,2.59,38.0,5,0,0,BAIXO,20,Manter acompanhamento preventivo,2024-11-25
65,Felipe Souza Batista,202417204,5A,Administração,2024.2,19,8.17,87.6,2.15,26.4,1,1,0,BAIXO,20,Manter acompanhamento preventivo,2025-03-22
66,Aline Rodrigues Barbosa,202417251,2B,Contabilidade,2024.2,22,5.02,86.0,0.83,25.1,5,0,1,MEDIO,65,Reforco escolar e acompanhamento pedagogico | Orientacao para rotina de estudos,2025-11-19
67,Jéssica Rodrigues Teixeira,202417288,3A,Administração,2024.2,21,5.64,100.0,4.18,28.8,5,0,0,BAIXO,20,Reforco escolar e acompanhamento pedagogico,2024-07-01
68,Isabela Costa Souza,202417383,4A,Eletrotécnica,2024.2,20,8.56,76.3,4.07,40.2,5,0,0,BAIXO,20,Manter acompanhamento preventivo,2025-12-29
69,Gabriel Pereira Oliveira,202417505,1A,Eletrotécnica,2024.2,25,8.21,70.8,4.25,28.4,5,1,0,BAIXO,20,Contato com responsavel e monitoramento de frequencia,2025-03-11
70,Thiago Oliveira Santos,202417594,3B,Contabilidade,2024.2,27,5.87,66.6,2.17,30.7,6,1,1,MEDIO,65,Reforco escolar e acompanhamento pedagogico | Contato com responsavel e monitoramento de frequencia,2025-09-29
71,Felipe Mendes Ferreira,202417730,2A,Agropecuária,2024.2,34,2.91,100.0,3.02,45.2,5,1,1,MEDIO,65,Reforco escolar e acompanhamento pedagogico,2025-01-27
72,Mateus Cardoso Ribeiro,202417869,3B,Logística,2024.2,25,8.13,90.0,2.98,34.8,8,1,0,BAIXO,20,Encaminhamento para apoio psicologico ou psicossocial,2024-03-23
73,Gabriela Pereira Cardoso,202417922,3A,Logística,2024.1,34,7.68,81.5,4.61,23.7,6,0,0,BAIXO,20,Manter acompanhamento preventivo,2024-02-02
74,Amanda Monteiro Teixeira,202418330,5A,Eletrotécnica,2024.1,20,6.23,61.0,2.46,33.1,1,0,1,MEDIO,65,Contato com responsavel e monitoramento de frequencia,2026-07-07
75,Isabela Nascimento Costa,202418363,3B,Enfermagem,2024.1,19,6.44,81.5,2.89,55.0,4,0,0,BAIXO,20,Manter acompanhamento preventivo,2024-03-14
76,Rafael Lima Barbosa,202418567,4B,Redes de Computadores,2024.1,26,3.72,74.7,1.77,51.0,3,1,1,ALTO,90,Reforco escolar e acompanhamento pedagogico | Contato com responsavel e monitoramento de frequencia | Orientacao para rotina de estudos,2026-08-02
77,Amanda Santos Silva,202418729,4B,Informática,2024.1,24,8.28,100.0,1.95,33.9,2,0,0,BAIXO,20,Orientacao para rotina de estudos,2025-07-09
78,Felipe Santos Costa,202418741,1B,Edificações,2024.1,19,7.2,98.7,3.22,43.7,5,1,0,BAIXO,20,Manter acompanhamento preventivo,2024-11-28
79,Gabriel Mendes Barbosa,202418784,2A,Agropecuária,2024.1,19,8.15,100.0,4.04,56.5,10,1,0,BAIXO,20,Encaminhamento para apoio psicologico ou psicossocial,2026-07-15
80,Diego Ferreira Batista,202418935,1A,Logística,2024.2,29,5.42,87.3,3.63,42.7,5,1,0,BAIXO,20,Reforco escolar e acompanhamento pedagogico,2024-11-14
81,Gustavo Barbosa Rodrigues,202418966,2A,Eletrotécnica,2024.2,20,7.28,78.5,2.39,9.9,7,1,0,BAIXO,20,Encaminhamento para apoio psicologico ou psicossocial,2024-12-02
82,Isabela Gomes Ferreira,202419076,2A,Enfermagem,2024.2,17,8.32,94.8,2.48,10.8,6,0,0,BAIXO,20,Manter acompanhamento preventivo,2026-03-11
83,Carla Oliveira Cardoso,202419423,3B,Informática,2024.1,24,6.62,77.3,1.88,47.0,3,0,0,BAIXO,20,Orientacao para rotina de estudos,2025-05-12
84,Beatriz Nascimento Santos,202419463,2B,Agropecuária,2024.1,17,6.52,93.6,2.48,68.0,4,0,0,BAIXO,20,Manter acompanhamento preventivo,2024-09-29
85,Leonardo Rodrigues Santos,202419500,4B,Redes de Computadores,2024.1,22,7.76,68.7,4.72,29.8,4,1,0,BAIXO,20,Contato com responsavel e monitoramento de frequencia,2025-07-24
86,Marina Barbosa Costa,202419728,2B,Agropecuária,2024.2,34,9.2,72.4,3.22,45.7,7,0,1,MEDIO,65,Contato com responsavel e monitoramento de frequencia | Encaminhamento para apoio psicologico ou psicossocial,2025-07-26
87,Isabela Mendes Batista,202419831,1B,Redes de Computadores,2024.1,20,6.29,84.3,2.36,58.9,7,0,1,MEDIO,65,Encaminhamento para apoio psicologico ou psicossocial,2026-01-29
88,Camila Ribeiro Teixeira,202419932,2B,Contabilidade,2024.1,33,5.03,74.9,2.7,72.0,6,0,1,MEDIO,65,Reforco escolar e acompanhamento pedagogico | Contato com responsavel e monitoramento de frequencia,2025-04-11
89,Amanda Almeida Ferreira,202420011,1B,Redes de Computadores,2024.1,28,4.47,90.5,4.34,50.9,10,0,1,MEDIO,65,Reforco escolar e acompanhamento pedagogico | Encaminhamento para apoio psicologico ou psicossocial,2026-10-10
90,André Araújo Ribeiro,202420071,4A,Informática,2024.1,23,10.0,68.1,1.74,25.2,6,1,0,BAIXO,20,Contato com responsavel e monitoramento de frequencia | Orientacao para rotina de estudos,2026-10-31
91,Lucas Lima Batista,202420135,3B,Edificações,2024.1,33,4.1,75.2,4.81,39.2,6,1,1,MEDIO,65,Reforco escolar e acompanhamento pedagogico,2026-06-27
92,Natália Silva Ferreira,202420171,3B,Informática,2024.2,25,4.77,59.3,3.09,41.3,10,0,1,ALTO,90,Reforco escolar e acompanhamento pedagogico | Contato com responsavel e monitoramento de frequencia | Encaminhamento para apoio psicologico ou psicossocial,2024-05-04
93,Vinicius Souza Araújo,202420181,2B,Agropecuária,2024.1,19,5.84,82.0,3.21,5.0,2,1,1,MEDIO,65,Reforco escolar e acompanhamento pedagogico,2026-11-09
94,Ana Rodrigues Silva,202420225,2B,Pedagogia,2024.2,27,5.9,100.0,1.66,75.9,6,0,0,BAIXO,20,Reforco escolar e acompanhamento pedagogico | Orientacao para rotina de estudos,2026-10-09
95,Carla Monteiro Pereira,202420274,2A,Logística,2024.2,16,5.64,81.9,2.35,14.4,5,0,1,MEDIO,65,Reforco escolar e acompanhamento pedagogico,2024-03-20
96,Daniel Oliveira Pereira,202420314,3A,Eletrotécnica,2024.1,26,9.22,90.7,1.94,29.1,4,1,0,BAIXO,20,Orientacao para rotina de estudos,2026-01-30
97,Thiago Ribeiro Lima,202420489,4A,Logística,2024.1,18,9.78,53.8,2.3,21.2,7,1,1,MEDIO,65,Contato com responsavel e monitoramento de frequencia | Encaminhamento para apoio psicologico ou psicossocial,2024-06-25
98,Marcos Lima Monteiro,202420747,1B,Informática,2024.1,16,7.61,83.2,3.94,33.8,6,1,0,BAIXO,20,Manter acompanhamento preventivo,2024-08-05
99,Vitória Ribeiro Lima,202420765,1A,Pedagogia,2024.1,29,4.42,68.9,3.81,47.1,7,0,1,ALTO,90,Reforco escolar e acompanhamento pedagogico | Contato com responsavel e monitoramento de frequencia | Encaminhamento para apoio psicologico ou psicossocial,2024-02-06
100,Eduarda Mendes Araújo,202420840,5B,Enfermagem,2024.2,20,9.47,80.2,2.78,66.4,4,0,0,BAIXO,20,Manter acompanhamento preventivo,2026-07-31
101,Lucas Costa Teixeira,202420880,5A,Logística,2024.1,29,8.26,56.0,2.71,16.1,4,1,0,BAIXO,20,Contato com responsavel e monitoramento de frequencia,2025-11-15
102,Marina Barbosa Barbosa,202420900,5A,Logística,2024.1,28,6.85,71.1,4.27,40.7,4,0,1,MEDIO,65,Contato com responsavel e monitoramento de frequencia,2025-11-23
103,Felipe Monteiro Souza,202420961,3A,Enfermagem,2024.2,17,8.68,86.1,2.99,25.4,4,1,0,BAIXO,20,Manter acompanhamento preventivo,2025-10-28
104,Marina Oliveira Oliveira,202420962,1A,Informática,2024.1,16,7.19,86.8,1.26,38.8,7,0,0,BAIXO,20,Encaminhamento para apoio psicologico ou psicossocial | Orientacao para rotina de estudos,2024-12-03
105,Lucas Oliveira Silva,202421141,5B,Eletrotécnica,2024.1,16,7.02,100.0,3.37,5.0,8,1,0,BAIXO,20,Encaminhamento para apoio psicologico ou psicossocial,2026-06-20
106,Carlos Silva Ferreira,202421164,2A,Pedagogia,2024.1,28,4.96,98.1,1.98,47.2,7,1,1,MEDIO,65,Reforco escolar e acompanhamento pedagogico | Encaminhamento para apoio psicologico ou psicossocial | Orientacao para rotina de estudos,2026-01-16
107,Marina Oliveira Araújo,202421242,4B,Pedagogia,2024.2,19,7.77,62.3,2.38,49.1,6,0,0,BAIXO,20,Contato com responsavel e monitoramento de frequencia,2025-02-26
108,Larissa Nascimento Costa,202421368,2A,Redes de Computadores,2024.2,27,6.73,85.8,4.14,14.9,7,0,0,BAIXO,20,Encaminhamento para apoio psicologico ou psicossocial,2025-10-22
109,Larissa Gomes Nascimento,202421396,3B,Contabilidade,2024.1,21,9.2,79.8,2.11,39.5,5,0,0,BAIXO,20,Manter acompanhamento preventivo,2026-03-18
110,Patrícia Rodrigues Mendes,202421594,4A,Enfermagem,2024.1,28,7.94,90.5,4.79,5.0,7,0,0,BAIXO,20,Encaminhamento para apoio psicologico ou psicossocial,2024-10-27
111,Gabriel Mendes Souza,202421737,2B,Redes de Computadores,2024.2,19,6.68,71.6,1.55,41.8,3,1,1,MEDIO,65,Contato com responsavel e monitoramento de frequencia | Orientacao para rotina de estudos,2026-10-12
112,Eduarda Ferreira Santos,202421804,2A,Agropecuária,2024.1,28,5.18,91.8,3.08,5.0,6,0,0,BAIXO,20,Reforco escolar e acompanhamento pedagogico,2026-07-20
113,Carla Barbosa Araújo,202421855,3A,Eletrotécnica,2024.2,34,4.48,95.3,5.16,68.1,8,0,1,MEDIO,65,Reforco escolar e acompanhamento pedagogico | Encaminhamento para apoio psicologico ou psicossocial,2025-01-07
114,Aline Rodrigues Souza,202422004,2A,Administração,2024.1,22,5.3,92.3,2.02,29.7,8,0,1,MEDIO,65,Reforco escolar e acompanhamento pedagogico | Encaminhamento para apoio psicologico ou psicossocial,2026-06-05
115,Carla Lima Pereira,202422039,3B,Contabilidade,2024.2,34,5.92,58.7,4.89,32.7,3,0,1,MEDIO,65,Reforco escolar e acompanhamento pedagogico | Contato com responsavel e monitoramento de frequencia,2026-06-14
116,João Santos Nascimento,202422251,5A,Logística,2024.1,23,7.11,91.4,3.21,26.4,4,1,0,BAIXO,20,Manter acompanhamento preventivo,2025-10-29
117,Carlos Ribeiro Gomes,202422253,3B,Pedagogia,2024.2,31,5.12,100.0,4.1,55.1,8,1,1,MEDIO,65,Reforco escolar e acompanhamento pedagogico | Encaminhamento para apoio psicologico ou psicossocial,2025-04-19
118,Aline Mendes Ribeiro,202422333,5A,Eletrotécnica,2024.2,26,4.9,100.0,4.77,28.4,9,0,1,MEDIO,65,Reforco escolar e acompanhamento pedagogico | Encaminhamento para apoio psicologico ou psicossocial,2024-11-06
119,Patrícia Costa Lima,202422339,3A,Edificações,2024.1,29,6.4,55.6,1.3,52.3,10,0,1,ALTO,90,Contato com responsavel e monitoramento de frequencia | Encaminhamento para apoio psicologico ou psicossocial | Orientacao para rotina de estudos,2025-08-17
120,Beatriz Monteiro Pereira,202422373,2A,Redes de Computadores,2024.1,32,7.07,93.1,1.98,40.1,5,0,0,BAIXO,20,Orientacao para rotina de estudos,2024-02-07
121,Juliana Pereira Ribeiro,202422502,2A,Edificações,2024.1,25,5.16,72.6,1.43,70.4,7,0,1,ALTO,90,Reforco escolar e acompanhamento pedagogico | Contato com responsavel e monitoramento de frequencia | Encaminhamento para apoio psicologico ou psicossocial | Orientacao para rotina de estudos,2025-05-26
122,Vitória Ribeiro Barbosa,202422509,5A,Edificações,2024.1,27,3.81,84.4,3.33,65.6,8,0,1,ALTO,90,Reforco escolar e acompanhamento pedagogico | Encaminhamento para apoio psicologico ou psicossocial,2025-07-09
123,Patrícia Ferreira Souza,202422568,1A,Redes de Computadores,2024.2,30,7.19,100.0,2.45,11.8,7,0,0,BAIXO,20,Encaminhamento para apoio psicologico ou psicossocial,2024-01-22
124,Pedro Monteiro Barbosa,202422736,5B,Redes de Computadores,2024.1,20,6.07,84.7,1.88,19.7,5,1,0,BAIXO,20,Orientacao para rotina de estudos,2024-07-04
125,Amanda Monteiro Santos,202422972,4A,Agropecuária,2024.2,21,7.43,69.4,4.11,45.8,5,0,0,BAIXO,20,Contato com responsavel e monitoramento de frequencia,2024-05-18
126,Gustavo Monteiro Ribeiro,202423071,1B,Contabilidade,2024.2,16,9.04,72.0,4.1,70.6,8,1,1,MEDIO,65,Contato com responsavel e monitoramento de frequencia | Encaminhamento para apoio psicologico ou psicossocial,2024-07-24
127,Pedro Almeida Monteiro,202423385,1B,Enfermagem,2024.2,26,8.89,77.1,0.28,39.3,3,1,0,BAIXO,20,Orientacao para rotina de estudos,2026-03-07
128,Larissa Ferreira Silva,202423405,1A,Pedagogia,2024.2,17,5.63,83.7,5.54,28.9,3,0,1,MEDIO,65,Reforco escolar e acompanhamento pedagogico,2025-07-05
129,Marcos Batista Batista,202423458,2A,Agropecuária,2024.2,16,7.57,67.5,2.31,14.6,5,1,0,BAIXO,20,Contato com responsavel e monitoramento de frequencia,2026-07-23
130,Beatriz Costa Batista,202423474,2A,Edificações,2024.2,27,7.59,84.6,1.6,50.6,4,0,0,BAIXO,20,Orientacao para rotina de estudos,2025-06-08
131,Marina Pereira Monteiro,202423494,5B,Pedagogia,2024.1,26,7.87,77.2,4.31,20.0,3,0,0,BAIXO,20,Manter acompanhamento preventivo,2025-06-01
132,Mateus Rodrigues Ribeiro,202423623,1A,Contabilidade,2024.1,29,8.58,83.6,2.97,61.1,6,1,0,BAIXO,20,Manter acompanhamento preventivo,2024-08-15
133,Samuel Barbosa Batista,202423735,1B,Contabilidade,2024.2,21,10.0,61.8,3.85,5.0,5,1,0,BAIXO,20,Contato com responsavel e monitoramento de frequencia,2024-11-22
134,Lucas Monteiro Mendes,202423799,5A,Logística,2024.1,16,7.71,74.4,2.78,63.3,10,1,1,MEDIO,65,Contato com responsavel e monitoramento de frequencia | Encaminhamento para apoio psicologico ou psicossocial,2024-05-01
135,Gabriel Mendes Mendes,202423849,1A,Contabilidade,2024.2,34,5.19,100.0,1.68,44.3,5,1,0,BAIXO,20,Reforco escolar e acompanhamento pedagogico | Orientacao para rotina de estudos,2024-05-20
136,Aline Araújo Barbosa,202423879,2B,Informática,2024.2,24,10.0,93.0,2.43,53.6,5,0,0,BAIXO,20,Manter acompanhamento preventivo,2025-12-25
137,Carla Souza Santos,202423932,4A,Redes de Computadores,2024.2,24,5.54,88.6,2.39,5.0,7,0,1,MEDIO,65,Reforco escolar e acompanhamento pedagogico | Encaminhamento para apoio psicologico ou psicossocial,2025-01-19
138,Thiago Costa Araújo,202423934,3B,Redes de Computadores,2024.1,16,5.44,77.4,3.8,41.9,10,1,1,ALTO,90,Reforco escolar e acompanhamento pedagogico | Encaminhamento para apoio psicologico ou psicossocial,2025-03-17
139,João Batista Batista,202423994,2A,Logística,2024.2,30,8.02,86.0,0.48,20.7,5,1,0,BAIXO,20,Orientacao para rotina de estudos,2025-01-13
140,Vinicius Nascimento Teixeira,202424000,2B,Eletrotécnica,2024.2,23,3.66,75.4,0.03,51.5,1,1,1,ALTO,90,Reforco escolar e acompanhamento pedagogico | Orientacao para rotina de estudos,2026-06-19
141,Henrique Batista Rodrigues,202424029,3A,Enfermagem,2024.1,19,6.26,71.4,1.55,23.3,5,1,1,MEDIO,65,Contato com responsavel e monitoramento de frequencia | Orientacao para rotina de estudos,2025-07-11
142,Carla Santos Cardoso,202424192,1A,Informática,2024.1,27,5.97,70.8,4.44,19.1,4,0,1,MEDIO,65,Reforco escolar e acompanhamento pedagogico | Contato com responsavel e monitoramento de frequencia,2025-08-20
143,Mateus Pereira Barbosa,202424382,4A,Pedagogia,2024.2,28,4.8,88.0,0.42,27.9,5,1,1,MEDIO,65,Reforco escolar e acompanhamento pedagogico | Orientacao para rotina de estudos,2024-02-13
144,Daniel Mendes Costa,202424492,3A,Edificações,2024.1,20,10.0,83.9,0.0,32.9,5,1,0,BAIXO,20,Orientacao para rotina de estudos,2026-01-23
145,Samuel Mendes Araújo,202424505,3B,Informática,2024.2,29,7.56,57.5,2.05,33.4,6,1,0,BAIXO,20,Contato com responsavel e monitoramento de frequencia,2024-09-30
146,Paulo Almeida Costa,202424507,4A,Redes de Computadores,2024.1,19,7.19,60.9,3.92,40.1,6,1,0,BAIXO,20,Contato com responsavel e monitoramento de frequencia,2025-09-22
147,Isabela Gomes Oliveira,202424605,4B,Redes de Computadores,2024.1,25,4.14,54.3,3.82,63.8,5,0,1,MEDIO,65,Reforco escolar e acompanhamento pedagogico | Contato com responsavel e monitoramento de frequencia,2025-01-31
148,Rafael Silva Monteiro,202424736,4B,Logística,2024.1,24,5.35,86.1,3.21,34.9,7,1,1,MEDIO,65,Reforco escolar e acompanhamento pedagogico | Encaminhamento para apoio psicologico ou psicossocial,2025-02-01
149,Gustavo Mendes Almeida,202424828,5B,Eletrotécnica,2024.2,24,3.81,89.1,1.17,63.3,4,1,1,MEDIO,65,Reforco escolar e acompanhamento pedagogico | Orientacao para rotina de estudos,2025-07-24
150,Thiago Ribeiro Oliveira,202424841,1B,Redes de Computadores,2024.2,27,4.16,80.7,1.13,38.1,7,1,1,MEDIO,65,Reforco escolar e acompanhamento pedagogico | Encaminhamento para apoio psicologico ou psicossocial | Orientacao para rotina de estudos,2025-06-24
151,Samuel Teixeira Batista,202424920,3B,Pedagogia,2024.1,32,5.83,73.4,3.49,31.6,5,1,1,MEDIO,65,Reforco escolar e acompanhamento pedagogico | Contato com responsavel e monitoramento de frequencia,2025-11-30
152,Carla Santos Gomes,202425176,1A,Administração,2024.1,17,8.57,80.9,3.74,18.7,2,0,0,BAIXO,20,Manter acompanhamento preventivo,2026-06-28
153,Lucas Barbosa Ribeiro,202425294,3A,Agropecuária,2024.1,22,10.0,80.5,2.05,14.3,5,1,0,BAIXO,20,Manter acompanhamento preventivo,2024-09-29
154,Beatriz Silva Mendes,202425533,5A,Informática,2024.1,19,8.22,90.5,4.92,28.2,9,0,0,BAIXO,20,Encaminhamento para apoio psicologico ou psicossocial,2024-03-20
155,Ana Almeida Barbosa,202425627,1B,Administração,2024.1,20,9.5,100.0,3.83,63.6,6,0,0,BAIXO,20,Manter acompanhamento preventivo,2026-11-17
156,Thiago Mendes Rodrigues,202425679,3A,Informática,2024.1,34,5.13,74.2,3.2,33.4,5,1,1,MEDIO,65,Reforco escolar e acompanhamento pedagogico | Contato com responsavel e monitoramento de frequencia,2026-06-26
157,Thiago Batista Almeida,202425917,5A,Administração,2024.1,17,4.76,88.8,1.86,55.4,5,1,0,BAIXO,20,Reforco escolar e acompanhamento pedagogico | Orientacao para rotina de estudos,2025-04-16
158,Bruno Cardoso Oliveira,202425923,3B,Edificações,2024.2,21,7.39,69.3,5.16,35.0,6,1,0,BAIXO,20,Contato com responsavel e monitoramento de frequencia,2026-10-14
159,Carla Teixeira Rodrigues,202425976,1B,Edificações,2024.1,17,7.97,73.5,5.17,23.0,6,0,0,BAIXO,20,Contato com responsavel e monitoramento de frequencia,2024-05-19
160,Rafaela Almeida Souza,202425985,4A,Logística,2024.1,22,6.1,86.8,4.98,53.4,6,0,0,BAIXO,20,Manter acompanhamento preventivo,2026-02-27
161,Natália Lima Ribeiro,202426004,3A,Enfermagem,2024.1,24,6.08,98.8,1.21,57.4,7,0,0,BAIXO,20,Encaminhamento para apoio psicologico ou psicossocial | Orientacao para rotina de estudos,2026-08-26
162,Eduarda Santos Gomes,202426044,3A,Informática,2024.1,18,8.39,60.6,0.71,41.3,4,0,1,MEDIO,65,Contato com responsavel e monitoramento de frequencia | Orientacao para rotina de estudos,2025-06-01
163,Bruno Batista Ribeiro,202426077,4A,Edificações,2024.1,25,6.69,92.3,3.48,10.9,3,1,0,BAIXO,20,Manter acompanhamento preventivo,2024-02-22
164,Carla Nascimento Gomes,202426143,5A,Contabilidade,2024.2,16,5.88,100.0,3.26,43.4,7,0,1,MEDIO,65,Reforco escolar e acompanhamento pedagogico | Encaminhamento para apoio psicologico ou psicossocial,2024-03-17
165,Diego Teixeira Santos,202426172,4B,Contabilidade,2024.1,19,6.3,69.3,2.59,63.1,5,1,1,MEDIO,65,Contato com responsavel e monitoramento de frequencia,2026-02-04
166,Diego Batista Ribeiro,202426299,5A,Agropecuária,2024.1,26,6.36,79.8,2.49,26.7,6,1,0,BAIXO,20,Manter acompanhamento preventivo,2024-09-04
167,Jéssica Costa Mendes,202426346,1A,Logística,2024.1,33,5.56,81.4,3.58,27.4,2,0,1,MEDIO,65,Reforco escolar e acompanhamento pedagogico,2026-01-14
168,João Rodrigues Silva,202426395,3A,Eletrotécnica,2024.1,27,7.28,56.7,0.0,53.2,5,1,1,MEDIO,65,Contato com responsavel e monitoramento de frequencia | Orientacao para rotina de estudos,2024-08-17
169,Maria Cardoso Oliveira,202426451,4A,Administração,2024.1,26,5.11,57.4,0.05,11.5,8,0,1,ALTO,90,Reforco escolar e acompanhamento pedagogico | Contato com responsavel e monitoramento de frequencia | Encaminhamento para apoio psicologico ou psicossocial | Orientacao para rotina de estudos,2024-07-15
170,Mateus Mendes Barbosa,202426581,5B,Informática,2024.2,28,4.29,90.6,3.6,39.3,5,1,0,BAIXO,20,Reforco escolar e acompanhamento pedagogico,2024-06-27
171,Isabela Nascimento Souza,202426669,3A,Administração,2024.1,27,8.35,81.3,3.83,40.3,5,0,0,BAIXO,20,Manter acompanhamento preventivo,2024-01-07
172,Gabriela Ribeiro Rodrigues,202426706,1A,Agropecuária,2024.2,31,5.61,73.7,4.12,47.5,7,0,1,ALTO,90,Reforco escolar e acompanhamento pedagogico | Contato com responsavel e monitoramento de frequencia | Encaminhamento para apoio psicologico ou psicossocial,2026-06-29
173,Aline Pereira Rodrigues,202426854,3A,Informática,2024.2,31,6.73,98.6,0.79,40.3,4,0,0,BAIXO,20,Orientacao para rotina de estudos,2025-04-02
174,Felipe Oliveira Almeida,202427284,4B,Eletrotécnica,2024.2,21,8.32,97.7,2.08,50.3,8,1,0,BAIXO,20,Encaminhamento para apoio psicologico ou psicossocial,2025-07-28
175,Vitória Ribeiro Mendes,202427480,4A,Edificações,2024.1,23,6.02,79.7,1.6,7.9,4,0,0,BAIXO,20,Orientacao para rotina de estudos,2026-04-19
176,Juliana Pereira Silva,202427494,3B,Contabilidade,2024.2,27,6.55,88.7,3.7,13.0,5,0,0,BAIXO,20,Manter acompanhamento preventivo,2025-10-20
177,Amanda Teixeira Oliveira,202427495,2A,Redes de Computadores,2024.1,16,7.07,78.7,4.87,11.3,4,0,0,BAIXO,20,Manter acompanhamento preventivo,2026-01-21
178,Maria Monteiro Cardoso,202427534,2B,Eletrotécnica,2024.2,19,8.54,91.5,0.72,48.1,6,0,0,BAIXO,20,Orientacao para rotina de estudos,2025-04-10
179,Carlos Nascimento Batista,202427619,2A,Logística,2024.1,23,6.87,76.4,0.0,12.0,7,1,1,MEDIO,65,Encaminhamento para apoio psicologico ou psicossocial | Orientacao para rotina de estudos,2024-09-30
180,Carlos Rodrigues Nascimento,202427826,2B,Contabilidade,2024.2,29,3.08,95.0,2.62,30.0,2,1,1,MEDIO,65,Reforco escolar e acompanhamento pedagogico,2026-06-08
181,Patrícia Batista Pereira,202427863,1B,Informática,2024.1,34,5.63,77.3,0.1,54.0,9,0,1,ALTO,90,Reforco escolar e acompanhamento pedagogico | Encaminhamento para apoio psicologico ou psicossocial | Orientacao para rotina de estudos,2025-03-10
182,Gustavo Pereira Batista,202427961,1A,Informática,2024.1,32,8.77,57.6,2.29,17.8,3,1,0,BAIXO,20,Contato com responsavel e monitoramento de frequencia,2026-11-29
183,Larissa Ribeiro Barbosa,202428275,4A,Eletrotécnica,2024.1,20,5.38,71.6,5.77,55.6,1,0,1,MEDIO,65,Reforco escolar e acompanhamento pedagogico | Contato com responsavel e monitoramento de frequencia,2026-02-20
184,Leonardo Araújo Teixeira,202428367,2B,Pedagogia,2024.1,23,9.72,74.2,3.6,67.3,5,1,0,BAIXO,20,Contato com responsavel e monitoramento de frequencia,2025-04-24
185,Camila Oliveira Nascimento,202428542,2A,Eletrotécnica,2024.1,23,6.37,68.8,0.15,35.1,6,0,1,MEDIO,65,Contato com responsavel e monitoramento de frequencia | Orientacao para rotina de estudos,2026-12-02
186,Henrique Lima Rodrigues,202428630,1A,Redes de Computadores,2024.2,25,8.64,95.2,3.48,57.3,4,1,0,BAIXO,20,Manter acompanhamento preventivo,2024-04-09
187,Isabela Oliveira Lima,202428764,5B,Logística,2024.2,28,8.04,79.1,2.84,66.9,5,0,0,BAIXO,20,Manter acompanhamento preventivo,2024-09-18
188,Carla Nascimento Costa,202428927,3B,Pedagogia,2024.2,30,8.43,98.3,2.72,34.0,6,0,0,BAIXO,20,Manter acompanhamento preventivo,2024-12-23
189,Felipe Araújo Barbosa,202428939,3B,Agropecuária,2024.1,30,6.58,35.4,3.15,32.6,3,1,1,MEDIO,65,Contato com responsavel e monitoramento de frequencia,2025-01-09
190,Luana Lima Lima,202428953,2A,Contabilidade,2024.2,26,7.47,98.8,0.88,25.2,5,0,0,BAIXO,20,Orientacao para rotina de estudos,2024-04-15
191,Henrique Pereira Costa,202428966,4A,Agropecuária,2024.1,25,6.4,85.4,0.88,66.7,5,1,0,BAIXO,20,Orientacao para rotina de estudos,2025-09-09
192,Larissa Nascimento Pereira,202429192,4B,Informática,2024.1,17,7.68,94.4,3.1,30.5,5,0,0,BAIXO,20,Manter acompanhamento preventivo,2024-04-08
193,Beatriz Teixeira Almeida,202429617,2A,Administração,2024.1,31,7.37,68.1,1.45,42.3,7,0,1,MEDIO,65,Contato com responsavel e monitoramento de frequencia | Encaminhamento para apoio psicologico ou psicossocial | Orientacao para rotina de estudos,2024-05-30
194,Marcos Mendes Teixeira,202429762,4A,Logística,2024.1,32,6.7,81.9,2.34,40.8,7,1,1,MEDIO,65,Encaminhamento para apoio psicologico ou psicossocial,2025-02-14
195,Felipe Gomes Barbosa,202429956,4A,Enfermagem,2024.2,32,6.44,94.3,3.91,37.6,2,1,0,BAIXO,20,Manter acompanhamento preventivo,2025-07-30
196,Vinicius Nascimento Araújo,202430257,3A,Pedagogia,2024.1,26,8.66,58.8,3.31,42.1,1,1,0,BAIXO,20,Contato com responsavel e monitoramento de frequencia,2026-08-09
197,Maria Monteiro Barbosa,202430280,4B,Enfermagem,2024.2,26,6.48,86.3,1.88,33.8,4,0,0,BAIXO,20,Orientacao para rotina de estudos,2024-01-09
198,Isabela Ribeiro Barbosa,202430398,4B,Administração,2024.1,29,3.98,78.9,2.53,47.7,6,0,1,MEDIO,65,Reforco escolar e acompanhamento pedagogico,2025-04-08
199,Aline Teixeira Almeida,202430439,1A,Informática,2024.1,20,8.99,64.6,4.7,35.4,6,0,0,BAIXO,20,Contato com responsavel e monitoramento de frequencia,2026-02-01
200,Luana Gomes Gomes,202430526,4A,Logística,2024.1,31,6.21,78.2,2.82,49.8,5,0,0,BAIXO,20,Manter acompanhamento preventivo,2025-05-26
201,Aline Souza Nascimento,202430571,4B,Eletrotécnica,2024.1,32,5.24,84.6,1.7,41.7,7,0,1,MEDIO,65,Reforco escolar e acompanhamento pedagogico | Encaminhamento para apoio psicologico ou psicossocial | Orientacao para rotina de estudos,2025-04-16
202,João Batista Gomes,202430643,3A,Administração,2024.2,30,8.46,89.3,1.25,32.0,4,1,0,BAIXO,20,Orientacao para rotina de estudos,2024-08-22
203,Thiago Araújo Souza,202430669,1B,Edificações,2024.2,20,7.83,70.7,4.05,26.6,6,1,0,BAIXO,20,Contato com responsavel e monitoramento de frequencia,2024-07-06
204,Vitória Lima Lima,202430731,1A,Contabilidade,2024.2,30,6.57,66.5,4.39,7.7,2,0,1,MEDIO,65,Contato com responsavel e monitoramento de frequencia,2024-02-15
205,André Gomes Araújo,202430768,1A,Contabilidade,2024.1,21,4.89,100.0,3.64,55.4,5,1,0,BAIXO,20,Reforco escolar e acompanhamento pedagogico,2024-12-05
206,Luana Pereira Lima,202430769,4B,Logística,2024.1,24,3.27,100.0,3.1,25.6,6,0,1,MEDIO,65,Reforco escolar e acompanhamento pedagogico,2025-02-16
207,Vinicius Nascimento Rodrigues,202430803,2A,Pedagogia,2024.1,26,6.9,85.4,0.42,5.5,6,1,0,BAIXO,20,Orientacao para rotina de estudos,2025-01-08
208,Gustavo Mendes Nascimento,202431071,2A,Informática,2024.1,29,8.32,73.4,0.42,5.0,4,1,1,MEDIO,65,Contato com responsavel e monitoramento de frequencia | Orientacao para rotina de estudos,2026-05-30
209,Bruno Teixeira Pereira,202431499,5B,Eletrotécnica,2024.1,34,5.59,94.6,1.64,71.2,10,1,1,MEDIO,65,Reforco escolar e acompanhamento pedagogico | Encaminhamento para apoio psicologico ou psicossocial | Orientacao para rotina de estudos,2026-12-09
210,Marcos Mendes Costa,202431527,3B,Agropecuária,2024.2,30,6.73,84.0,2.08,21.3,2,1,0,BAIXO,20,Manter acompanhamento preventivo,2024-01-21
211,Samuel Souza Ribeiro,202431724,4A,Logística,2024.1,26,8.02,93.2,2.39,49.1,8,1,0,BAIXO,20,Encaminhamento para apoio psicologico ou psicossocial,2025-04-07
212,Pedro Pereira Almeida,202431749,1A,Eletrotécnica,2024.1,26,9.09,79.9,2.68,70.0,7,1,0,BAIXO,20,Encaminhamento para apoio psicologico ou psicossocial,2025-05-26
213,Juliana Mendes Mendes,202431804,3A,Redes de Computadores,2024.1,33,10.0,100.0,2.53,5.9,1,0,0,BAIXO,20,Manter acompanhamento preventivo,2026-06-26
214,Vitória Gomes Gomes,202431996,5A,Logística,2024.1,19,5.3,96.5,2.8,44.1,4,0,0,BAIXO,20,Reforco escolar e acompanhamento pedagogico,2024-05-28
215,Marcos Barbosa Nascimento,202432009,1A,Informática,2024.1,34,10.0,80.6,2.38,25.5,5,1,0,BAIXO,20,Manter acompanhamento preventivo,2024-12-26
216,Bruno Barbosa Rodrigues,202432329,3A,Logística,2024.1,29,9.1,77.1,3.73,31.0,6,1,0,BAIXO,20,Manter acompanhamento preventivo,2024-09-10
217,Camila Costa Teixeira,202432514,3A,Logística,2024.1,19,7.57,100.0,2.5,5.0,2,0,0,BAIXO,20,Manter acompanhamento preventivo,2025-11-24
218,João Mendes Barbosa,202432741,5A,Logística,2024.1,17,5.64,72.9,2.99,28.1,8,1,1,ALTO,90,Reforco escolar e acompanhamento pedagogico | Contato com responsavel e monitoramento de frequencia | Encaminhamento para apoio psicologico ou psicossocial,2025-06-20
219,Fernanda Silva Almeida,202432746,5B,Redes de Computadores,2024.2,23,5.62,90.3,2.8,48.5,6,0,0,BAIXO,20,Reforco escolar e acompanhamento pedagogico,2025-07-26
220,Maria Gomes Nascimento,202432936,2A,Pedagogia,2024.2,20,9.1,72.0,3.26,33.9,3,0,0,BAIXO,20,Contato com responsavel e monitoramento de frequencia,2025-08-04
221,Samuel Barbosa Oliveira,202432944,2B,Enfermagem,2024.2,25,9.0,100.0,1.6,40.0,7,1,0,BAIXO,20,Encaminhamento para apoio psicologico ou psicossocial | Orientacao para rotina de estudos,2024-07-04
222,Jéssica Ribeiro Costa,202433230,5B,Informática,2024.1,21,7.93,80.0,4.43,47.6,1,0,0,BAIXO,20,Manter acompanhamento preventivo,2024-09-11
223,Henrique Costa Silva,202433464,2B,Agropecuária,2024.1,20,3.85,93.4,0.87,30.1,5,1,1,MEDIO,65,Reforco escolar e acompanhamento pedagogico | Orientacao para rotina de estudos,2026-03-13
224,Juliana Oliveira Lima,202433506,1A,Contabilidade,2024.1,22,4.93,77.5,0.0,40.5,8,0,1,ALTO,90,Reforco escolar e acompanhamento pedagogico | Encaminhamento para apoio psicologico ou psicossocial | Orientacao para rotina de estudos,2024-04-01
225,Vinicius Lima Silva,202433655,2B,Agropecuária,2024.1,21,9.2,77.0,4.91,45.8,5,1,0,BAIXO,20,Manter acompanhamento preventivo,2026-10-13
226,Felipe Lima Oliveira,202433706,3B,Eletrotécnica,2024.2,24,7.28,97.5,2.38,20.1,5,1,0,BAIXO,20,Manter acompanhamento preventivo,2025-10-11
227,Beatriz Mendes Batista,202433744,3B,Contabilidade,2024.2,28,8.93,75.5,1.03,29.3,5,0,0,BAIXO,20,Orientacao para rotina de estudos,2025-04-10
228,Diego Barbosa Barbosa,202433863,1B,Pedagogia,2024.1,29,5.99,80.9,2.34,12.7,4,1,1,MEDIO,65,Reforco escolar e acompanhamento pedagogico,2024-01-31
229,Gabriel Gomes Costa,202434060,2A,Pedagogia,2024.2,21,5.64,83.1,3.06,49.1,6,1,1,MEDIO,65,Reforco escolar e acompanhamento pedagogico,2024-01-18
230,Jéssica Batista Mendes,202434063,4B,Enfermagem,2024.1,18,6.99,70.2,2.18,26.7,3,0,1,MEDIO,65,Contato com responsavel e monitoramento de frequencia,2024-09-07
231,Fernanda Ribeiro Pereira,202434091,1A,Informática,2024.1,17,7.52,80.5,1.81,49.7,7,0,0,BAIXO,20,Encaminhamento para apoio psicologico ou psicossocial | Orientacao para rotina de estudos,2026-05-31
232,Daniel Mendes Monteiro,202434092,2B,Eletrotécnica,2024.2,24,6.7,70.4,2.55,39.5,6,1,1,MEDIO,65,Contato com responsavel e monitoramento de frequencia,2026-02-14
233,Larissa Silva Araújo,202434403,3A,Agropecuária,2024.2,17,8.81,71.0,3.56,40.1,4,0,0,BAIXO,20,Contato com responsavel e monitoramento de frequencia,2026-03-06
234,Amanda Oliveira Monteiro,202434558,4A,Edificações,2024.2,34,6.52,88.8,3.89,19.5,9,0,1,MEDIO,65,Encaminhamento para apoio psicologico ou psicossocial,2025-06-18
235,Mateus Santos Oliveira,202434678,5B,Contabilidade,2024.1,17,5.44,81.9,2.48,30.9,3,1,1,MEDIO,65,Reforco escolar e acompanhamento pedagogico,2026-06-27
236,Vinicius Silva Araújo,202434696,2B,Edificações,2024.1,23,5.95,63.3,0.09,17.6,7,1,1,ALTO,90,Reforco escolar e acompanhamento pedagogico | Contato com responsavel e monitoramento de frequencia | Encaminhamento para apoio psicologico ou psicossocial | Orientacao para rotina de estudos,2026-01-30
237,André Rodrigues Silva,202434760,1B,Edificações,2024.1,17,8.09,93.8,3.6,29.0,7,1,0,BAIXO,20,Encaminhamento para apoio psicologico ou psicossocial,2024-10-04
238,Isabela Silva Batista,202434851,4B,Administração,2024.1,18,9.75,64.9,2.24,11.4,4,0,0,BAIXO,20,Contato com responsavel e monitoramento de frequencia,2025-05-23
239,Juliana Cardoso Oliveira,202434943,5A,Informática,2024.2,25,7.07,81.4,2.19,24.2,5,0,0,BAIXO,20,Manter acompanhamento preventivo,2024-01-16
240,Beatriz Batista Pereira,202434959,1B,Pedagogia,2024.2,21,7.06,86.6,3.01,32.6,7,0,0,BAIXO,20,Encaminhamento para apoio psicologico ou psicossocial,2024-09-15
241,Luana Ferreira Pereira,202435099,1B,Administração,2024.1,27,8.3,74.2,3.36,27.1,7,0,1,MEDIO,65,Contato com responsavel e monitoramento de frequencia | Encaminhamento para apoio psicologico ou psicossocial,2026-12-24
242,Gabriel Batista Barbosa,202435153,5A,Informática,2024.2,29,6.37,77.0,4.45,26.7,6,1,0,BAIXO,20,Manter acompanhamento preventivo,2026-12-21
243,Carla Oliveira Barbosa,202435156,2A,Pedagogia,2024.2,19,5.01,80.0,1.11,48.8,9,0,1,ALTO,90,Reforco escolar e acompanhamento pedagogico | Encaminhamento para apoio psicologico ou psicossocial | Orientacao para rotina de estudos,2025-07-01
244,Daniel Rodrigues Batista,202435162,5B,Contabilidade,2024.2,24,8.48,73.3,2.26,45.7,6,1,0,BAIXO,20,Contato com responsavel e monitoramento de frequencia,2025-07-16
245,Gabriela Costa Costa,202435311,2A,Eletrotécnica,2024.2,30,6.79,84.4,0.16,31.3,4,0,1,MEDIO,65,Orientacao para rotina de estudos,2026-10-16
246,Isabela Costa Costa,202435391,3A,Agropecuária,2024.1,30,5.8,62.8,3.25,36.9,7,0,1,ALTO,90,Reforco escolar e acompanhamento pedagogico | Contato com responsavel e monitoramento de frequencia | Encaminhamento para apoio psicologico ou psicossocial,2026-08-29
247,Patrícia Rodrigues Souza,202435408,3B,Agropecuária,2024.1,22,7.9,97.3,5.35,37.6,4,0,0,BAIXO,20,Manter acompanhamento preventivo,2024-06-01
248,Juliana Lima Silva,202435539,2B,Enfermagem,2024.1,27,8.7,64.2,2.13,22.5,8,0,1,MEDIO,65,Contato com responsavel e monitoramento de frequencia | Encaminhamento para apoio psicologico ou psicossocial,2025-03-20
249,Beatriz Ferreira Souza,202435554,2A,Eletrotécnica,2024.2,23,6.41,92.7,2.58,41.7,7,0,0,BAIXO,20,Encaminhamento para apoio psicologico ou psicossocial,2024-06-02
250,Eduarda Araújo Costa,202435794,5A,Enfermagem,2024.2,21,7.18,100.0,4.29,50.5,3,0,0,BAIXO,20,Manter acompanhamento preventivo,2025-02-07
251,Larissa Souza Almeida,202435938,4A,Informática,2024.1,34,8.11,69.2,2.77,33.5,5,0,0,BAIXO,20,Contato com responsavel e monitoramento de frequencia,2024-01-30
252,Fernanda Santos Gomes,202435952,3A,Administração,2024.1,24,4.64,88.8,3.04,40.8,7,0,1,MEDIO,65,Reforco escolar e acompanhamento pedagogico | Encaminhamento para apoio psicologico ou psicossocial,2026-11-22
253,Henrique Monteiro Ribeiro,202436144,2B,Logística,2024.1,17,7.36,76.5,2.84,61.0,6,1,0,BAIXO,20,Manter acompanhamento preventivo,2025-10-08
254,Larissa Silva Pereira,202436350,2A,Edificações,2024.2,30,5.76,62.9,1.7,73.1,7,0,1,ALTO,90,Reforco escolar e acompanhamento pedagogico | Contato com responsavel e monitoramento de frequencia | Encaminhamento para apoio psicologico ou psicossocial | Orientacao para rotina de estudos,2024-01-20
255,Samuel Lima Cardoso,202436380,5A,Pedagogia,2024.1,28,6.37,83.5,4.58,54.9,8,1,1,MEDIO,65,Encaminhamento para apoio psicologico ou psicossocial,2026-04-02
256,Aline Cardoso Nascimento,202436417,2B,Redes de Computadores,2024.2,31,6.73,78.5,3.52,39.5,4,0,0,BAIXO,20,Manter acompanhamento preventivo,2026-10-04
257,Paulo Santos Santos,202436475,5B,Logística,2024.2,34,7.59,81.6,0.18,77.5,8,1,1,MEDIO,65,Encaminhamento para apoio psicologico ou psicossocial | Orientacao para rotina de estudos,2026-06-28
258,Paulo Souza Ribeiro,202436706,4B,Redes de Computadores,2024.2,30,7.2,85.7,0.8,61.2,6,1,0,BAIXO,20,Orientacao para rotina de estudos,2026-04-28
259,João Almeida Rodrigues,202436792,1B,Contabilidade,2024.2,28,8.82,100.0,0.32,15.9,4,1,0,BAIXO,20,Orientacao para rotina de estudos,2025-04-15
260,Lucas Oliveira Monteiro,202436803,4A,Informática,2024.2,20,8.56,79.3,1.53,10.1,4,1,0,BAIXO,20,Orientacao para rotina de estudos,2026-04-14
261,Gabriela Monteiro Araújo,202436971,2B,Agropecuária,2024.1,22,7.55,74.4,7.86,59.6,7,0,1,MEDIO,65,Contato com responsavel e monitoramento de frequencia | Encaminhamento para apoio psicologico ou psicossocial,2024-05-23
262,Aline Souza Ribeiro,202437011,1A,Contabilidade,2024.2,29,5.7,62.8,2.68,84.4,4,0,1,MEDIO,65,Reforco escolar e acompanhamento pedagogico | Contato com responsavel e monitoramento de frequencia,2024-04-09
263,Vitória Souza Gomes,202437111,2A,Logística,2024.1,23,9.49,94.4,1.73,32.5,6,0,0,BAIXO,20,Orientacao para rotina de estudos,2024-02-26
264,Carlos Batista Ferreira,202437132,1B,Logística,2024.1,20,9.59,52.9,4.49,21.1,3,1,0,BAIXO,20,Contato com responsavel e monitoramento de frequencia,2026-07-29
265,Vinicius Monteiro Ferreira,202437145,3A,Pedagogia,2024.1,34,6.12,66.1,2.15,39.0,3,1,1,MEDIO,65,Contato com responsavel e monitoramento de frequencia,2026-10-17
266,Felipe Oliveira Monteiro,202437297,3B,Informática,2024.1,27,6.61,84.8,1.82,41.5,8,1,1,MEDIO,65,Encaminhamento para apoio psicologico ou psicossocial | Orientacao para rotina de estudos,2026-12-22
267,Jéssica Ribeiro Souza,202437485,4A,Contabilidade,2024.1,34,5.07,100.0,0.32,19.0,9,0,1,ALTO,90,Reforco escolar e acompanhamento pedagogico | Encaminhamento para apoio psicologico ou psicossocial | Orientacao para rotina de estudos,2024-06-02
268,Maria Barbosa Teixeira,202437494,3A,Redes de Computadores,2024.2,30,7.56,92.2,1.83,26.1,4,0,0,BAIXO,20,Orientacao para rotina de estudos,2025-02-04
269,Larissa Teixeira Costa,202437531,3B,Administração,2024.2,30,6.91,81.6,3.25,40.1,6,0,0,BAIXO,20,Manter acompanhamento preventivo,2024-02-16
270,Isabela Batista Cardoso,202437740,2B,Contabilidade,2024.2,19,7.26,72.4,2.81,65.5,3,0,0,BAIXO,20,Contato com responsavel e monitoramento de frequencia,2025-04-07
271,Mateus Barbosa Souza,202437970,4B,Administração,2024.1,18,6.65,64.1,0.7,37.6,1,1,1,MEDIO,65,Contato com responsavel e monitoramento de frequencia | Orientacao para rotina de estudos,2024-01-02
272,Eduarda Araújo Santos,202438113,4A,Contabilidade,2024.2,32,9.07,41.3,1.09,21.5,4,0,1,MEDIO,65,Contato com responsavel e monitoramento de frequencia | Orientacao para rotina de estudos,2024-06-19
273,Beatriz Ferreira Souza,202438316,4B,Redes de Computadores,2024.1,18,9.51,81.3,1.06,17.4,6,0,0,BAIXO,20,Orientacao para rotina de estudos,2026-03-30
274,João Ribeiro Mendes,202438359,3B,Administração,2024.2,25,4.51,50.4,2.25,45.3,4,1,1,MEDIO,65,Reforco escolar e acompanhamento pedagogico | Contato com responsavel e monitoramento de frequencia,2026-07-02
275,Patrícia Teixeira Santos,202438369,2A,Contabilidade,2024.1,18,9.33,77.9,4.3,63.7,9,0,1,MEDIO,65,Encaminhamento para apoio psicologico ou psicossocial,2024-12-31
276,Felipe Oliveira Souza,202438408,5A,Informática,2024.1,32,8.39,99.1,1.75,48.7,5,1,0,BAIXO,20,Orientacao para rotina de estudos,2025-08-08
277,Paulo Gomes Lima,202438509,1B,Pedagogia,2024.2,17,5.41,89.6,1.45,34.6,6,1,0,BAIXO,20,Reforco escolar e acompanhamento pedagogico | Orientacao para rotina de estudos,2026-09-26
278,Leonardo Barbosa Pereira,202438576,2B,Pedagogia,2024.1,29,8.17,69.7,1.54,55.1,6,1,0,BAIXO,20,Contato com responsavel e monitoramento de frequencia | Orientacao para rotina de estudos,2026-03-03
279,Gabriela Silva Nascimento,202438636,5B,Administração,2024.2,17,5.53,59.5,1.28,30.0,1,0,1,MEDIO,65,Reforco escolar e acompanhamento pedagogico | Contato com responsavel e monitoramento de frequencia | Orientacao para rotina de estudos,2024-09-29
280,Vinicius Ferreira Teixeira,202438867,2A,Informática,2024.1,20,8.88,86.5,2.97,28.0,8,1,0,BAIXO,20,Encaminhamento para apoio psicologico ou psicossocial,2024-07-21
281,Gabriel Costa Teixeira,202438939,2A,Enfermagem,2024.2,32,7.93,62.9,4.5,42.7,5,1,0,BAIXO,20,Contato com responsavel e monitoramento de frequencia,2025-02-01
282,Amanda Cardoso Almeida,202439080,5A,Enfermagem,2024.2,29,6.12,89.2,2.3,45.4,8,0,0,BAIXO,20,Encaminhamento para apoio psicologico ou psicossocial,2025-12-11
283,João Mendes Souza,202439102,4A,Enfermagem,2024.1,32,7.22,100.0,1.91,28.4,4,1,0,BAIXO,20,Orientacao para rotina de estudos,2025-12-16
284,Daniel Oliveira Batista,202439428,2A,Redes de Computadores,2024.1,19,8.85,60.7,3.51,49.3,3,1,0,BAIXO,20,Contato com responsavel e monitoramento de frequencia,2025-07-31
285,Vitória Barbosa Batista,202439685,4B,Agropecuária,2024.1,28,5.66,76.9,2.11,20.3,7,0,1,MEDIO,65,Reforco escolar e acompanhamento pedagogico | Encaminhamento para apoio psicologico ou psicossocial,2025-11-21
286,Mateus Lima Lima,202439764,4B,Contabilidade,2024.2,17,4.96,79.7,3.16,32.8,5,1,1,MEDIO,65,Reforco escolar e acompanhamento pedagogico,2024-02-08
287,Aline Souza Oliveira,202439769,5B,Administração,2024.1,23,6.3,61.8,4.14,58.3,1,0,1,MEDIO,65,Contato com responsavel e monitoramento de frequencia,2024-01-31
288,Rafael Araújo Almeida,202439946,4B,Redes de Computadores,2024.1,25,6.26,85.5,1.57,70.2,5,1,0,BAIXO,20,Orientacao para rotina de estudos,2024-06-26
289,Juliana Batista Gomes,202439960,3B,Eletrotécnica,2024.1,17,6.07,100.0,2.67,58.9,5,0,0,BAIXO,20,Manter acompanhamento preventivo,2024-11-21
290,Vitória Rodrigues Ferreira,202440001,1A,Enfermagem,2024.2,27,8.58,82.6,1.71,22.2,6,0,0,BAIXO,20,Orientacao para rotina de estudos,2026-11-04
291,Amanda Almeida Ribeiro,202440025,4B,Eletrotécnica,2024.1,21,5.97,83.8,2.31,38.6,4,0,1,MEDIO,65,Reforco escolar e acompanhamento pedagogico,2026-09-13
292,Samuel Batista Costa,202440214,2A,Informática,2024.1,21,9.83,77.4,2.43,42.2,6,1,0,BAIXO,20,Manter acompanhamento preventivo,2025-05-28
293,Maria Ribeiro Lima,202440225,3B,Contabilidade,2024.1,27,8.41,58.0,3.75,37.9,7,0,1,MEDIO,65,Contato com responsavel e monitoramento de frequencia | Encaminhamento para apoio psicologico ou psicossocial,2024-04-08
294,Rafael Almeida Silva,202440255,1B,Informática,2024.2,22,6.47,67.0,1.61,14.4,5,1,1,MEDIO,65,Contato com responsavel e monitoramento de frequencia | Orientacao para rotina de estudos,2026-09-25
295,João Teixeira Pereira,202440323,3A,Pedagogia,2024.2,19,4.1,87.1,1.68,57.3,6,1,0,BAIXO,20,Reforco escolar e acompanhamento pedagogico | Orientacao para rotina de estudos,2025-12-03
296,Pedro Almeida Oliveira,202440348,1A,Logística,2024.2,21,5.98,98.3,0.0,31.1,1,1,1,MEDIO,65,Reforco escolar e acompanhamento pedagogico | Orientacao para rotina de estudos,2024-10-21
297,Gustavo Nascimento Silva,202440433,5B,Redes de Computadores,2024.2,23,7.74,79.2,3.32,27.1,6,1,0,BAIXO,20,Manter acompanhamento preventivo,2025-06-04
298,Eduarda Ferreira Teixeira,202440496,5B,Enfermagem,2024.1,21,3.2,81.9,0.57,26.0,4,0,1,ALTO,90,Reforco escolar e acompanhamento pedagogico | Orientacao para rotina de estudos,2025-01-12
299,Carlos Santos Pereira,202440531,5B,Redes de Computadores,2024.2,17,10.0,74.5,3.42,40.6,6,1,0,BAIXO,20,Contato com responsavel e monitoramento de frequencia,2026-07-09
300,Patrícia Araújo Rodrigues,202440750,5B,Redes de Computadores,2024.2,24,3.07,53.4,5.84,49.1,6,0,1,ALTO,90,Reforco escolar e acompanhamento pedagogico | Contato com responsavel e monitoramento de frequencia,2024-12-17
301,Thiago Gomes Silva,202440769,4A,Eletrotécnica,2024.1,21,6.66,100.0,4.51,43.4,5,1,0,BAIXO,20,Manter acompanhamento preventivo,2026-05-17
302,Amanda Araújo Oliveira,202440803,5A,Administração,2024.2,20,6.1,94.4,4.03,21.0,5,0,0,BAIXO,20,Manter acompanhamento preventivo,2026-01-07
303,Aline Araújo Barbosa,202440907,5B,Eletrotécnica,2024.1,28,4.68,58.1,4.27,5.0,6,0,1,MEDIO,65,Reforco escolar e acompanhamento pedagogico | Contato com responsavel e monitoramento de frequencia,2026-11-13
304,Patrícia Costa Ribeiro,202441326,1B,Administração,2024.2,18,6.53,92.6,3.76,14.8,9,0,1,MEDIO,65,Encaminhamento para apoio psicologico ou psicossocial,2024-02-29
305,Isabela Ribeiro Silva,202441573,2B,Logística,2024.1,23,3.98,72.4,1.85,31.3,4,0,1,ALTO,90,Reforco escolar e acompanhamento pedagogico | Contato com responsavel e monitoramento de frequencia | Orientacao para rotina de estudos,2026-12-19
306,Gustavo Lima Ribeiro,202442153,2A,Contabilidade,2024.2,16,5.34,77.9,3.09,30.8,3,1,1,MEDIO,65,Reforco escolar e acompanhamento pedagogico,2024-05-08
307,Isabela Barbosa Barbosa,202442285,2B,Enfermagem,2024.1,33,7.99,55.5,2.6,69.9,3,0,0,BAIXO,20,Contato com responsavel e monitoramento de frequencia,2024-09-28
308,Pedro Teixeira Teixeira,202442342,5B,Informática,2024.2,27,9.84,81.6,2.44,30.8,2,1,0,BAIXO,20,Manter acompanhamento preventivo,2026-11-21
309,Marcos Oliveira Almeida,202442513,5A,Redes de Computadores,2024.1,16,8.28,92.5,1.54,56.2,7,1,0,BAIXO,20,Encaminhamento para apoio psicologico ou psicossocial | Orientacao para rotina de estudos,2026-07-20
310,Ana Oliveira Batista,202442650,2A,Enfermagem,2024.1,34,7.04,99.9,2.68,75.4,3,0,0,BAIXO,20,Manter acompanhamento preventivo,2026-09-11
311,Mateus Lima Almeida,202442758,4A,Redes de Computadores,2024.1,34,4.91,74.3,3.19,46.2,7,1,1,ALTO,90,Reforco escolar e acompanhamento pedagogico | Contato com responsavel e monitoramento de frequencia | Encaminhamento para apoio psicologico ou psicossocial,2024-01-02
312,Larissa Araújo Araújo,202442883,3B,Edificações,2024.1,32,8.71,74.3,4.46,48.9,2,0,0,BAIXO,20,Contato com responsavel e monitoramento de frequencia,2026-12-18
313,Henrique Batista Monteiro,202442976,5B,Pedagogia,2024.1,33,6.98,84.7,2.77,47.2,4,1,0,BAIXO,20,Manter acompanhamento preventivo,2025-07-09
314,Luana Costa Teixeira,202442977,2B,Redes de Computadores,2024.1,32,7.11,63.1,1.12,68.1,4,0,0,BAIXO,20,Contato com responsavel e monitoramento de frequencia | Orientacao para rotina de estudos,2026-01-11
315,Luana Ribeiro Barbosa,202443081,1A,Contabilidade,2024.2,21,6.41,71.6,1.85,35.4,4,0,1,MEDIO,65,Contato com responsavel e monitoramento de frequencia | Orientacao para rotina de estudos,2025-07-17
316,Rafaela Souza Pereira,202443138,3A,Enfermagem,2024.1,32,6.98,92.7,3.8,52.2,4,0,0,BAIXO,20,Manter acompanhamento preventivo,2024-06-27
317,Rafaela Cardoso Ribeiro,202443179,3B,Enfermagem,2024.2,16,4.09,62.3,3.6,53.8,7,0,1,ALTO,90,Reforco escolar e acompanhamento pedagogico | Contato com responsavel e monitoramento de frequencia | Encaminhamento para apoio psicologico ou psicossocial,2024-03-21
318,Lucas Ferreira Nascimento,202443205,1B,Enfermagem,2024.2,34,8.69,74.1,1.66,39.4,7,1,1,MEDIO,65,Contato com responsavel e monitoramento de frequencia | Encaminhamento para apoio psicologico ou psicossocial | Orientacao para rotina de estudos,2026-08-14
319,Paulo Monteiro Nascimento,202443580,1A,Informática,2024.2,24,5.96,69.3,4.09,47.2,3,1,1,MEDIO,65,Reforco escolar e acompanhamento pedagogico | Contato com responsavel e monitoramento de frequencia,2026-03-18
320,Leonardo Araújo Souza,202443642,2B,Edificações,2024.1,33,5.24,85.0,2.96,56.2,8,1,1,MEDIO,65,Reforco escolar e acompanhamento pedagogico | Encaminhamento para apoio psicologico ou psicossocial,2025-11-27
321,Isabela Teixeira Costa,202443743,3A,Redes de Computadores,2024.2,31,6.12,60.3,1.86,51.9,4,0,1,MEDIO,65,Contato com responsavel e monitoramento de frequencia | Orientacao para rotina de estudos,2025-11-30
322,Juliana Santos Silva,202443916,4B,Logística,2024.1,25,7.41,99.0,1.65,5.0,4,0,0,BAIXO,20,Orientacao para rotina de estudos,2026-08-20
323,Daniel Gomes Souza,202443954,2B,Pedagogia,2024.1,17,6.91,64.0,4.03,12.2,6,1,1,MEDIO,65,Contato com responsavel e monitoramento de frequencia,2024-02-03
324,Luana Barbosa Cardoso,202444041,2B,Agropecuária,2024.1,16,8.22,85.6,0.92,67.1,2,0,0,BAIXO,20,Orientacao para rotina de estudos,2026-01-26
325,Maria Oliveira Nascimento,202444101,4B,Logística,2024.1,33,6.63,66.1,1.84,28.7,6,0,1,MEDIO,65,Contato com responsavel e monitoramento de frequencia | Orientacao para rotina de estudos,2024-12-05
326,Eduarda Ferreira Teixeira,202444172,1B,Edificações,2024.1,20,7.17,77.4,4.03,44.0,5,0,0,BAIXO,20,Manter acompanhamento preventivo,2026-12-13
327,Rafaela Nascimento Araújo,202444181,2B,Edificações,2024.1,31,8.54,100.0,4.74,48.2,7,0,0,BAIXO,20,Encaminhamento para apoio psicologico ou psicossocial,2025-04-27
328,Vitória Cardoso Pereira,202444318,4B,Redes de Computadores,2024.2,25,7.79,63.6,2.22,38.2,6,0,0,BAIXO,20,Contato com responsavel e monitoramento de frequencia,2025-07-15
329,Carla Ferreira Costa,202444480,3A,Edificações,2024.2,26,5.48,96.2,2.57,10.6,5,0,0,BAIXO,20,Reforco escolar e acompanhamento pedagogico,2026-05-14
330,Rafaela Santos Teixeira,202444586,3A,Informática,2024.1,20,6.5,77.4,6.25,16.7,7,0,1,MEDIO,65,Encaminhamento para apoio psicologico ou psicossocial,2024-01-17
331,Henrique Gomes Araújo,202444658,5A,Logística,2024.2,18,5.27,97.0,1.58,49.3,8,1,1,MEDIO,65,Reforco escolar e acompanhamento pedagogico | Encaminhamento para apoio psicologico ou psicossocial | Orientacao para rotina de estudos,2026-05-03
332,Gustavo Souza Costa,202444758,5B,Administração,2024.1,25,9.74,91.2,2.06,57.5,5,1,0,BAIXO,20,Manter acompanhamento preventivo,2026-09-29
333,Isabela Teixeira Barbosa,202444808,3B,Enfermagem,2024.1,21,5.01,89.1,4.24,53.7,5,0,0,BAIXO,20,Reforco escolar e acompanhamento pedagogico,2025-12-24
334,Henrique Ferreira Araújo,202444814,3B,Agropecuária,2024.2,24,7.15,86.9,1.85,42.2,6,1,0,BAIXO,20,Orientacao para rotina de estudos,2024-09-25
335,Aline Lima Silva,202444965,5A,Pedagogia,2024.2,26,6.95,60.7,2.61,22.5,7,0,1,MEDIO,65,Contato com responsavel e monitoramento de frequencia | Encaminhamento para apoio psicologico ou psicossocial,2025-11-08
336,Gustavo Mendes Barbosa,202445727,1B,Logística,2024.1,20,6.4,88.1,1.82,34.0,7,1,0,BAIXO,20,Encaminhamento para apoio psicologico ou psicossocial | Orientacao para rotina de estudos,2024-03-21
337,Luana Oliveira Batista,202445899,5B,Edificações,2024.1,31,4.48,78.2,5.37,70.2,7,0,1,MEDIO,65,Reforco escolar e acompanhamento pedagogico | Encaminhamento para apoio psicologico ou psicossocial,2026-04-28
338,Isabela Ribeiro Ferreira,202445962,1B,Informática,2024.1,34,7.98,87.9,2.57,39.0,6,0,0,BAIXO,20,Manter acompanhamento preventivo,2026-04-13
339,Gabriela Ferreira Araújo,202445971,5A,Agropecuária,2024.1,26,7.71,54.2,3.19,24.1,8,0,1,MEDIO,65,Contato com responsavel e monitoramento de frequencia | Encaminhamento para apoio psicologico ou psicossocial,2026-09-04
340,Marcos Souza Nascimento,202446344,2A,Logística,2024.1,26,3.86,70.8,2.7,36.6,10,1,1,ALTO,90,Reforco escolar e acompanhamento pedagogico | Contato com responsavel e monitoramento de frequencia | Encaminhamento para apoio psicologico ou psicossocial,2026-03-06
341,Larissa Santos Rodrigues,202446537,2B,Enfermagem,2024.2,26,7.69,96.2,0.0,44.0,7,0,0,BAIXO,20,Encaminhamento para apoio psicologico ou psicossocial | Orientacao para rotina de estudos,2025-05-29
342,Natália Pereira Oliveira,202446579,2A,Contabilidade,2024.2,26,4.98,74.6,1.77,42.3,6,0,1,MEDIO,65,Reforco escolar e acompanhamento pedagogico | Contato com responsavel e monitoramento de frequencia | Orientacao para rotina de estudos,2026-03-11
343,Pedro Souza Ferreira,202446630,1A,Contabilidade,2024.1,25,5.19,71.7,2.88,31.8,5,1,1,MEDIO,65,Reforco escolar e acompanhamento pedagogico | Contato com responsavel e monitoramento de frequencia,2024-05-22
344,Luana Teixeira Ribeiro,202446989,3B,Pedagogia,2024.1,16,7.9,100.0,1.57,31.2,6,0,0,BAIXO,20,Orientacao para rotina de estudos,2025-04-26
345,André Lima Silva,202447095,1A,Redes de Computadores,2024.2,16,6.53,77.3,2.37,10.1,6,1,0,BAIXO,20,Manter acompanhamento preventivo,2024-04-18
346,Amanda Souza Cardoso,202447104,1A,Enfermagem,2024.2,24,8.13,78.3,1.66,51.4,7,0,0,BAIXO,20,Encaminhamento para apoio psicologico ou psicossocial | Orientacao para rotina de estudos,2025-01-23
347,Thiago Mendes Teixeira,202447235,2A,Contabilidade,2024.2,24,8.92,88.0,1.72,49.7,5,1,0,BAIXO,20,Orientacao para rotina de estudos,2026-01-23
348,Beatriz Santos Lima,202447266,1B,Logística,2024.1,16,4.4,64.8,2.82,44.1,5,0,1,MEDIO,65,Reforco escolar e acompanhamento pedagogico | Contato com responsavel e monitoramento de frequencia,2026-12-25
349,Pedro Costa Teixeira,202447364,3A,Enfermagem,2024.1,27,8.01,89.2,1.9,45.8,7,1,0,BAIXO,20,Encaminhamento para apoio psicologico ou psicossocial | Orientacao para rotina de estudos,2026-03-02
350,Leonardo Rodrigues Batista,202447366,2A,Enfermagem,2024.2,22,10.0,66.8,4.6,39.0,4,1,0,BAIXO,20,Contato com responsavel e monitoramento de frequencia,2025-07-02
351,Fernanda Santos Gomes,202447564,4A,Eletrotécnica,2024.1,28,5.45,65.2,1.11,58.7,4,0,1,MEDIO,65,Reforco escolar e acompanhamento pedagogico | Contato com responsavel e monitoramento de frequencia | Orientacao para rotina de estudos,2026-07-28
352,Ana Ferreira Ferreira,202447591,4B,Informática,2024.1,21,7.81,97.6,5.77,11.5,7,0,0,BAIXO,20,Encaminhamento para apoio psicologico ou psicossocial,2024-06-10
353,Carla Pereira Araújo,202447742,5A,Informática,2024.2,27,7.28,67.0,2.56,37.9,5,0,0,BAIXO,20,Contato com responsavel e monitoramento de frequencia,2024-09-26
354,Gabriel Oliveira Batista,202447751,5B,Contabilidade,2024.2,22,7.19,86.3,1.74,57.1,5,1,0,BAIXO,20,Orientacao para rotina de estudos,2026-05-22
355,Felipe Almeida Silva,202447941,2B,Enfermagem,2024.2,20,6.49,85.6,3.05,35.7,6,1,0,BAIXO,20,Manter acompanhamento preventivo,2024-03-27
356,Ana Barbosa Monteiro,202448155,2B,Logística,2024.2,28,6.66,98.8,1.27,5.0,6,0,0,BAIXO,20,Orientacao para rotina de estudos,2026-07-20
357,Ana Ferreira Mendes,202448361,2A,Enfermagem,2024.2,30,6.96,100.0,3.44,54.4,6,0,0,BAIXO,20,Manter acompanhamento preventivo,2026-02-03
358,Marcos Silva Monteiro,202448557,3B,Administração,2024.1,28,8.59,82.7,2.64,55.1,8,1,0,BAIXO,20,Encaminhamento para apoio psicologico ou psicossocial,2024-08-23
359,Eduarda Nascimento Almeida,202448702,1B,Administração,2024.1,17,6.35,92.6,3.81,16.8,2,0,0,BAIXO,20,Manter acompanhamento preventivo,2025-04-16
360,Maria Nascimento Gomes,202449365,3A,Enfermagem,2024.1,32,5.71,93.7,1.25,42.0,8,0,1,MEDIO,65,Reforco escolar e acompanhamento pedagogico | Encaminhamento para apoio psicologico ou psicossocial | Orientacao para rotina de estudos,2025-10-06
361,Patrícia Ribeiro Oliveira,202449412,1B,Eletrotécnica,2024.1,19,7.22,100.0,2.88,33.6,7,0,0,BAIXO,20,Encaminhamento para apoio psicologico ou psicossocial,2025-06-11
362,Fernanda Souza Gomes,202449514,4B,Informática,2024.1,20,6.36,98.7,4.23,54.5,5,0,0,BAIXO,20,Manter acompanhamento preventivo,2024-05-14
363,Felipe Almeida Rodrigues,202449705,2B,Agropecuária,2024.2,26,7.84,80.4,2.16,42.4,6,1,0,BAIXO,20,Manter acompanhamento preventivo,2026-05-18
364,Eduarda Santos Santos,202449833,1A,Pedagogia,2024.1,24,6.2,93.8,2.73,12.7,5,0,0,BAIXO,20,Manter acompanhamento preventivo,2025-03-18
365,Amanda Araújo Almeida,202450051,5B,Enfermagem,2024.2,27,6.28,76.3,2.05,43.3,2,0,0,BAIXO,20,Manter acompanhamento preventivo,2026-10-20
366,Mateus Cardoso Araújo,202450425,4B,Administração,2024.1,32,4.65,100.0,2.87,57.6,8,1,1,MEDIO,65,Reforco escolar e acompanhamento pedagogico | Encaminhamento para apoio psicologico ou psicossocial,2025-05-15
367,Ana Almeida Nascimento,202450516,5B,Agropecuária,2024.1,18,6.4,77.4,3.35,35.2,5,0,0,BAIXO,20,Manter acompanhamento preventivo,2025-02-17
368,Samuel Teixeira Nascimento,202450581,2A,Logística,2024.2,16,5.55,60.5,2.57,65.7,2,1,1,MEDIO,65,Reforco escolar e acompanhamento pedagogico | Contato com responsavel e monitoramento de frequencia,2024-04-26
369,Rafael Batista Araújo,202450590,1A,Contabilidade,2024.2,33,6.09,81.0,2.84,32.5,5,1,0,BAIXO,20,Manter acompanhamento preventivo,2024-04-23
370,Paulo Teixeira Silva,202450779,2A,Pedagogia,2024.1,17,6.35,97.9,3.63,5.0,7,1,0,BAIXO,20,Encaminhamento para apoio psicologico ou psicossocial,2024-10-04
371,Carlos Barbosa Nascimento,202450932,5B,Agropecuária,2024.2,32,8.44,84.0,3.86,41.1,8,1,0,BAIXO,20,Encaminhamento para apoio psicologico ou psicossocial,2026-11-27
372,Samuel Pereira Barbosa,202450970,5B,Edificações,2024.2,22,9.82,84.8,1.89,29.3,5,1,0,BAIXO,20,Orientacao para rotina de estudos,2025-12-08
373,João Rodrigues Mendes,202451228,3B,Logística,2024.1,28,4.0,92.2,3.77,66.5,4,1,0,BAIXO,20,Reforco escolar e acompanhamento pedagogico,2025-02-10
374,Marcos Oliveira Batista,202451315,2A,Eletrotécnica,2024.2,33,6.93,60.9,2.02,47.3,6,1,1,MEDIO,65,Contato com responsavel e monitoramento de frequencia,2026-04-26
375,Luana Teixeira Nascimento,202451405,4A,Informática,2024.2,32,6.68,72.3,2.11,64.0,3,0,1,MEDIO,65,Contato com responsavel e monitoramento de frequencia,2024-11-12
376,Natália Mendes Mendes,202451628,1B,Pedagogia,2024.2,33,8.97,70.2,3.56,41.6,6,0,0,BAIXO,20,Contato com responsavel e monitoramento de frequencia,2024-03-01
377,Samuel Ferreira Silva,202451661,2A,Pedagogia,2024.2,29,4.41,92.0,0.07,36.4,8,1,1,MEDIO,65,Reforco escolar e acompanhamento pedagogico | Encaminhamento para apoio psicologico ou psicossocial | Orientacao para rotina de estudos,2025-01-10
378,Mateus Silva Teixeira,202451806,4B,Edificações,2024.1,25,3.89,100.0,2.22,40.6,2,1,1,MEDIO,65,Reforco escolar e acompanhamento pedagogico,2026-11-01
379,Eduarda Ribeiro Rodrigues,202451817,3A,Pedagogia,2024.2,19,6.48,75.1,4.28,28.6,5,0,0,BAIXO,20,Manter acompanhamento preventivo,2026-09-11
380,Paulo Oliveira Oliveira,202451825,2A,Administração,2024.2,25,2.96,74.0,0.58,5.0,8,1,1,ALTO,90,Reforco escolar e acompanhamento pedagogico | Contato com responsavel e monitoramento de frequencia | Encaminhamento para apoio psicologico ou psicossocial | Orientacao para rotina de estudos,2024-03-04
381,Leonardo Rodrigues Nascimento,202451887,5B,Enfermagem,2024.2,31,10.0,83.8,4.2,38.8,3,1,0,BAIXO,20,Manter acompanhamento preventivo,2026-06-21
382,Gabriela Silva Costa,202451922,1B,Administração,2024.1,22,6.86,88.1,3.88,45.7,7,0,0,BAIXO,20,Encaminhamento para apoio psicologico ou psicossocial,2025-10-12
383,Carla Batista Teixeira,202451954,2B,Edificações,2024.2,26,6.05,81.7,5.85,51.5,4,0,0,BAIXO,20,Manter acompanhamento preventivo,2024-07-16
384,Rafael Gomes Gomes,202451984,3A,Informática,2024.2,31,10.0,100.0,3.65,34.7,7,1,0,BAIXO,20,Encaminhamento para apoio psicologico ou psicossocial,2024-07-15
385,Pedro Teixeira Costa,202451997,5A,Enfermagem,2024.1,24,5.54,90.4,1.7,21.9,5,1,0,BAIXO,20,Reforco escolar e acompanhamento pedagogico | Orientacao para rotina de estudos,2024-02-04
386,Thiago Gomes Araújo,202452027,1A,Agropecuária,2024.1,19,10.0,60.4,4.72,7.3,3,1,0,BAIXO,20,Contato com responsavel e monitoramento de frequencia,2024-08-30
387,Camila Nascimento Almeida,202452159,5B,Edificações,2024.2,32,4.62,81.5,2.34,52.1,3,0,1,MEDIO,65,Reforco escolar e acompanhamento pedagogico,2025-11-19
388,Natália Gomes Gomes,202452184,3B,Logística,2024.1,24,6.24,85.9,1.49,20.1,7,0,0,BAIXO,20,Encaminhamento para apoio psicologico ou psicossocial | Orientacao para rotina de estudos,2026-02-22
389,Natália Costa Lima,202452193,4B,Informática,2024.2,20,8.86,84.8,3.87,44.4,5,0,0,BAIXO,20,Manter acompanhamento preventivo,2025-09-19
390,Larissa Nascimento Pereira,202452533,2A,Logística,2024.2,22,3.71,64.4,2.16,33.7,4,0,1,ALTO,90,Reforco escolar e acompanhamento pedagogico | Contato com responsavel e monitoramento de frequencia,2024-09-22
391,Thiago Lima Batista,202452547,2B,Agropecuária,2024.1,19,7.76,95.5,4.12,57.3,4,1,0,BAIXO,20,Manter acompanhamento preventivo,2024-05-10
392,Jéssica Ferreira Ribeiro,202452712,4A,Administração,2024.1,32,9.17,91.7,3.2,20.2,4,0,0,BAIXO,20,Manter acompanhamento preventivo,2025-09-10
393,Vitória Ribeiro Araújo,202452829,1A,Redes de Computadores,2024.2,18,8.74,100.0,2.93,40.6,7,0,0,BAIXO,20,Encaminhamento para apoio psicologico ou psicossocial,2025-09-09
394,Beatriz Araújo Batista,202452913,5B,Informática,2024.2,17,7.88,100.0,0.87,14.6,4,0,0,BAIXO,20,Orientacao para rotina de estudos,2026-11-12
395,Rafaela Santos Pereira,202452971,2B,Pedagogia,2024.1,28,7.2,98.7,1.96,75.8,4,0,0,BAIXO,20,Orientacao para rotina de estudos,2026-01-09
396,Rafaela Batista Santos,202453088,5B,Edificações,2024.1,32,4.71,72.5,5.65,30.6,8,0,1,ALTO,90,Reforco escolar e acompanhamento pedagogico | Contato com responsavel e monitoramento de frequencia | Encaminhamento para apoio psicologico ou psicossocial,2024-08-26
397,Eduarda Teixeira Araújo,202453158,1A,Pedagogia,2024.2,22,7.63,90.8,2.09,53.0,7,0,0,BAIXO,20,Encaminhamento para apoio psicologico ou psicossocial,2025-06-09
398,Rafael Araújo Gomes,202453287,3B,Pedagogia,2024.2,24,9.3,81.0,0.95,42.6,7,1,1,MEDIO,65,Encaminhamento para apoio psicologico ou psicossocial | Orientacao para rotina de estudos,2024-12-15
399,Samuel Batista Rodrigues,202453372,5B,Administração,2024.1,22,6.18,95.5,3.67,38.3,6,1,0,BAIXO,20,Manter acompanhamento preventivo,2026-10-12
400,Jéssica Araújo Araújo,202453384,3A,Enfermagem,2024.1,30,3.73,71.3,4.83,42.4,6,0,1,ALTO,90,Reforco escolar e acompanhamento pedagogico | Contato com responsavel e monitoramento de frequencia,2025-11-01
401,Amanda Araújo Costa,202453406,4B,Administração,2024.2,34,8.45,88.0,1.9,70.0,3,0,0,BAIXO,20,Orientacao para rotina de estudos,2025-05-02
402,Rafaela Rodrigues Lima,202453532,5B,Pedagogia,2024.2,27,6.31,94.1,2.3,39.5,8,0,0,BAIXO,20,Encaminhamento para apoio psicologico ou psicossocial,2024-02-05
403,Marina Santos Almeida,202453635,3A,Enfermagem,2024.2,33,6.4,78.9,2.69,7.9,5,0,0,BAIXO,20,Manter acompanhamento preventivo,2026-09-27
404,Thiago Silva Teixeira,202453636,4B,Logística,2024.1,17,5.07,84.0,3.24,11.3,7,1,1,MEDIO,65,Reforco escolar e acompanhamento pedagogico | Encaminhamento para apoio psicologico ou psicossocial,2024-09-24
405,Daniel Lima Ribeiro,202453694,5B,Logística,2024.2,25,6.75,82.4,4.11,28.7,6,1,0,BAIXO,20,Manter acompanhamento preventivo,2024-10-16
406,Juliana Gomes Rodrigues,202453713,1A,Contabilidade,2024.1,22,9.57,74.8,1.41,35.7,6,0,0,BAIXO,20,Contato com responsavel e monitoramento de frequencia | Orientacao para rotina de estudos,2025-02-24
407,Thiago Nascimento Rodrigues,202453821,5B,Eletrotécnica,2024.1,34,5.01,80.3,1.47,29.6,7,1,1,MEDIO,65,Reforco escolar e acompanhamento pedagogico | Encaminhamento para apoio psicologico ou psicossocial | Orientacao para rotina de estudos,2025-06-18
408,Fernanda Gomes Barbosa,202453948,4A,Redes de Computadores,2024.2,28,4.02,64.3,3.26,62.5,6,0,1,MEDIO,65,Reforco escolar e acompanhamento pedagogico | Contato com responsavel e monitoramento de frequencia,2026-09-22
409,Felipe Lima Rodrigues,202454077,4B,Administração,2024.1,25,3.81,71.3,1.72,21.1,7,1,1,ALTO,90,Reforco escolar e acompanhamento pedagogico | Contato com responsavel e monitoramento de frequencia | Encaminhamento para apoio psicologico ou psicossocial | Orientacao para rotina de estudos,2025-07-21
410,Amanda Mendes Mendes,202454134,4B,Logística,2024.1,32,7.11,71.2,5.8,63.9,4,0,0,BAIXO,20,Contato com responsavel e monitoramento de frequencia,2026-09-10
411,Rafaela Araújo Batista,202454210,1B,Informática,2024.2,18,6.53,79.1,0.0,60.7,5,0,1,MEDIO,65,Orientacao para rotina de estudos,2026-04-06
412,Jéssica Santos Lima,202454243,4B,Edificações,2024.2,30,8.91,62.9,2.9,31.2,8,0,1,MEDIO,65,Contato com responsavel e monitoramento de frequencia | Encaminhamento para apoio psicologico ou psicossocial,2025-09-26
413,Luana Almeida Almeida,202454250,1A,Informática,2024.1,34,8.98,68.4,2.64,28.0,3,0,0,BAIXO,20,Contato com responsavel e monitoramento de frequencia,2025-08-05
414,Natália Almeida Almeida,202454298,1B,Logística,2024.2,31,6.86,77.0,4.87,51.3,4,0,0,BAIXO,20,Manter acompanhamento preventivo,2026-04-29
415,André Cardoso Cardoso,202454426,3B,Contabilidade,2024.2,23,3.93,95.7,2.98,29.9,7,1,1,MEDIO,65,Reforco escolar e acompanhamento pedagogico | Encaminhamento para apoio psicologico ou psicossocial,2025-05-28
416,Marina Gomes Batista,202454433,4A,Administração,2024.2,19,8.96,100.0,3.08,22.8,4,0,0,BAIXO,20,Manter acompanhamento preventivo,2026-03-16
417,Patrícia Araújo Gomes,202454448,5A,Pedagogia,2024.1,23,7.89,85.3,4.19,48.4,5,0,0,BAIXO,20,Manter acompanhamento preventivo,2025-06-15
418,Maria Souza Silva,202454499,4A,Administração,2024.2,23,6.52,78.5,1.65,34.3,10,0,1,MEDIO,65,Encaminhamento para apoio psicologico ou psicossocial | Orientacao para rotina de estudos,2024-07-07
419,Natália Mendes Pereira,202454518,3B,Agropecuária,2024.2,25,7.17,86.5,3.94,12.7,9,0,0,BAIXO,20,Encaminhamento para apoio psicologico ou psicossocial,2025-01-03
420,Isabela Pereira Rodrigues,202454760,5A,Agropecuária,2024.2,29,8.27,75.4,2.39,47.6,2,0,0,BAIXO,20,Manter acompanhamento preventivo,2024-08-01
421,Carla Ribeiro Pereira,202454990,4A,Agropecuária,2024.1,30,7.31,88.3,5.15,34.5,6,0,0,BAIXO,20,Manter acompanhamento preventivo,2025-02-25
422,Fernanda Ribeiro Monteiro,202455134,2B,Informática,2024.2,16,8.44,99.3,2.92,41.6,4,0,0,BAIXO,20,Manter acompanhamento preventivo,2024-09-21
423,Vinicius Ferreira Santos,202455358,2B,Enfermagem,2024.1,16,5.44,77.5,2.3,25.1,6,1,1,MEDIO,65,Reforco escolar e acompanhamento pedagogico,2026-05-21
424,Luana Batista Mendes,202455770,4B,Informática,2024.1,27,7.88,64.8,4.54,55.5,5,0,0,BAIXO,20,Contato com responsavel e monitoramento de frequencia,2024-04-03
425,Larissa Rodrigues Ribeiro,202456006,3A,Administração,2024.2,27,5.81,80.2,4.26,54.7,5,0,1,MEDIO,65,Reforco escolar e acompanhamento pedagogico,2026-08-30
426,Henrique Barbosa Araújo,202456018,4A,Informática,2024.1,27,9.76,97.0,3.07,54.9,3,1,0,BAIXO,20,Manter acompanhamento preventivo,2024-12-23
427,Aline Pereira Almeida,202456025,4B,Informática,2024.1,27,5.82,94.5,0.69,18.4,5,0,1,MEDIO,65,Reforco escolar e acompanhamento pedagogico | Orientacao para rotina de estudos,2026-02-17
428,Luana Gomes Gomes,202456105,4B,Eletrotécnica,2024.1,34,7.34,72.3,4.06,43.5,7,0,1,MEDIO,65,Contato com responsavel e monitoramento de frequencia | Encaminhamento para apoio psicologico ou psicossocial,2026-03-09
429,Paulo Oliveira Gomes,202456128,3A,Enfermagem,2024.1,26,6.71,73.1,3.36,71.4,8,1,1,MEDIO,65,Contato com responsavel e monitoramento de frequencia | Encaminhamento para apoio psicologico ou psicossocial,2025-06-07
430,Diego Cardoso Costa,202456160,4B,Redes de Computadores,2024.2,31,6.39,71.4,3.55,21.8,6,1,1,MEDIO,65,Contato com responsavel e monitoramento de frequencia,2024-10-13
431,Jéssica Oliveira Santos,202456354,2B,Enfermagem,2024.1,28,4.32,74.9,5.05,44.3,6,0,1,MEDIO,65,Reforco escolar e acompanhamento pedagogico | Contato com responsavel e monitoramento de frequencia,2024-11-24
432,Luana Santos Santos,202456549,4A,Pedagogia,2024.2,22,4.69,100.0,0.3,19.8,5,0,1,MEDIO,65,Reforco escolar e acompanhamento pedagogico | Orientacao para rotina de estudos,2026-08-06
433,Camila Ribeiro Rodrigues,202456695,3A,Contabilidade,2024.1,31,7.53,77.3,2.41,16.0,7,0,0,BAIXO,20,Encaminhamento para apoio psicologico ou psicossocial,2025-12-24
434,André Araújo Barbosa,202456846,1B,Enfermagem,2024.2,26,5.06,75.5,3.28,70.7,4,1,1,MEDIO,65,Reforco escolar e acompanhamento pedagogico,2024-06-15
435,João Nascimento Oliveira,202456912,5A,Enfermagem,2024.2,26,5.02,97.2,2.59,28.6,4,1,0,BAIXO,20,Reforco escolar e acompanhamento pedagogico,2024-03-06
436,Maria Teixeira Barbosa,202457197,3A,Pedagogia,2024.1,22,8.16,61.0,4.35,32.9,4,0,0,BAIXO,20,Contato com responsavel e monitoramento de frequencia,2024-05-28
437,Ana Lima Batista,202457211,2B,Informática,2024.2,31,2.78,87.5,3.23,39.1,5,0,1,MEDIO,65,Reforco escolar e acompanhamento pedagogico,2024-01-03
438,Fernanda Almeida Mendes,202457241,3A,Redes de Computadores,2024.2,24,7.4,79.1,5.26,66.3,5,0,0,BAIXO,20,Manter acompanhamento preventivo,2025-03-22
439,Mateus Nascimento Souza,202457301,3A,Agropecuária,2024.2,19,5.08,88.9,0.95,71.0,8,1,1,MEDIO,65,Reforco escolar e acompanhamento pedagogico | Encaminhamento para apoio psicologico ou psicossocial | Orientacao para rotina de estudos,2026-12-29
440,Isabela Araújo Costa,202457571,3A,Agropecuária,2024.1,20,5.65,87.6,0.95,33.7,8,0,1,MEDIO,65,Reforco escolar e acompanhamento pedagogico | Encaminhamento para apoio psicologico ou psicossocial | Orientacao para rotina de estudos,2026-07-03
441,Leonardo Ferreira Lima,202457638,2A,Administração,2024.2,23,6.98,45.1,1.63,51.4,7,1,1,ALTO,90,Contato com responsavel e monitoramento de frequencia | Encaminhamento para apoio psicologico ou psicossocial | Orientacao para rotina de estudos,2025-07-18
442,Gabriela Souza Ribeiro,202457694,5B,Contabilidade,2024.1,18,10.0,82.2,0.61,32.9,6,0,0,BAIXO,20,Orientacao para rotina de estudos,2025-01-01
443,Camila Oliveira Pereira,202457737,1B,Redes de Computadores,2024.2,26,6.45,85.3,2.91,9.0,5,0,0,BAIXO,20,Manter acompanhamento preventivo,2026-09-17
444,Bruno Silva Pereira,202458033,1B,Agropecuária,2024.2,19,5.35,100.0,0.73,46.0,7,1,1,MEDIO,65,Reforco escolar e acompanhamento pedagogico | Encaminhamento para apoio psicologico ou psicossocial | Orientacao para rotina de estudos,2026-11-01
445,Vinicius Costa Gomes,202458062,2B,Administração,2024.2,20,9.32,72.2,3.15,23.1,1,1,0,BAIXO,20,Contato com responsavel e monitoramento de frequencia,2026-12-10
446,Gabriela Almeida Santos,202458252,5A,Informática,2024.1,27,5.01,100.0,3.04,25.0,8,0,1,MEDIO,65,Reforco escolar e acompanhamento pedagogico | Encaminhamento para apoio psicologico ou psicossocial,2024-02-16
447,Henrique Barbosa Araújo,202458467,2B,Enfermagem,2024.2,34,8.08,91.7,5.95,74.8,7,1,0,BAIXO,20,Encaminhamento para apoio psicologico ou psicossocial,2025-01-05
448,Gabriel Rodrigues Rodrigues,202458599,2A,Logística,2024.2,27,8.64,100.0,7.84,38.7,8,1,0,BAIXO,20,Encaminhamento para apoio psicologico ou psicossocial,2025-11-20
449,Camila Silva Souza,202458660,4A,Redes de Computadores,2024.2,29,10.0,74.0,2.19,22.3,8,0,1,MEDIO,65,Contato com responsavel e monitoramento de frequencia | Encaminhamento para apoio psicologico ou psicossocial,2026-05-30
450,Rafael Pereira Souza,202458867,1B,Contabilidade,2024.2,25,6.88,82.6,3.17,11.8,6,1,0,BAIXO,20,Manter acompanhamento preventivo,2026-09-19
451,Larissa Nascimento Oliveira,202458873,4A,Edificações,2024.2,25,2.33,74.6,3.8,37.6,3,0,1,ALTO,90,Reforco escolar e acompanhamento pedagogico | Contato com responsavel e monitoramento de frequencia,2024-05-03
452,Lucas Gomes Lima,202458906,5A,Contabilidade,2024.1,30,8.18,82.1,4.49,34.1,3,1,0,BAIXO,20,Manter acompanhamento preventivo,2025-11-19
453,Rafael Mendes Barbosa,202459260,4B,Redes de Computadores,2024.2,25,7.32,77.3,3.49,64.7,7,1,0,BAIXO,20,Encaminhamento para apoio psicologico ou psicossocial,2025-03-02
454,Mateus Monteiro Ferreira,202459278,5A,Redes de Computadores,2024.2,34,6.33,67.6,3.95,22.9,7,1,1,MEDIO,65,Contato com responsavel e monitoramento de frequencia | Encaminhamento para apoio psicologico ou psicossocial,2024-07-15
455,Vinicius Pereira Mendes,202459350,1A,Redes de Computadores,2024.2,16,5.57,78.1,4.31,20.2,3,1,1,MEDIO,65,Reforco escolar e acompanhamento pedagogico,2024-02-05
456,Eduarda Almeida Mendes,202459434,1B,Contabilidade,2024.1,25,7.97,57.2,0.0,43.1,3,0,1,MEDIO,65,Contato com responsavel e monitoramento de frequencia | Orientacao para rotina de estudos,2024-07-03
457,Patrícia Gomes Nascimento,202459440,5A,Enfermagem,2024.1,21,5.79,80.9,3.29,29.2,4,0,1,MEDIO,65,Reforco escolar e acompanhamento pedagogico,2026-05-27
458,Juliana Araújo Silva,202459509,3A,Administração,2024.1,21,6.37,59.6,5.99,15.8,3,0,1,MEDIO,65,Contato com responsavel e monitoramento de frequencia,2025-07-20
459,Daniel Barbosa Batista,202459573,3B,Pedagogia,2024.1,34,5.07,95.3,1.66,52.6,4,1,0,BAIXO,20,Reforco escolar e acompanhamento pedagogico | Orientacao para rotina de estudos,2026-05-11
460,Gabriel Costa Teixeira,202459720,1A,Pedagogia,2024.1,19,3.86,71.1,1.36,26.4,3,1,1,ALTO,90,Reforco escolar e acompanhamento pedagogico | Contato com responsavel e monitoramento de frequencia | Orientacao para rotina de estudos,2024-08-29
461,Luana Almeida Monteiro,202459785,2A,Contabilidade,2024.1,18,2.4,67.7,4.17,33.5,6,0,1,ALTO,90,Reforco escolar e acompanhamento pedagogico | Contato com responsavel e monitoramento de frequencia,2025-03-24
462,Henrique Teixeira Pereira,202460326,5B,Administração,2024.2,24,5.79,79.9,1.73,17.7,6,1,1,MEDIO,65,Reforco escolar e acompanhamento pedagogico | Orientacao para rotina de estudos,2026-06-07
463,Natália Araújo Lima,202460377,3A,Eletrotécnica,2024.2,18,6.38,85.5,1.83,46.8,8,0,0,BAIXO,20,Encaminhamento para apoio psicologico ou psicossocial | Orientacao para rotina de estudos,2025-09-10
464,Larissa Barbosa Cardoso,202460379,1A,Agropecuária,2024.2,27,5.36,70.4,4.72,38.3,7,0,1,ALTO,90,Reforco escolar e acompanhamento pedagogico | Contato com responsavel e monitoramento de frequencia | Encaminhamento para apoio psicologico ou psicossocial,2024-02-03
465,Daniel Almeida Ribeiro,202460562,4A,Pedagogia,2024.2,27,8.07,82.3,2.17,35.9,6,1,0,BAIXO,20,Manter acompanhamento preventivo,2024-09-28
466,Maria Monteiro Barbosa,202460577,4A,Edificações,2024.1,17,7.87,61.0,4.27,20.0,5,0,0,BAIXO,20,Contato com responsavel e monitoramento de frequencia,2025-08-02
467,Lucas Araújo Rodrigues,202460631,1B,Contabilidade,2024.1,28,2.81,88.8,3.72,51.5,5,1,1,MEDIO,65,Reforco escolar e acompanhamento pedagogico,2026-07-22
468,Aline Santos Ribeiro,202460636,3A,Eletrotécnica,2024.2,18,10.0,69.8,3.35,38.8,7,0,1,MEDIO,65,Contato com responsavel e monitoramento de frequencia | Encaminhamento para apoio psicologico ou psicossocial,2025-04-09
469,Vitória Batista Santos,202460639,3A,Pedagogia,2024.1,27,5.57,87.5,3.49,42.7,4,0,0,BAIXO,20,Reforco escolar e acompanhamento pedagogico,2025-07-26
470,Vinicius Mendes Gomes,202460741,4B,Pedagogia,2024.1,16,9.31,77.6,2.46,64.4,7,1,0,BAIXO,20,Encaminhamento para apoio psicologico ou psicossocial,2024-09-13
471,Beatriz Lima Costa,202460752,5B,Edificações,2024.1,32,5.14,99.9,1.14,53.0,7,0,1,MEDIO,65,Reforco escolar e acompanhamento pedagogico | Encaminhamento para apoio psicologico ou psicossocial | Orientacao para rotina de estudos,2026-04-29
472,Paulo Teixeira Nascimento,202460804,5A,Edificações,2024.1,31,7.1,96.0,1.03,11.1,6,1,0,BAIXO,20,Orientacao para rotina de estudos,2024-11-10
473,Felipe Monteiro Mendes,202460806,5A,Contabilidade,2024.2,20,6.13,81.3,1.84,57.8,1,1,0,BAIXO,20,Orientacao para rotina de estudos,2025-04-03
474,Gabriela Almeida Lima,202460886,5A,Agropecuária,2024.2,21,4.5,69.9,2.04,60.4,4,0,1,MEDIO,65,Reforco escolar e acompanhamento pedagogico | Contato com responsavel e monitoramento de frequencia,2024-07-22
475,Larissa Costa Rodrigues,202460896,3B,Edificações,2024.2,32,5.72,80.1,5.18,35.3,4,0,1,MEDIO,65,Reforco escolar e acompanhamento pedagogico,2026-05-10
476,Rafaela Lima Pereira,202461269,2A,Redes de Computadores,2024.1,17,4.21,96.6,3.11,29.9,10,0,1,MEDIO,65,Reforco escolar e acompanhamento pedagogico | Encaminhamento para apoio psicologico ou psicossocial,2025-07-07
477,Marcos Silva Nascimento,202461496,1B,Logística,2024.1,22,8.09,70.7,2.82,56.0,8,1,1,MEDIO,65,Contato com responsavel e monitoramento de frequencia | Encaminhamento para apoio psicologico ou psicossocial,2026-05-13
478,Vinicius Almeida Costa,202461534,5A,Administração,2024.1,20,3.5,82.0,3.23,45.5,5,1,1,MEDIO,65,Reforco escolar e acompanhamento pedagogico,2025-05-17
479,Vinicius Pereira Ferreira,202461645,5A,Contabilidade,2024.1,20,9.0,73.7,3.57,34.4,5,1,0,BAIXO,20,Contato com responsavel e monitoramento de frequencia,2024-06-20
480,Pedro Cardoso Lima,202461921,3B,Administração,2024.2,22,6.53,76.0,3.17,30.5,8,1,1,MEDIO,65,Encaminhamento para apoio psicologico ou psicossocial,2024-07-14
481,Ana Costa Barbosa,202462127,5B,Agropecuária,2024.1,33,9.34,70.8,2.83,51.6,7,0,1,MEDIO,65,Contato com responsavel e monitoramento de frequencia | Encaminhamento para apoio psicologico ou psicossocial,2025-06-16
482,Rafael Souza Rodrigues,202462166,1B,Contabilidade,2024.2,23,5.63,76.1,0.96,42.3,6,1,1,MEDIO,65,Reforco escolar e acompanhamento pedagogico | Orientacao para rotina de estudos,2026-10-09
483,Leonardo Batista Oliveira,202462285,3A,Edificações,2024.1,23,8.93,67.6,2.34,45.7,8,1,1,MEDIO,65,Contato com responsavel e monitoramento de frequencia | Encaminhamento para apoio psicologico ou psicossocial,2024-06-22
484,Jéssica Costa Cardoso,202462288,3A,Agropecuária,2024.1,24,5.03,85.6,1.55,30.7,3,0,0,BAIXO,20,Reforco escolar e acompanhamento pedagogico | Orientacao para rotina de estudos,2024-06-04
485,Aline Teixeira Cardoso,202462598,4A,Agropecuária,2024.2,18,5.44,59.3,1.24,39.3,4,0,1,MEDIO,65,Reforco escolar e acompanhamento pedagogico | Contato com responsavel e monitoramento de frequencia | Orientacao para rotina de estudos,2026-03-28
486,Lucas Ferreira Nascimento,202462673,5A,Pedagogia,2024.2,33,3.28,83.2,3.25,32.1,5,1,1,MEDIO,65,Reforco escolar e acompanhamento pedagogico,2025-03-28
487,Eduarda Nascimento Ribeiro,202463022,4B,Eletrotécnica,2024.2,26,4.12,100.0,1.15,42.0,2,0,0,BAIXO,20,Reforco escolar e acompanhamento pedagogico | Orientacao para rotina de estudos,2024-02-06
488,Jéssica Gomes Monteiro,202463127,5A,Administração,2024.2,26,5.95,68.1,3.57,70.4,3,0,1,MEDIO,65,Reforco escolar e acompanhamento pedagogico | Contato com responsavel e monitoramento de frequencia,2026-03-17
489,Henrique Araújo Santos,202463363,3A,Informática,2024.2,34,10.0,88.1,0.87,27.8,8,1,0,BAIXO,20,Encaminhamento para apoio psicologico ou psicossocial | Orientacao para rotina de estudos,2026-10-27
490,Beatriz Oliveira Ferreira,202463480,4A,Eletrotécnica,2024.1,16,9.08,68.2,3.98,62.3,6,0,0,BAIXO,20,Contato com responsavel e monitoramento de frequencia,2025-12-03
491,Maria Souza Batista,202463748,5B,Administração,2024.1,25,4.59,81.2,0.49,33.8,5,0,1,MEDIO,65,Reforco escolar e acompanhamento pedagogico | Orientacao para rotina de estudos,2024-06-01
492,Vitória Nascimento Lima,202463787,2B,Administração,2024.2,23,7.05,91.0,2.04,46.7,6,0,0,BAIXO,20,Manter acompanhamento preventivo,2024-01-26
493,Rafaela Silva Pereira,202463815,3A,Edificações,2024.1,34,8.13,49.9,1.32,44.1,2,0,1,MEDIO,65,Contato com responsavel e monitoramento de frequencia | Orientacao para rotina de estudos,2026-05-11
494,Thiago Monteiro Nascimento,202463840,2A,Redes de Computadores,2024.2,31,7.93,100.0,1.99,42.3,7,1,0,BAIXO,20,Encaminhamento para apoio psicologico ou psicossocial | Orientacao para rotina de estudos,2025-01-07
495,Paulo Teixeira Nascimento,202463843,3B,Eletrotécnica,2024.2,22,8.42,65.2,1.55,18.1,2,1,0,BAIXO,20,Contato com responsavel e monitoramento de frequencia | Orientacao para rotina de estudos,2024-07-23
496,Felipe Oliveira Rodrigues,202463880,1A,Enfermagem,2024.1,17,6.78,100.0,2.24,45.2,9,1,1,MEDIO,65,Encaminhamento para apoio psicologico ou psicossocial,2026-08-21
497,Beatriz Rodrigues Teixeira,202464000,4B,Eletrotécnica,2024.2,31,5.33,75.7,1.24,11.6,7,0,1,MEDIO,65,Reforco escolar e acompanhamento pedagogico | Encaminhamento para apoio psicologico ou psicossocial | Orientacao para rotina de estudos,2025-04-13
498,Patrícia Araújo Santos,202464358,3B,Informática,2024.1,25,10.0,83.9,3.31,16.0,2,0,0,BAIXO,20,Manter acompanhamento preventivo,2025-12-23
499,Thiago Mendes Ferreira,202464401,5B,Eletrotécnica,2024.2,25,5.37,91.1,4.8,30.5,7,1,1,MEDIO,65,Reforco escolar e acompanhamento pedagogico | Encaminhamento para apoio psicologico ou psicossocial,2025-01-02
500,Carlos Teixeira Souza,202464415,3A,Administração,2024.2,18,5.41,64.0,4.17,5.0,8,1,1,ALTO,90,Reforco escolar e acompanhamento pedagogico | Contato com responsavel e monitoramento de frequencia | Encaminhamento para apoio psicologico ou psicossocial,2026-06-17
501,Marina Ferreira Ferreira,202464558,1A,Eletrotécnica,2024.1,21,7.14,66.7,1.42,20.5,6,0,0,BAIXO,20,Contato com responsavel e monitoramento de frequencia | Orientacao para rotina de estudos,2025-10-04
502,Paulo Monteiro Gomes,202464658,3B,Logística,2024.2,30,3.29,68.5,2.81,39.6,3,1,1,ALTO,90,Reforco escolar e acompanhamento pedagogico | Contato com responsavel e monitoramento de frequencia,2025-09-07
503,Henrique Oliveira Araújo,202464823,1B,Redes de Computadores,2024.2,23,8.56,94.3,3.46,30.9,3,1,0,BAIXO,20,Manter acompanhamento preventivo,2024-02-17
504,Aline Gomes Silva,202464949,4A,Logística,2024.2,18,7.27,100.0,0.17,40.1,5,0,0,BAIXO,20,Orientacao para rotina de estudos,2026-12-12
505,Gabriela Teixeira Monteiro,202464965,4A,Pedagogia,2024.2,29,8.43,71.9,2.73,65.7,3,0,0,BAIXO,20,Contato com responsavel e monitoramento de frequencia,2025-09-30
506,Rafaela Souza Rodrigues,202465025,3A,Agropecuária,2024.2,20,6.75,52.9,2.18,6.8,8,0,1,MEDIO,65,Contato com responsavel e monitoramento de frequencia | Encaminhamento para apoio psicologico ou psicossocial,2026-10-25
507,Gustavo Costa Costa,202465038,1B,Redes de Computadores,2024.2,18,4.71,93.5,3.06,30.4,2,1,0,BAIXO,20,Reforco escolar e acompanhamento pedagogico,2025-10-04
508,Leonardo Santos Ribeiro,202465060,4B,Logística,2024.1,20,7.84,74.3,0.71,56.6,3,1,1,MEDIO,65,Contato com responsavel e monitoramento de frequencia | Orientacao para rotina de estudos,2024-05-12
509,Leonardo Nascimento Costa,202465068,4B,Agropecuária,2024.1,19,8.42,66.1,3.12,27.4,7,1,1,MEDIO,65,Contato com responsavel e monitoramento de frequencia | Encaminhamento para apoio psicologico ou psicossocial,2024-04-24
510,Felipe Nascimento Teixeira,202465343,1A,Agropecuária,2024.1,18,7.79,88.0,3.26,10.1,6,1,0,BAIXO,20,Manter acompanhamento preventivo,2026-04-10
511,Henrique Monteiro Gomes,202465436,5A,Administração,2024.2,34,6.49,89.9,1.88,37.1,7,1,0,BAIXO,20,Encaminhamento para apoio psicologico ou psicossocial | Orientacao para rotina de estudos,2025-06-01
512,Vinicius Ferreira Mendes,202465516,5B,Eletrotécnica,2024.2,19,4.07,85.4,2.57,58.0,8,1,1,MEDIO,65,Reforco escolar e acompanhamento pedagogico | Encaminhamento para apoio psicologico ou psicossocial,2024-05-15
513,Thiago Ribeiro Araújo,202466040,4B,Edificações,2024.2,31,7.57,60.3,4.32,29.5,5,1,0,BAIXO,20,Contato com responsavel e monitoramento de frequencia,2024-03-26
514,Daniel Barbosa Monteiro,202466156,3B,Agropecuária,2024.2,28,9.02,100.0,1.21,61.0,3,1,0,BAIXO,20,Orientacao para rotina de estudos,2025-05-06
515,Camila Rodrigues Barbosa,202466168,1A,Enfermagem,2024.1,24,7.7,55.3,2.19,69.0,4,0,0,BAIXO,20,Contato com responsavel e monitoramento de frequencia,2025-08-31
516,Diego Ribeiro Batista,202466277,2B,Agropecuária,2024.2,21,4.97,88.1,1.84,11.2,4,1,0,BAIXO,20,Reforco escolar e acompanhamento pedagogico | Orientacao para rotina de estudos,2026-01-08
517,Mateus Batista Mendes,202466379,3B,Administração,2024.2,24,5.24,72.8,1.93,34.2,9,1,1,ALTO,90,Reforco escolar e acompanhamento pedagogico | Contato com responsavel e monitoramento de frequencia | Encaminhamento para apoio psicologico ou psicossocial | Orientacao para rotina de estudos,2026-10-21
518,Marcos Ribeiro Ferreira,202466414,1A,Pedagogia,2024.1,33,4.2,84.2,1.26,11.4,4,1,1,MEDIO,65,Reforco escolar e acompanhamento pedagogico | Orientacao para rotina de estudos,2026-07-10
519,Maria Gomes Barbosa,202466418,3A,Redes de Computadores,2024.1,31,7.3,100.0,4.31,14.4,7,0,0,BAIXO,20,Encaminhamento para apoio psicologico ou psicossocial,2025-04-18
520,João Batista Batista,202466421,2B,Agropecuária,2024.1,24,8.12,59.9,1.88,59.4,3,1,0,BAIXO,20,Contato com responsavel e monitoramento de frequencia | Orientacao para rotina de estudos,2024-11-11
521,Bruno Santos Mendes,202466434,3B,Redes de Computadores,2024.2,31,5.23,59.2,2.88,33.3,7,1,1,ALTO,90,Reforco escolar e acompanhamento pedagogico | Contato com responsavel e monitoramento de frequencia | Encaminhamento para apoio psicologico ou psicossocial,2024-04-15
522,Daniel Ribeiro Pereira,202466734,5B,Pedagogia,2024.1,32,4.7,85.5,3.5,58.5,9,1,1,MEDIO,65,Reforco escolar e acompanhamento pedagogico | Encaminhamento para apoio psicologico ou psicossocial,2026-09-13
523,Paulo Mendes Rodrigues,202466850,5B,Edificações,2024.1,16,9.5,95.1,0.0,66.4,7,1,0,BAIXO,20,Encaminhamento para apoio psicologico ou psicossocial | Orientacao para rotina de estudos,2024-08-17
524,Vitória Ferreira Souza,202466973,3A,Edificações,2024.2,17,8.9,69.7,5.2,6.5,6,0,0,BAIXO,20,Contato com responsavel e monitoramento de frequencia,2025-11-15
525,Thiago Santos Mendes,202466982,5B,Agropecuária,2024.1,26,7.98,67.2,1.43,55.1,6,1,0,BAIXO,20,Contato com responsavel e monitoramento de frequencia | Orientacao para rotina de estudos,2024-03-02
526,André Teixeira Gomes,202467147,5A,Pedagogia,2024.2,27,7.13,95.5,1.27,39.9,1,1,0,BAIXO,20,Orientacao para rotina de estudos,2024-01-29
527,Marina Nascimento Teixeira,202467148,5B,Informática,2024.2,19,8.54,86.7,2.24,39.6,6,0,0,BAIXO,20,Manter acompanhamento preventivo,2024-05-19
528,Luana Cardoso Pereira,202467469,4B,Informática,2024.2,33,6.3,78.1,3.23,52.7,7,0,1,MEDIO,65,Encaminhamento para apoio psicologico ou psicossocial,2024-05-21
529,Luana Lima Costa,202467550,4B,Contabilidade,2024.1,30,0.12,75.2,0.86,23.6,5,0,1,ALTO,90,Reforco escolar e acompanhamento pedagogico | Orientacao para rotina de estudos,2024-01-19
530,Paulo Silva Araújo,202467616,1B,Redes de Computadores,2024.2,22,4.38,92.9,0.83,32.3,6,1,1,MEDIO,65,Reforco escolar e acompanhamento pedagogico | Orientacao para rotina de estudos,2024-01-17
531,Daniel Oliveira Rodrigues,202467777,3B,Administração,2024.2,25,7.36,82.9,0.94,45.2,9,1,1,MEDIO,65,Encaminhamento para apoio psicologico ou psicossocial | Orientacao para rotina de estudos,2024-03-21
532,Vinicius Nascimento Ferreira,202467898,2A,Pedagogia,2024.1,25,8.8,85.6,3.27,30.6,4,1,0,BAIXO,20,Manter acompanhamento preventivo,2025-09-04
533,Fernanda Pereira Oliveira,202467968,2B,Redes de Computadores,2024.2,29,7.51,85.7,2.44,9.9,5,0,0,BAIXO,20,Manter acompanhamento preventivo,2026-02-28
534,Gustavo Batista Gomes,202468057,4B,Informática,2024.1,25,9.28,69.6,3.74,16.8,8,1,1,MEDIO,65,Contato com responsavel e monitoramento de frequencia | Encaminhamento para apoio psicologico ou psicossocial,2024-09-21
535,Eduarda Barbosa Lima,202468079,5B,Enfermagem,2024.1,28,6.4,76.8,3.05,36.7,8,0,1,MEDIO,65,Encaminhamento para apoio psicologico ou psicossocial,2025-09-07
536,Camila Batista Silva,202468155,3B,Logística,2024.1,25,4.51,100.0,0.68,23.8,4,0,1,MEDIO,65,Reforco escolar e acompanhamento pedagogico | Orientacao para rotina de estudos,2026-03-29
537,Patrícia Cardoso Batista,202468187,1B,Administração,2024.2,32,7.61,69.1,2.72,38.7,6,0,0,BAIXO,20,Contato com responsavel e monitoramento de frequencia,2025-07-10
538,Juliana Barbosa Gomes,202468328,1B,Edificações,2024.2,30,7.61,89.4,0.14,35.7,3,0,0,BAIXO,20,Orientacao para rotina de estudos,2026-01-11
539,Isabela Costa Almeida,202468365,5A,Logística,2024.2,21,5.29,75.6,1.16,5.4,7,0,1,MEDIO,65,Reforco escolar e acompanhamento pedagogico | Encaminhamento para apoio psicologico ou psicossocial | Orientacao para rotina de estudos,2024-06-08
540,Marcos Ferreira Almeida,202468623,3B,Contabilidade,2024.1,30,9.14,82.0,2.89,24.2,4,1,0,BAIXO,20,Manter acompanhamento preventivo,2026-01-12
541,Juliana Lima Araújo,202468840,2A,Administração,2024.1,34,5.28,91.2,4.81,13.2,5,0,0,BAIXO,20,Reforco escolar e acompanhamento pedagogico,2024-11-01
542,Felipe Pereira Santos,202468887,5B,Pedagogia,2024.1,26,6.53,62.2,3.03,55.4,3,1,1,MEDIO,65,Contato com responsavel e monitoramento de frequencia,2026-01-20
543,Aline Ribeiro Cardoso,202469333,2B,Logística,2024.2,26,8.13,83.1,4.8,61.8,5,0,0,BAIXO,20,Manter acompanhamento preventivo,2026-09-18
544,Carlos Nascimento Pereira,202469344,4B,Contabilidade,2024.2,24,9.26,100.0,2.22,7.2,1,1,0,BAIXO,20,Manter acompanhamento preventivo,2025-10-20
545,Lucas Almeida Ferreira,202469443,5B,Administração,2024.2,28,2.32,97.2,3.53,33.0,7,1,1,MEDIO,65,Reforco escolar e acompanhamento pedagogico | Encaminhamento para apoio psicologico ou psicossocial,2026-10-17
546,Mateus Cardoso Costa,202469474,3B,Edificações,2024.2,27,4.85,84.1,3.63,49.3,5,1,1,MEDIO,65,Reforco escolar e acompanhamento pedagogico,2026-05-05
547,Mateus Araújo Barbosa,202469489,2B,Agropecuária,2024.2,18,6.82,100.0,2.43,61.8,6,1,0,BAIXO,20,Manter acompanhamento preventivo,2024-07-01
548,Vitória Nascimento Gomes,202469777,2B,Enfermagem,2024.2,24,5.16,76.4,3.18,37.0,7,0,1,MEDIO,65,Reforco escolar e acompanhamento pedagogico | Encaminhamento para apoio psicologico ou psicossocial,2024-03-23
549,Luana Rodrigues Nascimento,202469806,5B,Agropecuária,2024.1,16,4.29,100.0,4.48,45.8,5,0,0,BAIXO,20,Reforco escolar e acompanhamento pedagogico,2024-12-24
550,Paulo Gomes Batista,202469829,2B,Pedagogia,2024.1,17,6.25,64.5,5.09,12.3,5,1,1,MEDIO,65,Contato com responsavel e monitoramento de frequencia,2026-08-09
551,Fernanda Ribeiro Costa,202469912,5B,Logística,2024.1,24,9.49,100.0,0.07,37.9,9,0,1,MEDIO,65,Encaminhamento para apoio psicologico ou psicossocial | Orientacao para rotina de estudos,2024-12-01
552,Jéssica Silva Silva,202469920,1A,Eletrotécnica,2024.1,31,6.69,83.0,4.11,49.6,4,0,0,BAIXO,20,Manter acompanhamento preventivo,2024-08-15
553,Rafael Cardoso Rodrigues,202470000,2B,Pedagogia,2024.2,33,5.42,83.6,3.13,21.1,5,1,1,MEDIO,65,Reforco escolar e acompanhamento pedagogico,2025-05-05
554,Aline Almeida Barbosa,202470114,3B,Pedagogia,2024.2,34,6.56,84.7,1.36,27.8,4,0,0,BAIXO,20,Orientacao para rotina de estudos,2024-04-22
555,Natália Santos Mendes,202470117,1A,Edificações,2024.2,26,6.44,82.6,4.23,34.6,4,0,0,BAIXO,20,Manter acompanhamento preventivo,2026-10-19
556,Gustavo Souza Lima,202470330,4B,Contabilidade,2024.1,30,7.65,79.7,3.91,43.4,6,1,0,BAIXO,20,Manter acompanhamento preventivo,2026-09-02
557,Lucas Rodrigues Nascimento,202470357,4A,Administração,2024.2,29,7.69,90.1,0.58,37.9,5,1,0,BAIXO,20,Orientacao para rotina de estudos,2025-06-18
558,Maria Ferreira Costa,202470413,3A,Logística,2024.1,27,8.71,85.4,3.3,5.0,7,0,0,BAIXO,20,Encaminhamento para apoio psicologico ou psicossocial,2024-05-18
559,Marina Mendes Ribeiro,202470423,1B,Edificações,2024.1,18,6.78,100.0,1.93,41.5,4,0,0,BAIXO,20,Orientacao para rotina de estudos,2024-12-10
560,Leonardo Lima Teixeira,202470456,3A,Pedagogia,2024.1,30,4.85,100.0,4.11,34.5,4,1,0,BAIXO,20,Reforco escolar e acompanhamento pedagogico,2025-12-30
561,Diego Costa Ribeiro,202470548,4B,Edificações,2024.2,26,7.99,78.7,3.79,52.0,9,1,1,MEDIO,65,Encaminhamento para apoio psicologico ou psicossocial,2025-03-07
562,Thiago Mendes Mendes,202470933,1B,Informática,2024.1,22,7.51,55.8,1.17,32.9,5,1,0,BAIXO,20,Contato com responsavel e monitoramento de frequencia | Orientacao para rotina de estudos,2025-02-28
563,Jéssica Almeida Souza,202471093,3A,Eletrotécnica,2024.1,27,8.34,94.6,2.96,19.3,4,0,0,BAIXO,20,Manter acompanhamento preventivo,2024-02-28
564,Gabriel Souza Batista,202471161,2A,Pedagogia,2024.2,19,5.42,86.2,2.05,55.4,2,1,0,BAIXO,20,Reforco escolar e acompanhamento pedagogico,2024-12-14
565,Vitória Ribeiro Oliveira,202471537,2A,Eletrotécnica,2024.1,20,5.51,90.0,1.73,5.5,2,0,0,BAIXO,20,Reforco escolar e acompanhamento pedagogico | Orientacao para rotina de estudos,2025-11-24
566,Natália Oliveira Souza,202471735,5A,Pedagogia,2024.1,33,7.3,87.1,4.87,6.8,7,0,0,BAIXO,20,Encaminhamento para apoio psicologico ou psicossocial,2024-02-09
567,Eduarda Ferreira Oliveira,202471740,4B,Informática,2024.2,25,6.45,77.1,4.3,44.8,5,0,0,BAIXO,20,Manter acompanhamento preventivo,2024-04-20
568,Vinicius Teixeira Batista,202471742,1B,Contabilidade,2024.1,32,5.63,81.7,0.0,18.2,4,1,1,MEDIO,65,Reforco escolar e acompanhamento pedagogico | Orientacao para rotina de estudos,2024-11-10
569,Rafael Santos Almeida,202471824,3A,Informática,2024.1,23,10.0,81.2,1.81,10.8,2,1,0,BAIXO,20,Orientacao para rotina de estudos,2025-04-21
570,Rafael Ferreira Almeida,202471827,1B,Enfermagem,2024.1,23,5.79,83.1,4.25,5.0,5,1,1,MEDIO,65,Reforco escolar e acompanhamento pedagogico,2024-06-19
571,Gabriela Ribeiro Oliveira,202471889,3B,Pedagogia,2024.2,18,6.79,70.1,1.86,118.6,8,0,1,MEDIO,65,Contato com responsavel e monitoramento de frequencia | Encaminhamento para apoio psicologico ou psicossocial | Orientacao para rotina de estudos | Avaliar apoio logistico ou flexibilizacao academica,2024-06-27
572,Natália Batista Ribeiro,202472097,5B,Informática,2024.2,24,4.98,73.9,1.68,51.9,5,0,1,MEDIO,65,Reforco escolar e acompanhamento pedagogico | Contato com responsavel e monitoramento de frequencia | Orientacao para rotina de estudos,2026-11-27
573,Bruno Oliveira Costa,202472209,5B,Administração,2024.2,27,5.98,96.9,2.15,66.3,6,1,0,BAIXO,20,Reforco escolar e acompanhamento pedagogico,2025-11-16
574,Luana Teixeira Rodrigues,202472277,1A,Informática,2024.2,20,10.0,96.5,0.67,29.3,8,0,0,BAIXO,20,Encaminhamento para apoio psicologico ou psicossocial | Orientacao para rotina de estudos,2026-07-21
575,Vitória Costa Cardoso,202472396,5A,Edificações,2024.2,28,5.97,97.9,5.04,49.6,4,0,0,BAIXO,20,Reforco escolar e acompanhamento pedagogico,2026-10-11
576,Vitória Gomes Cardoso,202472489,5B,Agropecuária,2024.2,34,7.55,74.6,1.31,25.2,9,0,1,MEDIO,65,Contato com responsavel e monitoramento de frequencia | Encaminhamento para apoio psicologico ou psicossocial | Orientacao para rotina de estudos,2024-08-04
577,Lucas Ferreira Nascimento,202472540,1B,Agropecuária,2024.2,30,4.26,90.7,3.57,32.9,6,1,0,BAIXO,20,Reforco escolar e acompanhamento pedagogico,2024-04-04
578,Aline Monteiro Mendes,202472601,4A,Redes de Computadores,2024.1,25,5.18,73.8,2.13,44.5,10,0,1,ALTO,90,Reforco escolar e acompanhamento pedagogico | Contato com responsavel e monitoramento de frequencia | Encaminhamento para apoio psicologico ou psicossocial,2025-09-07
579,Maria Pereira Nascimento,202472616,2B,Eletrotécnica,2024.2,28,4.54,94.4,3.2,35.4,7,0,1,MEDIO,65,Reforco escolar e acompanhamento pedagogico | Encaminhamento para apoio psicologico ou psicossocial,2026-01-10
580,Thiago Rodrigues Silva,202472648,3A,Administração,2024.2,16,6.81,64.8,2.35,63.0,6,1,1,MEDIO,65,Contato com responsavel e monitoramento de frequencia,2024-04-26
581,Ana Batista Silva,202472810,5B,Logística,2024.2,25,2.15,83.8,2.65,41.0,4,0,1,MEDIO,65,Reforco escolar e acompanhamento pedagogico,2026-11-18
582,Marcos Rodrigues Lima,202472843,4B,Pedagogia,2024.1,32,9.61,71.2,4.4,41.3,6,1,0,BAIXO,20,Contato com responsavel e monitoramento de frequencia,2025-12-22
583,Vinicius Costa Monteiro,202472850,2B,Eletrotécnica,2024.2,34,4.49,100.0,4.77,35.0,4,1,0,BAIXO,20,Reforco escolar e acompanhamento pedagogico,2024-11-15
584,Pedro Cardoso Lima,202472854,2A,Edificações,2024.1,19,6.72,100.0,3.62,51.5,6,1,0,BAIXO,20,Manter acompanhamento preventivo,2024-07-30
585,Daniel Gomes Ferreira,202472919,1B,Contabilidade,2024.2,22,6.75,100.0,1.9,39.0,3,1,0,BAIXO,20,Orientacao para rotina de estudos,2026-12-14
586,Daniel Oliveira Monteiro,202473238,3A,Informática,2024.1,30,3.96,87.9,2.7,60.4,8,1,1,MEDIO,65,Reforco escolar e acompanhamento pedagogico | Encaminhamento para apoio psicologico ou psicossocial,2026-03-07
587,Ana Pereira Almeida,202473818,4A,Logística,2024.1,21,5.77,94.6,4.56,59.4,4,0,0,BAIXO,20,Reforco escolar e acompanhamento pedagogico,2024-10-30
588,Leonardo Rodrigues Monteiro,202473963,4A,Contabilidade,2024.2,25,4.3,100.0,3.23,46.4,5,1,0,BAIXO,20,Reforco escolar e acompanhamento pedagogico,2024-06-30
589,Paulo Batista Gomes,202474110,2A,Redes de Computadores,2024.1,29,9.33,78.6,3.92,44.6,6,1,0,BAIXO,20,Manter acompanhamento preventivo,2024-06-06
590,Ana Batista Barbosa,202474175,1A,Logística,2024.1,30,9.3,75.6,2.2,14.6,5,0,0,BAIXO,20,Manter acompanhamento preventivo,2026-01-21
591,Eduarda Ribeiro Cardoso,202474189,3B,Pedagogia,2024.2,25,6.5,82.7,0.83,27.5,6,0,1,MEDIO,65,Orientacao para rotina de estudos,2025-12-18
592,Gabriela Ferreira Ferreira,202474196,5A,Administração,2024.2,29,7.84,72.2,0.41,9.5,5,0,1,MEDIO,65,Contato com responsavel e monitoramento de frequencia | Orientacao para rotina de estudos,2025-03-27
593,Carla Santos Barbosa,202474407,1B,Informática,2024.1,28,7.36,85.4,1.96,48.3,2,0,0,BAIXO,20,Orientacao para rotina de estudos,2024-11-15
594,Jéssica Souza Ribeiro,202474427,5A,Agropecuária,2024.1,18,5.44,77.8,1.94,30.9,3,0,1,MEDIO,65,Reforco escolar e acompanhamento pedagogico | Orientacao para rotina de estudos,2026-09-26
595,Pedro Pereira Rodrigues,202474440,1A,Redes de Computadores,2024.1,21,5.89,85.3,0.99,35.4,8,1,1,MEDIO,65,Reforco escolar e acompanhamento pedagogico | Encaminhamento para apoio psicologico ou psicossocial | Orientacao para rotina de estudos,2025-01-29
596,Jéssica Nascimento Ribeiro,202474617,2A,Pedagogia,2024.1,33,5.12,68.2,2.64,45.8,6,0,1,MEDIO,65,Reforco escolar e acompanhamento pedagogico | Contato com responsavel e monitoramento de frequencia,2025-06-20
597,Henrique Araújo Pereira,202474673,2B,Contabilidade,2024.1,32,8.69,84.8,3.16,31.8,4,1,0,BAIXO,20,Manter acompanhamento preventivo,2026-04-23
598,Bruno Costa Oliveira,202475038,1A,Administração,2024.1,28,8.24,81.8,1.59,24.2,4,1,0,BAIXO,20,Orientacao para rotina de estudos,2026-10-12
599,Eduarda Silva Lima,202475054,1B,Logística,2024.2,21,8.85,94.5,0.88,44.3,1,0,0,BAIXO,20,Orientacao para rotina de estudos,2025-02-22
600,Gabriela Ribeiro Silva,202475121,3B,Edificações,2024.2,30,5.33,85.5,1.21,5.0,6,0,0,BAIXO,20,Reforco escolar e acompanhamento pedagogico | Orientacao para rotina de estudos,2025-12-21
601,Larissa Ferreira Almeida,202475127,5A,Edificações,2024.1,32,5.17,82.2,3.26,68.2,3,0,1,MEDIO,65,Reforco escolar e acompanhamento pedagogico,2025-10-27
602,Carlos Ribeiro Teixeira,202475371,3A,Edificações,2024.2,34,5.53,78.9,2.32,39.4,10,1,1,ALTO,90,Reforco escolar e acompanhamento pedagogico | Encaminhamento para apoio psicologico ou psicossocial,2025-05-19
603,Rafaela Mendes Almeida,202475423,5B,Contabilidade,2024.2,27,7.19,82.3,3.19,36.4,6,0,0,BAIXO,20,Manter acompanhamento preventivo,2025-03-21
604,Mateus Souza Batista,202475514,3A,Enfermagem,2024.2,26,4.85,82.6,1.3,39.5,4,1,1,MEDIO,65,Reforco escolar e acompanhamento pedagogico | Orientacao para rotina de estudos,2025-08-03
605,Carla Costa Pereira,202475589,1A,Administração,2024.1,21,8.43,67.0,4.25,57.2,6,0,0,BAIXO,20,Contato com responsavel e monitoramento de frequencia,2024-09-22
606,Samuel Mendes Barbosa,202475689,3B,Informática,2024.2,33,6.4,85.1,2.2,52.0,5,1,0,BAIXO,20,Manter acompanhamento preventivo,2025-11-10
607,Marina Pereira Almeida,202475841,4B,Agropecuária,2024.1,29,3.45,78.2,2.74,40.1,6,0,1,MEDIO,65,Reforco escolar e acompanhamento pedagogico,2025-01-21
608,Isabela Batista Silva,202475865,1B,Administração,2024.2,18,5.29,66.0,3.95,48.3,2,0,1,MEDIO,65,Reforco escolar e acompanhamento pedagogico | Contato com responsavel e monitoramento de frequencia,2026-08-13
609,Diego Ribeiro Gomes,202475867,2A,Pedagogia,2024.1,33,5.88,62.3,2.91,57.0,3,1,1,MEDIO,65,Reforco escolar e acompanhamento pedagogico | Contato com responsavel e monitoramento de frequencia,2025-06-28
610,André Rodrigues Araújo,202476202,2B,Informática,2024.2,23,7.85,72.9,3.47,54.3,6,1,0,BAIXO,20,Contato com responsavel e monitoramento de frequencia,2026-06-01
611,Patrícia Pereira Batista,202476269,1B,Redes de Computadores,2024.2,25,8.69,88.7,2.8,27.4,3,0,0,BAIXO,20,Manter acompanhamento preventivo,2025-07-23
612,Lucas Costa Batista,202476278,4A,Logística,2024.2,21,7.31,100.0,2.59,50.2,3,1,0,BAIXO,20,Manter acompanhamento preventivo,2026-01-21
613,Gustavo Pereira Monteiro,202476294,2A,Eletrotécnica,2024.2,31,6.98,84.5,1.87,41.6,4,1,0,BAIXO,20,Orientacao para rotina de estudos,2026-09-19
614,Isabela Araújo Araújo,202476325,4B,Pedagogia,2024.1,34,7.69,58.4,2.68,28.0,6,0,0,BAIXO,20,Contato com responsavel e monitoramento de frequencia,2024-01-15
615,Eduarda Costa Ferreira,202476361,5B,Enfermagem,2024.1,16,6.8,80.3,2.5,58.6,6,0,0,BAIXO,20,Manter acompanhamento preventivo,2024-05-21
616,Maria Souza Batista,202476472,4B,Eletrotécnica,2024.1,26,7.81,86.9,1.39,10.5,9,0,0,BAIXO,20,Encaminhamento para apoio psicologico ou psicossocial | Orientacao para rotina de estudos,2026-08-15
617,Camila Mendes Ferreira,202476479,3B,Administração,2024.2,26,8.28,80.9,5.48,18.5,3,0,0,BAIXO,20,Manter acompanhamento preventivo,2025-06-09
618,Samuel Pereira Monteiro,202476727,4B,Eletrotécnica,2024.1,31,8.69,74.8,3.09,38.0,4,1,0,BAIXO,20,Contato com responsavel e monitoramento de frequencia,2026-09-07
619,Eduarda Nascimento Teixeira,202476872,3B,Informática,2024.1,28,6.87,99.4,2.97,11.8,9,0,1,MEDIO,65,Encaminhamento para apoio psicologico ou psicossocial,2024-08-18
620,Rafael Batista Mendes,202476964,1B,Administração,2024.2,28,5.45,100.0,1.86,39.6,5,1,0,BAIXO,20,Reforco escolar e acompanhamento pedagogico | Orientacao para rotina de estudos,2025-07-07
621,Rafaela Nascimento Costa,202476965,2A,Pedagogia,2024.2,17,8.57,77.2,3.45,63.6,6,0,0,BAIXO,20,Manter acompanhamento preventivo,2026-08-06
622,Patrícia Santos Nascimento,202477009,5B,Agropecuária,2024.2,29,7.0,98.3,2.04,54.1,2,0,0,BAIXO,20,Manter acompanhamento preventivo,2025-05-25
623,Rafaela Oliveira Barbosa,202477035,3A,Informática,2024.2,30,7.12,56.7,1.73,44.7,8,0,1,MEDIO,65,Contato com responsavel e monitoramento de frequencia | Encaminhamento para apoio psicologico ou psicossocial | Orientacao para rotina de estudos,2026-11-29
624,Paulo Costa Rodrigues,202477303,3A,Administração,2024.1,27,8.33,97.3,1.86,52.5,10,1,0,BAIXO,20,Encaminhamento para apoio psicologico ou psicossocial | Orientacao para rotina de estudos,2025-07-01
625,Larissa Costa Costa,202477441,2B,Enfermagem,2024.1,30,7.72,67.7,2.77,34.9,6,0,0,BAIXO,20,Contato com responsavel e monitoramento de frequencia,2025-03-09
626,Diego Araújo Cardoso,202477472,1A,Contabilidade,2024.1,20,9.93,97.3,3.45,12.2,5,1,0,BAIXO,20,Manter acompanhamento preventivo,2025-10-30
627,Juliana Silva Silva,202477596,2A,Redes de Computadores,2024.2,24,7.06,83.6,3.12,39.3,3,0,0,BAIXO,20,Manter acompanhamento preventivo,2025-06-29
628,Gabriela Oliveira Rodrigues,202477717,3A,Enfermagem,2024.2,17,5.29,72.3,1.52,23.0,5,0,1,MEDIO,65,Reforco escolar e acompanhamento pedagogico | Contato com responsavel e monitoramento de frequencia | Orientacao para rotina de estudos,2024-02-08
629,Samuel Mendes Pereira,202477865,4B,Redes de Computadores,2024.2,34,8.87,75.3,1.68,73.0,5,1,0,BAIXO,20,Orientacao para rotina de estudos,2025-07-20
630,Aline Mendes Batista,202478332,2B,Logística,2024.1,25,5.98,54.6,2.25,20.6,5,0,1,MEDIO,65,Reforco escolar e acompanhamento pedagogico | Contato com responsavel e monitoramento de frequencia,2025-09-04
631,Marina Barbosa Batista,202478457,2B,Pedagogia,2024.2,26,5.63,76.2,1.25,14.8,2,0,1,MEDIO,65,Reforco escolar e acompanhamento pedagogico | Orientacao para rotina de estudos,2026-11-07
632,Amanda Lima Barbosa,202478521,3A,Contabilidade,2024.1,27,7.28,74.5,3.98,13.6,4,0,0,BAIXO,20,Contato com responsavel e monitoramento de frequencia,2024-08-29
633,Mateus Oliveira Costa,202478535,3A,Edificações,2024.1,29,3.56,70.0,2.48,37.6,4,1,1,ALTO,90,Reforco escolar e acompanhamento pedagogico | Contato com responsavel e monitoramento de frequencia,2025-11-24
634,Lucas Lima Costa,202478678,4B,Administração,2024.1,32,2.66,78.6,4.47,36.5,9,1,1,ALTO,90,Reforco escolar e acompanhamento pedagogico | Encaminhamento para apoio psicologico ou psicossocial,2025-12-16
635,Amanda Almeida Araújo,202478856,3B,Logística,2024.2,25,8.25,90.4,1.33,30.0,6,0,0,BAIXO,20,Orientacao para rotina de estudos,2026-05-15
636,Ana Barbosa Araújo,202479041,2A,Redes de Computadores,2024.2,25,5.45,90.1,3.16,28.3,3,0,0,BAIXO,20,Reforco escolar e acompanhamento pedagogico,2024-02-28
637,Fernanda Teixeira Oliveira,202479348,4B,Agropecuária,2024.1,21,9.76,89.9,1.78,54.0,5,0,0,BAIXO,20,Orientacao para rotina de estudos,2024-06-14
638,Henrique Batista Oliveira,202479349,3B,Informática,2024.1,18,5.18,100.0,2.5,19.9,5,1,0,BAIXO,20,Reforco escolar e acompanhamento pedagogico,2026-01-13
639,Rafael Barbosa Lima,202479531,1A,Enfermagem,2024.1,18,5.43,62.3,0.62,48.9,3,1,1,ALTO,90,Reforco escolar e acompanhamento pedagogico | Contato com responsavel e monitoramento de frequencia | Orientacao para rotina de estudos,2025-11-29
640,Isabela Lima Araújo,202479716,2A,Informática,2024.2,27,8.75,77.7,3.04,17.5,3,0,0,BAIXO,20,Manter acompanhamento preventivo,2024-03-18
641,Ana Lima Cardoso,202479721,2B,Administração,2024.1,27,9.05,64.8,5.2,35.7,3,0,0,BAIXO,20,Contato com responsavel e monitoramento de frequencia,2026-02-09
642,Felipe Ribeiro Batista,202480206,3B,Redes de Computadores,2024.1,18,6.5,69.3,1.77,60.2,8,1,1,MEDIO,65,Contato com responsavel e monitoramento de frequencia | Encaminhamento para apoio psicologico ou psicossocial | Orientacao para rotina de estudos,2024-04-15
643,Rafael Lima Ribeiro,202480215,3A,Administração,2024.1,32,5.11,97.7,5.09,19.6,3,1,0,BAIXO,20,Reforco escolar e acompanhamento pedagogico,2026-12-31
644,Natália Mendes Souza,202480219,2A,Redes de Computadores,2024.2,29,8.26,73.8,3.75,42.8,6,0,0,BAIXO,20,Contato com responsavel e monitoramento de frequencia,2026-05-21
645,Diego Monteiro Nascimento,202480517,3B,Informática,2024.2,31,6.35,81.1,2.93,42.5,5,1,0,BAIXO,20,Manter acompanhamento preventivo,2025-02-21
646,Marcos Rodrigues Rodrigues,202480522,2B,Enfermagem,2024.1,26,5.23,93.4,2.33,50.9,5,1,0,BAIXO,20,Reforco escolar e acompanhamento pedagogico,2025-08-14
647,João Nascimento Gomes,202480660,4B,Edificações,2024.1,32,5.98,73.8,4.77,41.6,1,1,1,MEDIO,65,Reforco escolar e acompanhamento pedagogico | Contato com responsavel e monitoramento de frequencia,2024-05-06
648,Ana Silva Cardoso,202480734,5A,Edificações,2024.2,24,5.87,100.0,0.35,39.0,5,0,1,MEDIO,65,Reforco escolar e acompanhamento pedagogico | Orientacao para rotina de estudos,2026-01-09
649,Fernanda Pereira Santos,202480782,1A,Enfermagem,2024.2,26,5.16,79.3,3.18,55.1,6,0,1,MEDIO,65,Reforco escolar e acompanhamento pedagogico,2024-11-21
650,Luana Oliveira Lima,202480922,2A,Informática,2024.2,33,8.06,89.5,3.05,30.2,5,0,0,BAIXO,20,Manter acompanhamento preventivo,2026-06-21
651,Isabela Mendes Monteiro,202480944,4A,Contabilidade,2024.1,28,6.28,84.8,2.11,19.7,2,0,0,BAIXO,20,Manter acompanhamento preventivo,2025-02-24
652,Natália Silva Ribeiro,202480981,1A,Eletrotécnica,2024.2,16,8.69,80.3,0.0,53.3,4,0,0,BAIXO,20,Orientacao para rotina de estudos,2024-01-20
653,Vitória Araújo Barbosa,202481037,1B,Edificações,2024.2,22,3.87,76.1,1.54,44.9,6,0,1,MEDIO,65,Reforco escolar e acompanhamento pedagogico | Orientacao para rotina de estudos,2026-02-16
654,Rafael Cardoso Lima,202481056,4B,Logística,2024.2,26,7.15,65.6,0.91,41.6,6,1,1,MEDIO,65,Contato com responsavel e monitoramento de frequencia | Orientacao para rotina de estudos,2025-08-02
655,Thiago Nascimento Gomes,202481674,1B,Enfermagem,2024.2,29,7.58,63.6,1.64,33.6,9,1,1,MEDIO,65,Contato com responsavel e monitoramento de frequencia | Encaminhamento para apoio psicologico ou psicossocial | Orientacao para rotina de estudos,2024-05-29
656,Mateus Cardoso Nascimento,202481883,1B,Redes de Computadores,2024.1,31,5.86,71.4,4.69,26.2,4,1,1,MEDIO,65,Reforco escolar e acompanhamento pedagogico | Contato com responsavel e monitoramento de frequencia,2026-06-15
657,Fernanda Mendes Rodrigues,202481891,3A,Administração,2024.1,17,10.0,92.6,3.38,20.3,7,0,0,BAIXO,20,Encaminhamento para apoio psicologico ou psicossocial,2024-09-17
658,Gabriela Almeida Lima,202481932,2B,Logística,2024.2,16,5.6,76.6,3.2,44.0,7,0,1,MEDIO,65,Reforco escolar e acompanhamento pedagogico | Encaminhamento para apoio psicologico ou psicossocial,2024-08-15
659,Bruno Almeida Souza,202482286,4B,Logística,2024.2,20,5.58,92.5,2.84,50.4,8,1,1,MEDIO,65,Reforco escolar e acompanhamento pedagogico | Encaminhamento para apoio psicologico ou psicossocial,2025-05-11
660,Marina Cardoso Oliveira,202482325,5B,Edificações,2024.2,21,6.89,88.6,2.28,38.4,5,0,0,BAIXO,20,Manter acompanhamento preventivo,2025-03-10
661,Samuel Pereira Ribeiro,202482433,1A,Informática,2024.1,32,6.14,77.4,3.34,58.4,4,1,0,BAIXO,20,Manter acompanhamento preventivo,2024-07-27
662,Marcos Barbosa Almeida,202482500,3A,Administração,2024.2,34,5.69,72.2,3.34,58.2,5,1,1,MEDIO,65,Reforco escolar e acompanhamento pedagogico | Contato com responsavel e monitoramento de frequencia,2024-12-07
663,Diego Ferreira Mendes,202482521,1A,Eletrotécnica,2024.1,29,2.96,78.7,5.8,10.2,1,1,1,MEDIO,65,Reforco escolar e acompanhamento pedagogico,2025-08-11
664,Patrícia Gomes Ferreira,202482578,4A,Edificações,2024.1,29,5.96,81.6,1.88,56.7,6,0,1,MEDIO,65,Reforco escolar e acompanhamento pedagogico | Orientacao para rotina de estudos,2026-10-10
665,Leonardo Gomes Silva,202482669,1A,Eletrotécnica,2024.1,21,8.72,81.7,2.85,54.9,3,1,0,BAIXO,20,Manter acompanhamento preventivo,2026-01-17
666,Bruno Barbosa Ribeiro,202482776,3B,Logística,2024.2,20,7.38,100.0,4.68,33.8,6,1,0,BAIXO,20,Manter acompanhamento preventivo,2024-08-12
667,André Cardoso Ferreira,202482819,4B,Informática,2024.2,20,8.28,69.9,4.2,30.7,8,1,1,MEDIO,65,Contato com responsavel e monitoramento de frequencia | Encaminhamento para apoio psicologico ou psicossocial,2026-09-17
668,Beatriz Costa Ribeiro,202482851,4A,Logística,2024.2,29,7.46,82.6,0.79,14.3,6,0,0,BAIXO,20,Orientacao para rotina de estudos,2024-10-07
669,Thiago Santos Souza,202483010,3B,Edificações,2024.1,24,5.3,84.8,2.16,41.3,9,1,1,ALTO,90,Reforco escolar e acompanhamento pedagogico | Encaminhamento para apoio psicologico ou psicossocial,2026-11-21
670,Jéssica Araújo Pereira,202483254,3B,Redes de Computadores,2024.2,16,8.99,77.4,2.38,46.2,9,0,1,MEDIO,65,Encaminhamento para apoio psicologico ou psicossocial,2024-09-06
671,Camila Barbosa Lima,202483949,5B,Eletrotécnica,2024.1,33,6.75,94.3,2.16,33.0,6,0,0,BAIXO,20,Manter acompanhamento preventivo,2026-05-24
672,Marina Lima Souza,202483952,4B,Logística,2024.1,16,8.44,77.7,0.38,73.2,5,0,0,BAIXO,20,Orientacao para rotina de estudos,2024-01-23
673,Aline Lima Pereira,202483997,5B,Logística,2024.1,28,3.77,86.8,3.78,5.0,6,0,1,MEDIO,65,Reforco escolar e acompanhamento pedagogico,2024-02-01
674,Larissa Gomes Nascimento,202484009,5A,Informática,2024.2,32,5.7,56.1,2.01,50.9,7,0,1,ALTO,90,Reforco escolar e acompanhamento pedagogico | Contato com responsavel e monitoramento de frequencia | Encaminhamento para apoio psicologico ou psicossocial,2024-04-28
675,Amanda Gomes Monteiro,202484072,1A,Agropecuária,2024.1,19,5.62,83.5,4.48,24.1,8,0,1,MEDIO,65,Reforco escolar e acompanhamento pedagogico | Encaminhamento para apoio psicologico ou psicossocial,2025-01-07
676,Patrícia Santos Batista,202484209,2A,Contabilidade,2024.2,33,8.7,96.2,4.3,15.2,7,0,0,BAIXO,20,Encaminhamento para apoio psicologico ou psicossocial,2026-04-04
677,Luana Nascimento Silva,202484216,1B,Logística,2024.1,29,7.67,76.0,4.65,37.4,6,0,0,BAIXO,20,Manter acompanhamento preventivo,2025-11-06
678,Henrique Araújo Rodrigues,202484621,1A,Redes de Computadores,2024.2,24,2.56,100.0,3.27,49.9,6,1,1,MEDIO,65,Reforco escolar e acompanhamento pedagogico,2026-05-14
679,Lucas Costa Souza,202484847,1A,Redes de Computadores,2024.2,34,7.64,72.9,1.37,23.3,5,1,0,BAIXO,20,Contato com responsavel e monitoramento de frequencia | Orientacao para rotina de estudos,2026-06-20
680,Thiago Batista Nascimento,202485072,3A,Redes de Computadores,2024.2,23,5.57,79.2,4.67,17.9,10,1,1,ALTO,90,Reforco escolar e acompanhamento pedagogico | Encaminhamento para apoio psicologico ou psicossocial,2025-04-11
681,Felipe Ferreira Silva,202485170,4A,Administração,2024.1,17,7.87,62.8,1.02,40.7,3,1,0,BAIXO,20,Contato com responsavel e monitoramento de frequencia | Orientacao para rotina de estudos,2024-10-16
682,Pedro Lima Oliveira,202485174,3B,Edificações,2024.1,32,6.09,80.3,2.85,54.5,4,1,0,BAIXO,20,Manter acompanhamento preventivo,2024-10-19
683,Diego Batista Silva,202485255,2B,Redes de Computadores,2024.1,16,8.65,92.9,3.41,49.5,6,1,0,BAIXO,20,Manter acompanhamento preventivo,2024-06-14
684,Thiago Mendes Mendes,202485393,2A,Logística,2024.2,30,5.11,85.5,4.27,23.1,6,1,0,BAIXO,20,Reforco escolar e acompanhamento pedagogico,2025-10-23
685,Daniel Souza Cardoso,202485432,2B,Contabilidade,2024.1,20,6.16,100.0,1.54,55.5,3,1,0,BAIXO,20,Orientacao para rotina de estudos,2024-08-16
686,Gustavo Oliveira Oliveira,202485684,4B,Eletrotécnica,2024.2,23,6.66,71.5,0.0,53.9,7,1,1,ALTO,90,Contato com responsavel e monitoramento de frequencia | Encaminhamento para apoio psicologico ou psicossocial | Orientacao para rotina de estudos,2026-02-07
687,Diego Oliveira Nascimento,202485775,1B,Pedagogia,2024.1,29,9.73,82.0,1.65,40.2,4,1,0,BAIXO,20,Orientacao para rotina de estudos,2026-10-03
688,Gabriela Barbosa Costa,202485811,5A,Pedagogia,2024.1,33,6.03,68.8,3.0,53.7,5,0,1,MEDIO,65,Contato com responsavel e monitoramento de frequencia,2026-04-24
689,Jéssica Cardoso Barbosa,202485930,2B,Edificações,2024.1,16,9.64,72.3,0.0,27.4,2,0,1,MEDIO,65,Contato com responsavel e monitoramento de frequencia | Orientacao para rotina de estudos,2025-11-27
690,Vitória Silva Lima,202486055,1A,Eletrotécnica,2024.1,29,6.95,100.0,2.26,36.5,8,0,0,BAIXO,20,Encaminhamento para apoio psicologico ou psicossocial,2024-03-09
691,Rafael Monteiro Cardoso,202486085,5A,Enfermagem,2024.1,27,6.5,85.1,4.53,19.4,7,1,0,BAIXO,20,Encaminhamento para apoio psicologico ou psicossocial,2025-06-17
692,Paulo Lima Gomes,202486429,1B,Contabilidade,2024.1,31,7.06,76.6,1.33,40.8,8,1,0,BAIXO,20,Encaminhamento para apoio psicologico ou psicossocial | Orientacao para rotina de estudos,2026-09-16
693,Samuel Lima Lima,202486543,5B,Contabilidade,2024.1,26,4.92,82.3,4.65,40.8,2,1,1,MEDIO,65,Reforco escolar e acompanhamento pedagogico,2025-10-04
694,Gabriel Monteiro Monteiro,202486563,3B,Enfermagem,2024.2,19,5.62,98.3,0.47,11.1,6,1,1,MEDIO,65,Reforco escolar e acompanhamento pedagogico | Orientacao para rotina de estudos,2026-07-04
695,André Barbosa Mendes,202486720,3A,Redes de Computadores,2024.2,32,6.51,67.5,2.02,16.4,10,1,1,ALTO,90,Contato com responsavel e monitoramento de frequencia | Encaminhamento para apoio psicologico ou psicossocial,2024-07-05
696,Felipe Teixeira Batista,202486941,1A,Agropecuária,2024.2,27,4.78,71.4,5.2,26.2,5,1,1,MEDIO,65,Reforco escolar e acompanhamento pedagogico | Contato com responsavel e monitoramento de frequencia,2024-06-25
697,Juliana Lima Costa,202486943,1A,Edificações,2024.2,21,4.59,56.8,3.56,51.7,4,0,1,MEDIO,65,Reforco escolar e acompanhamento pedagogico | Contato com responsavel e monitoramento de frequencia,2026-03-26
698,Eduarda Monteiro Ferreira,202486969,4B,Contabilidade,2024.1,21,4.93,67.8,3.24,55.8,6,0,1,MEDIO,65,Reforco escolar e acompanhamento pedagogico | Contato com responsavel e monitoramento de frequencia,2025-01-13
699,Camila Souza Almeida,202487144,1A,Pedagogia,2024.2,18,9.03,60.0,2.06,39.7,4,0,0,BAIXO,20,Contato com responsavel e monitoramento de frequencia,2026-03-17
700,Aline Monteiro Silva,202487214,2B,Eletrotécnica,2024.2,30,8.16,100.0,0.13,40.5,7,0,0,BAIXO,20,Encaminhamento para apoio psicologico ou psicossocial | Orientacao para rotina de estudos,2024-01-06
701,Gabriela Gomes Cardoso,202487424,5A,Edificações,2024.1,24,8.17,77.7,2.87,45.3,2,0,0,BAIXO,20,Manter acompanhamento preventivo,2024-01-16
702,Jéssica Cardoso Barbosa,202487454,5B,Eletrotécnica,2024.2,34,1.4,100.0,3.49,43.9,5,0,1,MEDIO,65,Reforco escolar e acompanhamento pedagogico,2026-07-12
703,Leonardo Monteiro Cardoso,202487577,4A,Eletrotécnica,2024.2,33,5.73,95.1,0.0,12.0,5,1,1,MEDIO,65,Reforco escolar e acompanhamento pedagogico | Orientacao para rotina de estudos,2026-08-24
704,Rafaela Silva Silva,202487814,1B,Redes de Computadores,2024.2,22,7.81,100.0,2.83,24.9,5,0,0,BAIXO,20,Manter acompanhamento preventivo,2026-11-29
705,Patrícia Ferreira Nascimento,202487836,5A,Eletrotécnica,2024.2,30,2.39,72.5,2.13,5.0,3,0,1,ALTO,90,Reforco escolar e acompanhamento pedagogico | Contato com responsavel e monitoramento de frequencia,2024-08-08
706,Daniel Barbosa Oliveira,202487838,2A,Agropecuária,2024.1,16,6.16,92.2,5.45,43.4,4,1,0,BAIXO,20,Manter acompanhamento preventivo,2026-05-11
707,Natália Souza Nascimento,202488012,4A,Contabilidade,2024.2,34,7.48,88.6,1.81,25.2,5,0,0,BAIXO,20,Orientacao para rotina de estudos,2025-09-23
708,Rafael Cardoso Santos,202488137,4A,Administração,2024.2,26,6.25,82.2,1.42,48.9,2,1,0,BAIXO,20,Orientacao para rotina de estudos,2026-07-22
709,Thiago Oliveira Lima,202488154,5B,Enfermagem,2024.1,23,7.59,74.5,3.52,72.8,7,1,1,MEDIO,65,Contato com responsavel e monitoramento de frequencia | Encaminhamento para apoio psicologico ou psicossocial,2026-10-20
710,Isabela Barbosa Almeida,202488526,5B,Administração,2024.2,19,8.84,89.3,4.64,34.4,1,0,0,BAIXO,20,Manter acompanhamento preventivo,2024-04-29
711,Carla Souza Monteiro,202488566,3B,Contabilidade,2024.2,22,9.69,99.2,0.0,58.8,5,0,0,BAIXO,20,Orientacao para rotina de estudos,2024-10-04
712,Luana Nascimento Cardoso,202488769,2B,Pedagogia,2024.1,25,3.93,87.4,2.3,34.0,8,0,1,MEDIO,65,Reforco escolar e acompanhamento pedagogico | Encaminhamento para apoio psicologico ou psicossocial,2025-02-28
713,Larissa Cardoso Pereira,202488770,1B,Informática,2024.1,23,5.62,96.2,5.26,32.0,8,0,1,MEDIO,65,Reforco escolar e acompanhamento pedagogico | Encaminhamento para apoio psicologico ou psicossocial,2024-10-08
714,Samuel Nascimento Batista,202488779,4B,Eletrotécnica,2024.2,24,8.31,80.8,3.34,49.9,4,1,0,BAIXO,20,Manter acompanhamento preventivo,2024-06-04
715,Henrique Lima Barbosa,202488889,4B,Contabilidade,2024.1,19,2.82,88.0,3.04,30.7,5,1,1,MEDIO,65,Reforco escolar e acompanhamento pedagogico,2026-09-20
716,Samuel Monteiro Almeida,202488997,3A,Redes de Computadores,2024.2,25,7.23,79.9,0.0,30.2,3,1,0,BAIXO,20,Orientacao para rotina de estudos,2024-10-13
717,Felipe Lima Lima,202489048,2B,Informática,2024.2,23,4.73,93.3,3.52,36.8,7,1,1,MEDIO,65,Reforco escolar e acompanhamento pedagogico | Encaminhamento para apoio psicologico ou psicossocial,2026-07-26
718,Gustavo Barbosa Costa,202489144,1A,Logística,2024.1,24,8.34,60.4,5.03,48.3,8,1,1,MEDIO,65,Contato com responsavel e monitoramento de frequencia | Encaminhamento para apoio psicologico ou psicossocial,2024-11-05
719,Aline Ferreira Oliveira,202489168,5A,Redes de Computadores,2024.1,21,8.02,99.6,3.92,75.1,7,0,0,BAIXO,20,Encaminhamento para apoio psicologico ou psicossocial,2024-11-22
720,João Ribeiro Oliveira,202489204,3A,Administração,2024.1,34,8.05,86.1,2.32,41.3,8,1,0,BAIXO,20,Encaminhamento para apoio psicologico ou psicossocial,2026-04-17
721,Vinicius Monteiro Araújo,202489233,1B,Edificações,2024.1,19,5.36,72.7,3.85,26.9,4,1,1,MEDIO,65,Reforco escolar e acompanhamento pedagogico | Contato com responsavel e monitoramento de frequencia,2024-12-30
722,Beatriz Silva Mendes,202489263,5A,Enfermagem,2024.2,27,5.11,88.4,1.76,20.9,5,0,0,BAIXO,20,Reforco escolar e acompanhamento pedagogico | Orientacao para rotina de estudos,2025-11-24
723,Daniel Ferreira Ferreira,202489458,3B,Administração,2024.1,25,6.48,64.9,1.3,13.2,7,1,1,MEDIO,65,Contato com responsavel e monitoramento de frequencia | Encaminhamento para apoio psicologico ou psicossocial | Orientacao para rotina de estudos,2026-07-26
724,Pedro Nascimento Monteiro,202489491,2A,Administração,2024.2,30,5.4,37.2,2.11,38.7,5,1,1,ALTO,90,Reforco escolar e acompanhamento pedagogico | Contato com responsavel e monitoramento de frequencia,2024-11-25
725,Carlos Ferreira Nascimento,202489504,2A,Enfermagem,2024.2,22,9.24,77.7,2.0,53.7,7,1,0,BAIXO,20,Encaminhamento para apoio psicologico ou psicossocial,2024-05-30
726,Patrícia Cardoso Batista,202489701,4B,Informática,2024.2,17,7.29,72.2,5.04,7.4,6,0,0,BAIXO,20,Contato com responsavel e monitoramento de frequencia,2026-10-28
727,Amanda Pereira Gomes,202489738,5A,Enfermagem,2024.2,20,7.79,79.8,1.55,25.2,6,0,0,BAIXO,20,Orientacao para rotina de estudos,2025-04-27
728,Gabriel Ferreira Araújo,202489926,5A,Informática,2024.2,27,5.07,81.1,4.28,43.5,4,1,1,MEDIO,65,Reforco escolar e acompanhamento pedagogico,2025-05-11
729,Felipe Santos Ribeiro,202490240,5B,Agropecuária,2024.1,30,5.06,95.9,1.18,18.0,6,1,0,BAIXO,20,Reforco escolar e acompanhamento pedagogico | Orientacao para rotina de estudos,2024-09-05
730,Beatriz Cardoso Monteiro,202490367,2B,Eletrotécnica,2024.2,18,6.96,82.3,5.29,31.4,5,0,0,BAIXO,20,Manter acompanhamento preventivo,2026-09-09
731,Jéssica Barbosa Lima,202490373,3B,Administração,2024.2,17,4.95,79.0,2.86,5.3,3,0,1,MEDIO,65,Reforco escolar e acompanhamento pedagogico,2026-05-06
732,Isabela Araújo Rodrigues,202490581,2A,Enfermagem,2024.1,16,5.44,89.4,2.21,10.1,7,0,1,MEDIO,65,Reforco escolar e acompanhamento pedagogico | Encaminhamento para apoio psicologico ou psicossocial,2024-06-20
733,Felipe Lima Monteiro,202490596,3B,Enfermagem,2024.2,21,7.35,76.3,1.69,36.7,3,1,0,BAIXO,20,Orientacao para rotina de estudos,2025-06-10
734,Bruno Batista Santos,202490601,1A,Redes de Computadores,2024.1,23,6.4,87.6,4.13,29.7,8,1,0,BAIXO,20,Encaminhamento para apoio psicologico ou psicossocial,2025-12-23
735,Pedro Monteiro Almeida,202490698,2A,Logística,2024.1,33,7.85,66.0,5.09,17.4,6,1,0,BAIXO,20,Contato com responsavel e monitoramento de frequencia,2025-05-11
736,Felipe Batista Cardoso,202490790,3A,Logística,2024.2,34,6.0,100.0,1.88,61.9,7,1,0,BAIXO,20,Encaminhamento para apoio psicologico ou psicossocial | Orientacao para rotina de estudos,2026-05-10
737,Natália Cardoso Araújo,202490802,3A,Contabilidade,2024.1,25,8.34,82.4,0.83,29.0,7,0,1,MEDIO,65,Encaminhamento para apoio psicologico ou psicossocial | Orientacao para rotina de estudos,2024-08-13
738,Daniel Costa Silva,202490868,4A,Edificações,2024.2,30,4.9,69.1,1.46,47.3,4,1,1,MEDIO,65,Reforco escolar e acompanhamento pedagogico | Contato com responsavel e monitoramento de frequencia | Orientacao para rotina de estudos,2026-02-22
739,Vitória Batista Silva,202490911,4A,Eletrotécnica,2024.1,25,5.6,84.7,3.56,5.0,5,0,1,MEDIO,65,Reforco escolar e acompanhamento pedagogico,2025-04-22
740,Henrique Araújo Souza,202491027,1A,Edificações,2024.1,26,3.47,100.0,4.7,13.4,9,1,1,ALTO,90,Reforco escolar e acompanhamento pedagogico | Encaminhamento para apoio psicologico ou psicossocial,2025-11-22
741,Camila Oliveira Ferreira,202491043,2B,Logística,2024.1,33,6.05,66.3,1.56,50.8,5,0,1,MEDIO,65,Contato com responsavel e monitoramento de frequencia | Orientacao para rotina de estudos,2025-10-13
742,Bruno Teixeira Souza,202491368,2A,Edificações,2024.2,30,2.21,65.5,2.39,5.0,7,1,1,ALTO,90,Reforco escolar e acompanhamento pedagogico | Contato com responsavel e monitoramento de frequencia | Encaminhamento para apoio psicologico ou psicossocial,2024-03-14
743,Gabriela Pereira Santos,202491375,1A,Pedagogia,2024.1,28,7.99,76.5,2.85,31.5,7,0,0,BAIXO,20,Encaminhamento para apoio psicologico ou psicossocial,2025-05-19
744,Jéssica Batista Silva,202491447,2A,Redes de Computadores,2024.1,16,7.94,97.3,3.15,37.8,4,0,0,BAIXO,20,Manter acompanhamento preventivo,2026-09-03
745,Samuel Gomes Ferreira,202491491,3B,Eletrotécnica,2024.2,32,5.52,100.0,1.69,44.4,7,1,1,MEDIO,65,Reforco escolar e acompanhamento pedagogico | Encaminhamento para apoio psicologico ou psicossocial | Orientacao para rotina de estudos,2026-09-08
746,Leonardo Gomes Souza,202491577,5B,Eletrotécnica,2024.1,29,5.07,70.6,3.71,7.3,4,1,1,MEDIO,65,Reforco escolar e acompanhamento pedagogico | Contato com responsavel e monitoramento de frequencia,2024-09-13
747,Carlos Santos Ferreira,202491582,1B,Informática,2024.2,21,7.73,88.9,2.79,39.0,5,1,0,BAIXO,20,Manter acompanhamento preventivo,2024-02-07
748,Leonardo Rodrigues Santos,202491613,2A,Logística,2024.1,34,7.02,95.3,1.19,44.6,7,1,0,BAIXO,20,Encaminhamento para apoio psicologico ou psicossocial | Orientacao para rotina de estudos,2026-10-20
749,Rafael Batista Oliveira,202491830,4A,Enfermagem,2024.1,31,7.69,80.9,2.02,36.1,8,1,0,BAIXO,20,Encaminhamento para apoio psicologico ou psicossocial,2026-05-24
750,Bruno Lima Gomes,202491842,4A,Administração,2024.1,31,7.4,78.2,1.28,88.4,4,1,0,BAIXO,20,Orientacao para rotina de estudos,2026-08-29
751,André Ribeiro Araújo,202492034,5A,Redes de Computadores,2024.2,20,4.85,71.5,3.67,15.7,3,1,1,MEDIO,65,Reforco escolar e acompanhamento pedagogico | Contato com responsavel e monitoramento de frequencia,2026-09-05
752,Bruno Pereira Costa,202492044,4B,Enfermagem,2024.1,21,8.12,74.2,0.0,62.5,7,1,1,MEDIO,65,Contato com responsavel e monitoramento de frequencia | Encaminhamento para apoio psicologico ou psicossocial | Orientacao para rotina de estudos,2025-04-19
753,Isabela Mendes Silva,202492050,3A,Edificações,2024.1,21,8.23,64.8,4.83,38.3,4,0,0,BAIXO,20,Contato com responsavel e monitoramento de frequencia,2024-02-27
754,João Batista Oliveira,202492114,4A,Contabilidade,2024.1,31,6.85,79.4,0.44,24.2,6,1,1,MEDIO,65,Orientacao para rotina de estudos,2025-08-10
755,Henrique Rodrigues Silva,202492570,5B,Administração,2024.1,22,8.61,94.6,1.37,18.5,4,1,0,BAIXO,20,Orientacao para rotina de estudos,2025-11-04
756,Maria Rodrigues Rodrigues,202492750,4B,Logística,2024.2,20,6.25,90.8,2.86,49.2,7,0,0,BAIXO,20,Encaminhamento para apoio psicologico ou psicossocial,2024-03-30
757,Lucas Rodrigues Monteiro,202492756,5B,Informática,2024.1,28,9.12,100.0,3.21,38.6,7,1,0,BAIXO,20,Encaminhamento para apoio psicologico ou psicossocial,2025-12-08
758,Isabela Gomes Batista,202492934,4A,Logística,2024.2,23,9.09,86.9,1.81,39.8,5,0,0,BAIXO,20,Orientacao para rotina de estudos,2024-01-25
759,Rafaela Rodrigues Pereira,202493310,5B,Pedagogia,2024.2,30,7.85,100.0,3.26,27.1,3,0,0,BAIXO,20,Manter acompanhamento preventivo,2026-12-03
760,Vinicius Silva Mendes,202493321,2B,Logística,2024.1,21,9.0,75.8,4.22,40.1,9,1,1,MEDIO,65,Encaminhamento para apoio psicologico ou psicossocial,2025-07-04
761,Samuel Teixeira Santos,202493327,4B,Redes de Computadores,2024.2,16,10.0,91.7,3.68,37.1,7,1,0,BAIXO,20,Encaminhamento para apoio psicologico ou psicossocial,2026-01-11
762,Carlos Monteiro Souza,202493427,3B,Informática,2024.1,17,6.1,70.6,2.53,20.3,7,1,1,MEDIO,65,Contato com responsavel e monitoramento de frequencia | Encaminhamento para apoio psicologico ou psicossocial,2025-10-28
763,Henrique Monteiro Santos,202493460,3B,Logística,2024.1,20,7.15,93.3,2.43,24.1,4,1,0,BAIXO,20,Manter acompanhamento preventivo,2026-12-02
764,Patrícia Batista Araújo,202493511,5B,Eletrotécnica,2024.1,25,8.02,66.0,2.15,48.8,7,0,1,MEDIO,65,Contato com responsavel e monitoramento de frequencia | Encaminhamento para apoio psicologico ou psicossocial,2026-06-24
765,Mateus Rodrigues Mendes,202493633,4A,Redes de Computadores,2024.1,19,9.05,96.1,2.46,42.9,8,1,0,BAIXO,20,Encaminhamento para apoio psicologico ou psicossocial,2024-02-29
766,Mateus Rodrigues Nascimento,202493681,2B,Redes de Computadores,2024.2,18,9.21,100.0,1.03,40.7,6,1,0,BAIXO,20,Orientacao para rotina de estudos,2026-01-24
767,Daniel Mendes Monteiro,202493730,2A,Informática,2024.2,33,7.6,85.8,2.83,56.5,3,1,0,BAIXO,20,Manter acompanhamento preventivo,2025-06-30
768,Marina Gomes Costa,202493763,1A,Administração,2024.2,21,7.29,74.0,3.9,27.8,8,0,1,MEDIO,65,Contato com responsavel e monitoramento de frequencia | Encaminhamento para apoio psicologico ou psicossocial,2026-10-03
769,Carlos Monteiro Santos,202493766,1A,Contabilidade,2024.2,24,6.03,66.0,2.1,47.8,5,1,1,MEDIO,65,Contato com responsavel e monitoramento de frequencia,2025-06-18
770,Daniel Ribeiro Barbosa,202494130,3A,Redes de Computadores,2024.1,31,8.81,87.2,2.65,46.1,2,1,0,BAIXO,20,Manter acompanhamento preventivo,2025-01-13
771,Leonardo Rodrigues Silva,202494221,1A,Redes de Computadores,2024.2,27,6.15,69.3,4.53,61.6,4,1,1,MEDIO,65,Contato com responsavel e monitoramento de frequencia,2024-10-16
772,Vinicius Teixeira Almeida,202494634,3B,Logística,2024.1,16,10.0,77.0,3.92,24.6,5,1,0,BAIXO,20,Manter acompanhamento preventivo,2026-04-17
773,Carla Costa Teixeira,202494681,2A,Administração,2024.1,34,6.21,55.8,2.71,36.6,8,0,1,MEDIO,65,Contato com responsavel e monitoramento de frequencia | Encaminhamento para apoio psicologico ou psicossocial,2024-03-02
774,Rafaela Ribeiro Cardoso,202494842,3B,Pedagogia,2024.2,29,8.13,100.0,3.76,48.0,5,0,0,BAIXO,20,Manter acompanhamento preventivo,2025-07-10
775,Marina Teixeira Batista,202495250,1B,Contabilidade,2024.1,18,9.78,59.3,3.29,43.1,4,0,0,BAIXO,20,Contato com responsavel e monitoramento de frequencia,2024-11-23
776,Rafaela Almeida Oliveira,202495290,3A,Informática,2024.2,31,7.78,96.8,1.44,71.1,2,0,0,BAIXO,20,Orientacao para rotina de estudos,2025-12-22
777,Bruno Pereira Rodrigues,202495371,1A,Informática,2024.2,32,8.91,100.0,4.67,24.0,4,1,0,BAIXO,20,Manter acompanhamento preventivo,2025-08-23
778,Rafael Monteiro Ribeiro,202495479,1B,Logística,2024.2,21,5.82,67.3,1.69,24.6,4,1,1,MEDIO,65,Reforco escolar e acompanhamento pedagogico | Contato com responsavel e monitoramento de frequencia | Orientacao para rotina de estudos,2024-11-03
779,Gustavo Ribeiro Nascimento,202495563,5B,Logística,2024.2,31,5.14,81.8,2.99,90.5,5,1,1,MEDIO,65,Reforco escolar e acompanhamento pedagogico | Avaliar apoio logistico ou flexibilizacao academica,2024-07-02
780,Samuel Nascimento Pereira,202495572,4B,Informática,2024.2,30,6.3,100.0,1.86,30.7,10,1,1,MEDIO,65,Encaminhamento para apoio psicologico ou psicossocial | Orientacao para rotina de estudos,2024-03-18
781,André Oliveira Nascimento,202496121,2B,Edificações,2024.2,33,6.88,61.2,2.5,18.3,4,1,1,MEDIO,65,Contato com responsavel e monitoramento de frequencia,2024-09-06
782,Gabriel Santos Araújo,202497093,1A,Administração,2024.2,23,8.86,91.7,3.17,37.9,3,1,0,BAIXO,20,Manter acompanhamento preventivo,2026-09-17
783,Isabela Oliveira Cardoso,202497257,3A,Contabilidade,2024.1,17,5.41,80.4,1.95,37.1,7,0,1,MEDIO,65,Reforco escolar e acompanhamento pedagogico | Encaminhamento para apoio psicologico ou psicossocial | Orientacao para rotina de estudos,2025-03-12
784,Gabriel Silva Pereira,202497323,4B,Administração,2024.1,24,7.44,68.8,4.37,52.5,8,1,1,MEDIO,65,Contato com responsavel e monitoramento de frequencia | Encaminhamento para apoio psicologico ou psicossocial,2026-11-08
785,Aline Souza Costa,202497464,5B,Administração,2024.1,16,4.43,64.8,2.95,29.0,5,0,1,MEDIO,65,Reforco escolar e acompanhamento pedagogico | Contato com responsavel e monitoramento de frequencia,2024-11-17
786,Gabriel Costa Silva,202497643,5A,Enfermagem,2024.2,21,4.39,74.9,3.09,39.0,5,1,1,MEDIO,65,Reforco escolar e acompanhamento pedagogico | Contato com responsavel e monitoramento de frequencia,2026-01-17
787,Henrique Gomes Ferreira,202498131,5B,Logística,2024.2,32,9.87,70.2,2.25,23.1,6,1,0,BAIXO,20,Contato com responsavel e monitoramento de frequencia,2026-10-04
788,Vinicius Oliveira Batista,202498166,3A,Edificações,2024.2,30,5.96,67.2,0.17,19.5,6,1,1,ALTO,90,Reforco escolar e acompanhamento pedagogico | Contato com responsavel e monitoramento de frequencia | Orientacao para rotina de estudos,2026-01-07
789,Daniel Gomes Batista,202498201,1B,Edificações,2024.2,18,8.95,65.9,3.86,38.0,4,1,0,BAIXO,20,Contato com responsavel e monitoramento de frequencia,2025-07-18
790,Gabriela Ferreira Pereira,202498239,1B,Edificações,2024.1,17,8.04,91.5,2.92,16.8,5,0,0,BAIXO,20,Manter acompanhamento preventivo,2024-10-23
791,Carla Monteiro Rodrigues,202498317,3B,Administração,2024.2,29,7.95,92.1,4.7,19.6,6,0,0,BAIXO,20,Manter acompanhamento preventivo,2024-07-26
792,Eduarda Costa Gomes,202498592,2A,Logística,2024.1,16,5.42,74.7,3.61,5.0,6,0,1,MEDIO,65,Reforco escolar e acompanhamento pedagogico | Contato com responsavel e monitoramento de frequencia,2024-07-02
793,Isabela Ferreira Cardoso,202498841,4B,Logística,2024.2,25,7.15,79.9,2.83,10.7,7,0,0,BAIXO,20,Encaminhamento para apoio psicologico ou psicossocial,2025-12-15
794,Rafaela Almeida Santos,202498967,1A,Logística,2024.1,18,5.77,89.2,3.31,47.4,5,0,0,BAIXO,20,Reforco escolar e acompanhamento pedagogico,2024-10-30
795,Vinicius Cardoso Oliveira,202499040,5B,Administração,2024.2,19,5.67,94.8,2.11,31.5,5,1,0,BAIXO,20,Reforco escolar e acompanhamento pedagogico,2025-08-03
796,Diego Lima Almeida,202499063,2A,Contabilidade,2024.1,17,5.21,82.3,2.2,39.4,6,1,1,MEDIO,65,Reforco escolar e acompanhamento pedagogico,2024-07-08
797,Gustavo Almeida Oliveira,202499246,3B,Administração,2024.2,16,5.65,98.4,1.33,20.4,5,1,0,BAIXO,20,Reforco escolar e acompanhamento pedagogico | Orientacao para rotina de estudos,2024-05-18
798,Rafael Cardoso Teixeira,202499282,4A,Pedagogia,2024.1,30,4.95,62.7,1.92,53.5,8,1,1,ALTO,90,Reforco escolar e acompanhamento pedagogico | Contato com responsavel e monitoramento de frequencia | Encaminhamento para apoio psicologico ou psicossocial | Orientacao para rotina de estudos,2026-07-02
799,Vitória Cardoso Mendes,202499392,2A,Redes de Computadores,2024.1,27,5.26,74.9,1.68,24.8,10,0,1,ALTO,90,Reforco escolar e acompanhamento pedagogico | Contato com responsavel e monitoramento de frequencia | Encaminhamento para apoio psicologico ou psicossocial | Orientacao para rotina de estudos,2024-02-26
800,Rafael Ribeiro Oliveira,202499702,3B,Logística,2024.1,20,5.84,91.6,3.77,41.4,6,1,0,BAIXO,20,Reforco escolar e acompanhamento pedagogico,2026-11-07
801,Marcos Almeida Cardoso,202499795,2B,Pedagogia,2024.1,21,10.0,71.4,0.47,5.0,5,1,1,MEDIO,65,Contato com responsavel e monitoramento de frequencia | Orientacao para rotina de estudos,2024-06-12
802,João Gomes Batista,202499842,2B,Eletrotécnica,2024.1,31,8.43,82.6,4.07,31.1,5,1,0,BAIXO,20,Manter acompanhamento preventivo,2024-06-15
803,Bruno Araújo Pereira,202499922,1B,Administração,2024.2,24,8.46,89.0,3.07,56.0,1,1,0,BAIXO,20,Manter acompanhamento preventivo,2024-03-23
804,Bruno Almeida Barbosa,202510269,3A,Agropecuária,2025.2,22,5.49,88.6,3.02,35.6,7,1,1,MEDIO,65,Reforco escolar e acompanhamento pedagogico | Encaminhamento para apoio psicologico ou psicossocial,2026-02-07
805,Marina Batista Rodrigues,202510303,3B,Contabilidade,2025.2,26,6.99,83.8,2.5,58.5,5,0,0,BAIXO,20,Manter acompanhamento preventivo,2024-06-10
806,Ana Santos Mendes,202510389,2B,Agropecuária,2025.1,26,6.34,100.0,3.44,68.5,5,0,0,BAIXO,20,Manter acompanhamento preventivo,2024-11-19
807,Aline Oliveira Costa,202510532,3A,Redes de Computadores,2025.2,20,7.74,82.4,0.85,21.1,3,0,0,BAIXO,20,Orientacao para rotina de estudos,2026-02-06
808,Samuel Cardoso Souza,202510569,3A,Logística,2025.1,20,8.6,100.0,3.27,47.3,6,1,0,BAIXO,20,Manter acompanhamento preventivo,2025-12-20
809,Marcos Santos Gomes,202510726,5A,Eletrotécnica,2025.1,23,7.99,77.7,1.87,12.7,2,1,0,BAIXO,20,Orientacao para rotina de estudos,2024-04-30
810,Juliana Lima Lima,202511290,2A,Enfermagem,2025.2,18,6.43,88.8,2.22,22.7,7,0,0,BAIXO,20,Encaminhamento para apoio psicologico ou psicossocial,2024-01-10
811,Larissa Cardoso Cardoso,202511401,5A,Logística,2025.2,18,5.96,93.0,0.74,15.3,4,0,1,MEDIO,65,Reforco escolar e acompanhamento pedagogico | Orientacao para rotina de estudos,2026-11-07
812,Vinicius Silva Araújo,202512244,5B,Informática,2025.1,22,4.8,90.7,2.64,41.9,3,1,0,BAIXO,20,Reforco escolar e acompanhamento pedagogico,2025-11-24
813,Fernanda Ribeiro Pereira,202512542,5B,Redes de Computadores,2025.2,23,5.11,83.3,4.43,54.7,6,0,1,MEDIO,65,Reforco escolar e acompanhamento pedagogico,2026-11-12
814,André Ribeiro Santos,202512593,4B,Pedagogia,2025.1,18,7.83,100.0,1.9,58.0,6,1,0,BAIXO,20,Orientacao para rotina de estudos,2026-09-14
815,Leonardo Silva Mendes,202512733,5B,Contabilidade,2025.1,27,6.89,73.2,1.25,59.6,4,1,1,MEDIO,65,Contato com responsavel e monitoramento de frequencia | Orientacao para rotina de estudos,2025-01-17
816,Patrícia Oliveira Santos,202513153,2A,Eletrotécnica,2025.2,26,4.26,85.1,3.57,50.2,1,0,0,BAIXO,20,Reforco escolar e acompanhamento pedagogico,2026-02-21
817,Gustavo Silva Souza,202513199,2B,Redes de Computadores,2025.1,25,3.02,73.9,4.28,52.2,7,1,1,ALTO,90,Reforco escolar e acompanhamento pedagogico | Contato com responsavel e monitoramento de frequencia | Encaminhamento para apoio psicologico ou psicossocial,2025-04-25
818,Rafaela Barbosa Oliveira,202513250,1B,Pedagogia,2025.1,20,4.64,93.5,2.71,39.3,6,0,0,BAIXO,20,Reforco escolar e acompanhamento pedagogico,2025-03-27
819,Lucas Barbosa Ferreira,202513313,2A,Agropecuária,2025.1,24,6.78,100.0,4.41,58.9,6,1,0,BAIXO,20,Manter acompanhamento preventivo,2026-05-13
820,Carla Barbosa Teixeira,202513402,1B,Redes de Computadores,2025.1,23,6.5,76.6,2.72,44.1,7,0,1,MEDIO,65,Encaminhamento para apoio psicologico ou psicossocial,2024-09-06
821,Marina Rodrigues Silva,202513406,5A,Informática,2025.1,25,4.59,71.9,6.69,19.3,3,0,1,MEDIO,65,Reforco escolar e acompanhamento pedagogico | Contato com responsavel e monitoramento de frequencia,2025-06-21
822,Camila Rodrigues Batista,202513624,4A,Edificações,2025.1,16,6.69,81.4,3.85,5.0,6,0,0,BAIXO,20,Manter acompanhamento preventivo,2024-05-22
823,Lucas Oliveira Pereira,202514042,3A,Informática,2025.1,33,9.46,95.8,4.15,32.6,4,1,0,BAIXO,20,Manter acompanhamento preventivo,2024-11-30
824,Juliana Ferreira Barbosa,202514187,5A,Edificações,2025.2,25,5.2,69.7,1.76,59.8,5,0,1,MEDIO,65,Reforco escolar e acompanhamento pedagogico | Contato com responsavel e monitoramento de frequencia | Orientacao para rotina de estudos,2024-08-27
825,Jéssica Lima Costa,202514285,2B,Informática,2025.1,34,6.03,97.2,5.44,65.8,4,0,0,BAIXO,20,Manter acompanhamento preventivo,2025-04-05
826,Rafaela Ferreira Almeida,202514288,4A,Contabilidade,2025.1,31,7.2,66.2,6.22,40.3,6,0,0,BAIXO,20,Contato com responsavel e monitoramento de frequencia,2025-03-20
827,Aline Teixeira Costa,202514327,2A,Agropecuária,2025.1,28,4.05,79.7,1.6,46.9,7,0,1,MEDIO,65,Reforco escolar e acompanhamento pedagogico | Encaminhamento para apoio psicologico ou psicossocial | Orientacao para rotina de estudos,2024-09-05
828,Marcos Almeida Cardoso,202514328,3A,Informática,2025.1,29,4.83,97.6,2.24,35.0,7,1,1,MEDIO,65,Reforco escolar e acompanhamento pedagogico | Encaminhamento para apoio psicologico ou psicossocial,2025-12-23
829,Beatriz Mendes Nascimento,202514344,4A,Administração,2025.1,34,7.39,69.7,0.95,35.2,4,0,1,MEDIO,65,Contato com responsavel e monitoramento de frequencia | Orientacao para rotina de estudos,2024-05-22
830,Gustavo Souza Pereira,202514462,1B,Redes de Computadores,2025.1,31,9.57,85.4,2.8,33.7,7,1,0,BAIXO,20,Encaminhamento para apoio psicologico ou psicossocial,2026-07-11
831,Rafaela Monteiro Nascimento,202514694,1A,Logística,2025.2,29,5.29,84.2,4.73,57.0,7,0,1,MEDIO,65,Reforco escolar e acompanhamento pedagogico | Encaminhamento para apoio psicologico ou psicossocial,2025-09-09
832,Gabriel Pereira Araújo,202514951,2B,Eletrotécnica,2025.2,26,8.26,65.4,3.62,49.2,1,1,0,BAIXO,20,Contato com responsavel e monitoramento de frequencia,2025-05-28
833,Beatriz Teixeira Gomes,202515101,5A,Logística,2025.2,28,7.6,94.4,3.2,44.5,8,0,0,BAIXO,20,Encaminhamento para apoio psicologico ou psicossocial,2026-07-06
834,Bruno Batista Ferreira,202515118,4A,Redes de Computadores,2025.1,33,7.95,79.9,3.1,24.2,4,1,0,BAIXO,20,Manter acompanhamento preventivo,2026-02-09
835,Rafaela Mendes Batista,202515383,4A,Logística,2025.1,24,7.86,82.4,0.96,53.8,10,0,1,MEDIO,65,Encaminhamento para apoio psicologico ou psicossocial | Orientacao para rotina de estudos,2024-02-24
836,Isabela Monteiro Almeida,202515471,2A,Redes de Computadores,2025.1,33,8.34,79.4,1.11,39.0,6,0,0,BAIXO,20,Orientacao para rotina de estudos,2024-03-13
837,Daniel Ribeiro Cardoso,202515536,3A,Informática,2025.1,32,10.0,98.1,3.04,41.6,9,1,0,BAIXO,20,Encaminhamento para apoio psicologico ou psicossocial,2025-02-23
838,Carla Gomes Santos,202515573,1B,Informática,2025.2,34,6.34,84.6,3.27,48.1,6,0,0,BAIXO,20,Manter acompanhamento preventivo,2026-01-09
839,Carla Ribeiro Pereira,202515720,2B,Eletrotécnica,2025.2,34,7.19,81.3,2.47,21.7,4,0,0,BAIXO,20,Manter acompanhamento preventivo,2026-08-26
840,Isabela Costa Gomes,202515780,1B,Agropecuária,2025.2,20,5.15,60.5,0.19,61.6,5,0,1,ALTO,90,Reforco escolar e acompanhamento pedagogico | Contato com responsavel e monitoramento de frequencia | Orientacao para rotina de estudos,2025-01-18
841,Marcos Monteiro Batista,202515796,5B,Pedagogia,2025.2,16,3.41,100.0,2.5,86.8,7,1,1,MEDIO,65,Reforco escolar e acompanhamento pedagogico | Encaminhamento para apoio psicologico ou psicossocial,2026-05-24
842,Vitória Almeida Batista,202515866,3B,Agropecuária,2025.2,28,7.98,80.0,1.92,48.8,6,0,0,BAIXO,20,Orientacao para rotina de estudos,2024-10-17
843,Gabriel Gomes Monteiro,202515872,4A,Redes de Computadores,2025.1,19,6.84,85.8,2.95,27.0,5,1,0,BAIXO,20,Manter acompanhamento preventivo,2026-07-26
844,Leonardo Teixeira Almeida,202516025,4A,Administração,2025.2,31,4.43,73.4,2.27,32.3,8,1,1,ALTO,90,Reforco escolar e acompanhamento pedagogico | Contato com responsavel e monitoramento de frequencia | Encaminhamento para apoio psicologico ou psicossocial,2026-12-10
845,Gabriela Souza Ferreira,202516079,2B,Informática,2025.2,26,5.52,63.6,0.36,57.4,5,0,1,ALTO,90,Reforco escolar e acompanhamento pedagogico | Contato com responsavel e monitoramento de frequencia | Orientacao para rotina de estudos,2026-04-24
846,Jéssica Almeida Rodrigues,202516171,1B,Enfermagem,2025.1,16,5.37,78.9,5.09,34.5,3,0,1,MEDIO,65,Reforco escolar e acompanhamento pedagogico,2024-11-04
847,Thiago Nascimento Oliveira,202516358,1A,Enfermagem,2025.1,17,9.72,83.5,2.39,30.8,2,1,0,BAIXO,20,Manter acompanhamento preventivo,2024-03-03
848,Ana Mendes Batista,202516378,1A,Informática,2025.1,32,8.44,65.6,2.93,47.4,6,0,0,BAIXO,20,Contato com responsavel e monitoramento de frequencia,2025-03-22
849,Lucas Gomes Nascimento,202516445,3B,Informática,2025.2,33,4.42,98.3,0.0,53.0,7,1,1,MEDIO,65,Reforco escolar e acompanhamento pedagogico | Encaminhamento para apoio psicologico ou psicossocial | Orientacao para rotina de estudos,2026-08-28
850,Aline Costa Almeida,202516461,2B,Edificações,2025.2,31,7.09,74.0,5.02,27.5,3,0,0,BAIXO,20,Contato com responsavel e monitoramento de frequencia,2026-05-29
851,Diego Costa Souza,202516571,2B,Logística,2025.1,30,4.7,89.7,4.19,51.3,6,1,0,BAIXO,20,Reforco escolar e acompanhamento pedagogico,2026-09-16
852,Vitória Silva Costa,202516825,5B,Administração,2025.2,30,6.08,78.7,4.31,5.0,4,0,0,BAIXO,20,Manter acompanhamento preventivo,2025-07-23
853,Carlos Cardoso Pereira,202516887,2A,Logística,2025.2,29,8.87,85.4,3.66,21.8,1,1,0,BAIXO,20,Manter acompanhamento preventivo,2026-02-24
854,Camila Nascimento Pereira,202516990,2A,Agropecuária,2025.1,25,5.14,80.2,1.53,50.5,5,0,1,MEDIO,65,Reforco escolar e acompanhamento pedagogico | Orientacao para rotina de estudos,2025-08-10
855,Lucas Santos Souza,202517024,2A,Contabilidade,2025.2,16,9.94,70.1,2.87,25.4,2,1,0,BAIXO,20,Contato com responsavel e monitoramento de frequencia,2024-04-08
856,Felipe Pereira Pereira,202517096,5A,Edificações,2025.2,27,7.6,89.5,2.88,36.7,8,1,0,BAIXO,20,Encaminhamento para apoio psicologico ou psicossocial,2024-04-17
857,Gustavo Teixeira Araújo,202517291,5A,Logística,2025.2,26,8.54,93.5,3.78,58.1,5,1,0,BAIXO,20,Manter acompanhamento preventivo,2026-08-12
858,Gabriela Ribeiro Oliveira,202517299,5B,Contabilidade,2025.2,22,6.76,87.2,3.3,32.5,3,0,0,BAIXO,20,Manter acompanhamento preventivo,2024-09-04
859,Pedro Souza Pereira,202517629,1B,Agropecuária,2025.2,27,6.76,87.3,1.79,27.2,5,1,0,BAIXO,20,Orientacao para rotina de estudos,2025-03-20
860,Rafaela Silva Batista,202517633,1A,Redes de Computadores,2025.2,30,6.58,84.1,2.83,59.0,5,0,0,BAIXO,20,Manter acompanhamento preventivo,2024-02-27
861,Carlos Costa Santos,202517664,1A,Eletrotécnica,2025.1,31,6.39,76.9,4.0,5.0,9,1,1,MEDIO,65,Encaminhamento para apoio psicologico ou psicossocial,2024-10-21
862,Carlos Batista Monteiro,202517696,2A,Agropecuária,2025.1,17,7.63,100.0,2.1,19.6,3,1,0,BAIXO,20,Manter acompanhamento preventivo,2025-08-31
863,Rafaela Costa Gomes,202517820,3B,Agropecuária,2025.1,22,5.46,67.6,2.65,56.6,2,0,1,MEDIO,65,Reforco escolar e acompanhamento pedagogico | Contato com responsavel e monitoramento de frequencia,2025-01-13
864,Maria Silva Gomes,202517923,4B,Pedagogia,2025.1,22,6.72,63.6,1.31,32.5,4,0,1,MEDIO,65,Contato com responsavel e monitoramento de frequencia | Orientacao para rotina de estudos,2026-09-26
865,Beatriz Nascimento Ferreira,202517967,5B,Pedagogia,2025.2,28,5.4,73.9,1.74,22.4,7,0,1,ALTO,90,Reforco escolar e acompanhamento pedagogico | Contato com responsavel e monitoramento de frequencia | Encaminhamento para apoio psicologico ou psicossocial | Orientacao para rotina de estudos,2026-11-18
866,Vinicius Cardoso Costa,202518091,5A,Redes de Computadores,2025.1,34,7.76,92.4,0.85,48.5,6,1,0,BAIXO,20,Orientacao para rotina de estudos,2026-12-06
867,Lucas Ribeiro Ribeiro,202518294,5B,Informática,2025.2,24,3.73,95.5,3.56,46.1,7,1,1,MEDIO,65,Reforco escolar e acompanhamento pedagogico | Encaminhamento para apoio psicologico ou psicossocial,2025-03-17
868,Bruno Ferreira Monteiro,202518416,5A,Redes de Computadores,2025.2,28,7.78,70.0,1.95,5.0,5,1,0,BAIXO,20,Contato com responsavel e monitoramento de frequencia | Orientacao para rotina de estudos,2024-09-20
869,Diego Ferreira Gomes,202518474,5B,Redes de Computadores,2025.2,30,9.41,66.9,3.03,64.9,3,1,0,BAIXO,20,Contato com responsavel e monitoramento de frequencia,2024-02-15
870,João Souza Rodrigues,202518504,5A,Contabilidade,2025.1,21,8.51,67.4,1.47,32.2,7,1,1,MEDIO,65,Contato com responsavel e monitoramento de frequencia | Encaminhamento para apoio psicologico ou psicossocial | Orientacao para rotina de estudos,2025-09-02
871,Marcos Souza Araújo,202518585,5A,Edificações,2025.2,19,4.14,100.0,0.9,67.7,5,1,1,MEDIO,65,Reforco escolar e acompanhamento pedagogico | Orientacao para rotina de estudos,2024-10-20
872,Gabriel Cardoso Pereira,202518608,4A,Redes de Computadores,2025.2,16,10.0,62.9,3.05,6.1,1,1,0,BAIXO,20,Contato com responsavel e monitoramento de frequencia,2025-01-14
873,Felipe Ribeiro Costa,202518658,2B,Eletrotécnica,2025.1,21,4.53,85.2,3.68,32.6,7,1,1,MEDIO,65,Reforco escolar e acompanhamento pedagogico | Encaminhamento para apoio psicologico ou psicossocial,2024-03-05
874,Thiago Pereira Araújo,202518732,3A,Eletrotécnica,2025.1,34,5.24,69.7,1.73,25.9,7,1,1,ALTO,90,Reforco escolar e acompanhamento pedagogico | Contato com responsavel e monitoramento de frequencia | Encaminhamento para apoio psicologico ou psicossocial | Orientacao para rotina de estudos,2025-10-03
875,Patrícia Santos Almeida,202518786,5B,Informática,2025.1,29,4.73,83.8,4.97,51.9,9,0,1,ALTO,90,Reforco escolar e acompanhamento pedagogico | Encaminhamento para apoio psicologico ou psicossocial,2024-12-12
876,Gabriela Cardoso Pereira,202518869,3B,Edificações,2025.2,25,6.37,86.3,2.72,59.9,1,0,0,BAIXO,20,Manter acompanhamento preventivo,2024-05-12
877,Carla Araújo Monteiro,202518959,4B,Pedagogia,2025.2,32,5.9,52.4,4.59,51.2,7,0,1,ALTO,90,Reforco escolar e acompanhamento pedagogico | Contato com responsavel e monitoramento de frequencia | Encaminhamento para apoio psicologico ou psicossocial,2024-07-25
878,Maria Pereira Rodrigues,202519006,3A,Logística,2025.1,21,9.29,86.7,3.64,51.3,4,0,0,BAIXO,20,Manter acompanhamento preventivo,2025-08-29
879,Luana Cardoso Santos,202519038,4A,Pedagogia,2025.1,27,7.14,74.9,2.14,42.2,2,0,0,BAIXO,20,Contato com responsavel e monitoramento de frequencia,2024-01-26
880,Diego Rodrigues Silva,202519059,2B,Edificações,2025.2,34,5.29,98.3,3.9,37.6,6,1,0,BAIXO,20,Reforco escolar e acompanhamento pedagogico,2024-01-08
881,Eduarda Lima Ribeiro,202519180,5A,Informática,2025.2,31,8.53,100.0,2.47,35.7,7,0,0,BAIXO,20,Encaminhamento para apoio psicologico ou psicossocial,2025-09-13
882,Gabriel Araújo Barbosa,202519283,2A,Eletrotécnica,2025.2,19,5.54,70.8,2.12,20.8,6,1,1,MEDIO,65,Reforco escolar e acompanhamento pedagogico | Contato com responsavel e monitoramento de frequencia,2024-07-28
883,Maria Teixeira Barbosa,202519433,2B,Pedagogia,2025.1,24,6.47,80.1,4.33,72.8,6,0,0,BAIXO,20,Manter acompanhamento preventivo,2026-04-05
884,Gabriela Pereira Souza,202519588,4B,Informática,2025.2,16,7.77,68.0,1.89,29.9,4,0,0,BAIXO,20,Contato com responsavel e monitoramento de frequencia | Orientacao para rotina de estudos,2024-03-26
885,Mateus Costa Ferreira,202519816,3A,Contabilidade,2025.2,23,8.12,84.6,2.84,64.8,1,1,0,BAIXO,20,Manter acompanhamento preventivo,2024-10-16
886,Diego Silva Lima,202520066,4A,Pedagogia,2025.2,18,4.71,85.5,1.35,25.3,6,1,0,BAIXO,20,Reforco escolar e acompanhamento pedagogico | Orientacao para rotina de estudos,2024-01-16
887,Jéssica Araújo Cardoso,202520434,2A,Eletrotécnica,2025.1,26,7.27,85.0,4.37,50.2,6,0,0,BAIXO,20,Manter acompanhamento preventivo,2025-01-17
888,Gabriel Rodrigues Cardoso,202520610,1A,Eletrotécnica,2025.2,22,7.63,80.8,4.22,51.0,7,1,0,BAIXO,20,Encaminhamento para apoio psicologico ou psicossocial,2025-09-09
889,Felipe Pereira Mendes,202520724,4A,Eletrotécnica,2025.2,33,6.94,95.2,3.28,51.6,3,1,0,BAIXO,20,Manter acompanhamento preventivo,2025-06-10
890,Gabriela Cardoso Cardoso,202520759,2B,Redes de Computadores,2025.1,32,2.53,90.7,2.37,34.1,5,0,1,MEDIO,65,Reforco escolar e acompanhamento pedagogico,2026-04-27
891,Gabriela Monteiro Batista,202520892,2B,Logística,2025.2,28,6.56,64.1,2.29,54.5,7,0,1,MEDIO,65,Contato com responsavel e monitoramento de frequencia | Encaminhamento para apoio psicologico ou psicossocial,2025-01-22
892,Leonardo Almeida Oliveira,202520959,2B,Pedagogia,2025.2,33,4.95,87.7,2.56,49.5,5,1,0,BAIXO,20,Reforco escolar e acompanhamento pedagogico,2026-12-15
893,Aline Silva Mendes,202521071,2A,Contabilidade,2025.1,25,7.4,45.8,2.82,24.6,8,0,1,MEDIO,65,Contato com responsavel e monitoramento de frequencia | Encaminhamento para apoio psicologico ou psicossocial,2026-09-08
894,Aline Rodrigues Gomes,202521093,2B,Enfermagem,2025.1,29,8.26,97.1,1.63,22.8,8,0,0,BAIXO,20,Encaminhamento para apoio psicologico ou psicossocial | Orientacao para rotina de estudos,2025-06-23
895,Eduarda Silva Araújo,202521184,5A,Administração,2025.1,32,4.54,63.3,3.43,30.7,5,0,1,MEDIO,65,Reforco escolar e acompanhamento pedagogico | Contato com responsavel e monitoramento de frequencia,2025-01-19
896,Camila Costa Gomes,202521223,4B,Agropecuária,2025.2,34,7.96,71.4,3.5,43.0,5,0,0,BAIXO,20,Contato com responsavel e monitoramento de frequencia,2025-10-27
897,Mateus Araújo Ribeiro,202521237,5B,Edificações,2025.2,23,5.9,83.6,2.29,5.0,5,1,1,MEDIO,65,Reforco escolar e acompanhamento pedagogico,2026-08-18
898,Mateus Araújo Batista,202521293,2B,Informática,2025.2,27,4.89,61.2,4.68,49.1,7,1,1,ALTO,90,Reforco escolar e acompanhamento pedagogico | Contato com responsavel e monitoramento de frequencia | Encaminhamento para apoio psicologico ou psicossocial,2024-04-02
899,Rafael Lima Oliveira,202521443,2B,Administração,2025.2,27,6.38,87.5,3.77,51.2,3,1,0,BAIXO,20,Manter acompanhamento preventivo,2026-03-11
900,Vitória Souza Barbosa,202521587,3B,Edificações,2025.2,32,6.1,79.0,2.81,24.1,3,0,0,BAIXO,20,Manter acompanhamento preventivo,2025-09-08
901,Ana Gomes Silva,202521793,4A,Redes de Computadores,2025.1,19,4.88,57.4,2.18,28.9,7,0,1,ALTO,90,Reforco escolar e acompanhamento pedagogico | Contato com responsavel e monitoramento de frequencia | Encaminhamento para apoio psicologico ou psicossocial,2026-11-23
902,Carlos Oliveira Costa,202521814,4A,Logística,2025.1,18,4.3,92.1,4.61,84.6,3,1,0,BAIXO,20,Reforco escolar e acompanhamento pedagogico,2024-06-06
903,Diego Mendes Lima,202521853,2B,Agropecuária,2025.2,26,6.29,85.2,4.41,52.2,7,1,0,BAIXO,20,Encaminhamento para apoio psicologico ou psicossocial,2024-01-13
904,Leonardo Silva Mendes,202522009,5A,Agropecuária,2025.1,23,6.23,100.0,2.54,52.9,10,1,1,MEDIO,65,Encaminhamento para apoio psicologico ou psicossocial,2024-09-14
905,Luana Ferreira Cardoso,202522068,1B,Edificações,2025.2,34,4.69,49.1,0.98,45.0,5,0,1,ALTO,90,Reforco escolar e acompanhamento pedagogico | Contato com responsavel e monitoramento de frequencia | Orientacao para rotina de estudos,2024-02-23
906,Carla Ribeiro Barbosa,202522073,3B,Agropecuária,2025.2,31,7.32,73.3,1.98,28.8,8,0,1,MEDIO,65,Contato com responsavel e monitoramento de frequencia | Encaminhamento para apoio psicologico ou psicossocial | Orientacao para rotina de estudos,2024-12-29
907,Rafael Santos Ribeiro,202522183,5B,Redes de Computadores,2025.1,27,6.88,100.0,1.07,11.6,6,1,0,BAIXO,20,Orientacao para rotina de estudos,2025-12-02
908,Rafaela Batista Silva,202522746,5A,Informática,2025.2,18,6.54,94.3,2.84,41.0,5,0,0,BAIXO,20,Manter acompanhamento preventivo,2025-05-27
909,Rafael Teixeira Mendes,202522863,4A,Eletrotécnica,2025.2,23,4.66,86.9,1.55,57.1,10,1,1,MEDIO,65,Reforco escolar e acompanhamento pedagogico | Encaminhamento para apoio psicologico ou psicossocial | Orientacao para rotina de estudos,2025-09-28
910,André Oliveira Pereira,202522879,4B,Eletrotécnica,2025.1,32,6.23,100.0,0.67,69.7,5,1,0,BAIXO,20,Orientacao para rotina de estudos,2025-04-17
911,Gabriel Rodrigues Pereira,202522960,3B,Administração,2025.2,17,4.45,86.3,3.57,51.1,6,1,0,BAIXO,20,Reforco escolar e acompanhamento pedagogico,2026-10-11
912,Marina Silva Oliveira,202523129,4A,Eletrotécnica,2025.2,24,7.14,78.4,0.41,36.5,7,0,1,MEDIO,65,Encaminhamento para apoio psicologico ou psicossocial | Orientacao para rotina de estudos,2025-11-07
913,Carlos Oliveira Monteiro,202523150,2A,Edificações,2025.1,28,7.67,74.8,0.64,40.3,7,1,1,MEDIO,65,Contato com responsavel e monitoramento de frequencia | Encaminhamento para apoio psicologico ou psicossocial | Orientacao para rotina de estudos,2026-09-22
914,Leonardo Almeida Mendes,202523396,5A,Enfermagem,2025.1,16,4.6,79.9,0.37,30.9,6,1,1,MEDIO,65,Reforco escolar e acompanhamento pedagogico | Orientacao para rotina de estudos,2025-12-29
915,Ana Ferreira Nascimento,202523423,2B,Pedagogia,2025.2,30,7.62,74.5,1.16,5.0,5,0,0,BAIXO,20,Contato com responsavel e monitoramento de frequencia | Orientacao para rotina de estudos,2025-09-01
916,Isabela Cardoso Ferreira,202523446,2A,Logística,2025.2,33,3.62,100.0,2.64,60.3,2,0,1,MEDIO,65,Reforco escolar e acompanhamento pedagogico,2025-08-05
917,Bruno Cardoso Mendes,202523486,3A,Agropecuária,2025.2,21,6.1,56.9,2.01,27.2,4,1,1,MEDIO,65,Contato com responsavel e monitoramento de frequencia,2024-12-05
918,Daniel Gomes Oliveira,202523538,5A,Pedagogia,2025.2,33,9.04,100.0,2.84,24.4,6,1,0,BAIXO,20,Manter acompanhamento preventivo,2024-07-02
919,Juliana Pereira Silva,202523621,2B,Agropecuária,2025.2,18,6.12,100.0,3.12,47.0,7,0,0,BAIXO,20,Encaminhamento para apoio psicologico ou psicossocial,2026-06-10
920,Ana Santos Batista,202523697,4A,Administração,2025.2,19,7.16,66.3,4.55,54.5,5,0,0,BAIXO,20,Contato com responsavel e monitoramento de frequencia,2025-01-05
921,Lucas Monteiro Costa,202523749,5A,Edificações,2025.2,16,3.8,92.5,1.29,31.9,9,1,1,ALTO,90,Reforco escolar e acompanhamento pedagogico | Encaminhamento para apoio psicologico ou psicossocial | Orientacao para rotina de estudos,2024-11-03
922,Eduarda Lima Teixeira,202523762,2B,Eletrotécnica,2025.2,19,7.02,93.7,2.66,22.8,7,0,0,BAIXO,20,Encaminhamento para apoio psicologico ou psicossocial,2024-12-25
923,Rafaela Pereira Pereira,202524018,1A,Administração,2025.2,22,9.44,75.8,5.04,54.1,5,0,0,BAIXO,20,Manter acompanhamento preventivo,2025-02-26
924,André Silva Ferreira,202524543,1B,Eletrotécnica,2025.2,24,8.53,75.5,4.31,58.0,8,1,0,BAIXO,20,Encaminhamento para apoio psicologico ou psicossocial,2024-05-20
925,Daniel Batista Oliveira,202525159,1B,Edificações,2025.2,20,8.75,86.1,3.62,7.9,6,1,0,BAIXO,20,Manter acompanhamento preventivo,2026-09-28
926,Marcos Santos Barbosa,202525180,2B,Edificações,2025.2,30,6.66,91.9,4.87,34.5,6,1,0,BAIXO,20,Manter acompanhamento preventivo,2026-08-09
927,João Gomes Ferreira,202525194,3A,Edificações,2025.1,18,5.75,73.9,2.41,5.0,2,1,1,MEDIO,65,Reforco escolar e acompanhamento pedagogico | Contato com responsavel e monitoramento de frequencia,2026-11-19
928,Fernanda Barbosa Teixeira,202525306,4B,Contabilidade,2025.2,30,8.96,80.7,4.45,58.4,6,0,0,BAIXO,20,Manter acompanhamento preventivo,2026-10-27
929,Vitória Gomes Pereira,202525365,3B,Logística,2025.1,16,4.6,53.8,2.8,23.6,10,0,1,ALTO,90,Reforco escolar e acompanhamento pedagogico | Contato com responsavel e monitoramento de frequencia | Encaminhamento para apoio psicologico ou psicossocial,2025-05-24
930,Carlos Pereira Cardoso,202525389,5A,Eletrotécnica,2025.1,21,3.65,80.6,1.42,18.1,6,1,1,MEDIO,65,Reforco escolar e acompanhamento pedagogico | Orientacao para rotina de estudos,2025-03-28
931,Henrique Monteiro Nascimento,202525396,1B,Agropecuária,2025.2,18,5.54,66.9,5.16,53.9,5,1,1,MEDIO,65,Reforco escolar e acompanhamento pedagogico | Contato com responsavel e monitoramento de frequencia,2026-10-17
932,Paulo Ferreira Pereira,202525397,3B,Enfermagem,2025.1,34,6.66,55.0,2.6,13.8,7,1,1,MEDIO,65,Contato com responsavel e monitoramento de frequencia | Encaminhamento para apoio psicologico ou psicossocial,2025-03-20
933,Bruno Cardoso Nascimento,202525670,2B,Administração,2025.1,23,5.33,84.1,3.28,71.8,7,1,1,MEDIO,65,Reforco escolar e acompanhamento pedagogico | Encaminhamento para apoio psicologico ou psicossocial,2025-01-27
934,Gustavo Cardoso Barbosa,202525726,4B,Informática,2025.1,27,7.92,100.0,4.9,23.4,8,1,0,BAIXO,20,Encaminhamento para apoio psicologico ou psicossocial,2026-03-09
935,Vinicius Nascimento Araújo,202525768,4B,Eletrotécnica,2025.1,21,8.96,84.0,1.19,23.3,7,1,0,BAIXO,20,Encaminhamento para apoio psicologico ou psicossocial | Orientacao para rotina de estudos,2026-10-06
936,Lucas Rodrigues Cardoso,202525796,4B,Logística,2025.1,23,6.19,84.3,2.2,81.9,4,1,0,BAIXO,20,Manter acompanhamento preventivo,2025-04-06
937,Pedro Teixeira Souza,202525894,3B,Enfermagem,2025.1,25,6.27,96.4,2.25,38.5,6,1,0,BAIXO,20,Manter acompanhamento preventivo,2026-05-23
938,Daniel Pereira Lima,202525974,3A,Pedagogia,2025.1,27,6.36,85.0,4.02,46.9,6,1,0,BAIXO,20,Manter acompanhamento preventivo,2026-03-19
939,Leonardo Souza Batista,202526017,1B,Contabilidade,2025.1,23,8.68,100.0,1.16,23.5,10,1,0,BAIXO,20,Encaminhamento para apoio psicologico ou psicossocial | Orientacao para rotina de estudos,2025-10-24
940,Marina Rodrigues Costa,202526127,4B,Pedagogia,2025.1,16,8.57,54.6,2.28,41.8,4,0,0,BAIXO,20,Contato com responsavel e monitoramento de frequencia,2024-09-20
941,Eduarda Mendes Costa,202526234,1B,Informática,2025.1,27,3.88,100.0,4.52,50.7,4,0,1,MEDIO,65,Reforco escolar e acompanhamento pedagogico,2026-06-16
942,Marcos Lima Barbosa,202526577,2B,Eletrotécnica,2025.1,18,5.26,81.7,2.75,28.5,3,1,1,MEDIO,65,Reforco escolar e acompanhamento pedagogico,2024-12-28
943,Amanda Rodrigues Souza,202526671,4B,Redes de Computadores,2025.1,20,6.52,85.0,2.16,31.9,6,0,0,BAIXO,20,Manter acompanhamento preventivo,2025-05-14
944,Diego Rodrigues Nascimento,202526788,1A,Redes de Computadores,2025.2,17,5.25,89.1,2.85,35.0,6,1,0,BAIXO,20,Reforco escolar e acompanhamento pedagogico,2026-12-29
945,Mateus Mendes Cardoso,202526868,2B,Eletrotécnica,2025.1,29,8.19,87.9,1.75,70.1,6,1,0,BAIXO,20,Orientacao para rotina de estudos,2025-11-14
946,Maria Mendes Rodrigues,202526992,3B,Agropecuária,2025.1,20,5.99,77.2,1.59,53.7,6,0,1,MEDIO,65,Reforco escolar e acompanhamento pedagogico | Orientacao para rotina de estudos,2026-10-01
947,Larissa Araújo Gomes,202527009,3A,Informática,2025.1,31,4.28,66.9,1.33,50.2,3,0,1,MEDIO,65,Reforco escolar e acompanhamento pedagogico | Contato com responsavel e monitoramento de frequencia | Orientacao para rotina de estudos,2024-11-29
948,Beatriz Monteiro Barbosa,202527013,4B,Informática,2025.2,29,9.27,77.8,3.04,51.1,7,0,0,BAIXO,20,Encaminhamento para apoio psicologico ou psicossocial,2025-07-30
949,Fernanda Mendes Barbosa,202527054,1B,Eletrotécnica,2025.1,18,8.38,99.8,3.81,17.7,4,0,0,BAIXO,20,Manter acompanhamento preventivo,2025-11-06
950,Maria Nascimento Souza,202527149,1B,Eletrotécnica,2025.1,25,3.82,82.8,4.15,65.1,2,0,1,MEDIO,65,Reforco escolar e acompanhamento pedagogico,2024-12-09
951,Mateus Costa Monteiro,202527173,4B,Edificações,2025.1,22,5.79,66.1,2.49,57.4,5,1,1,MEDIO,65,Reforco escolar e acompanhamento pedagogico | Contato com responsavel e monitoramento de frequencia,2024-11-08
952,Beatriz Batista Ferreira,202527321,3B,Agropecuária,2025.2,22,6.27,92.7,2.53,38.6,5,0,0,BAIXO,20,Manter acompanhamento preventivo,2024-04-23
953,Patrícia Cardoso Ferreira,202527460,4B,Administração,2025.2,26,6.54,100.0,3.53,32.1,3,0,0,BAIXO,20,Manter acompanhamento preventivo,2025-02-04
954,Luana Almeida Araújo,202527580,1B,Eletrotécnica,2025.2,16,10.0,100.0,4.18,13.0,6,0,0,BAIXO,20,Manter acompanhamento preventivo,2026-01-16
955,Rafaela Ferreira Barbosa,202527603,3A,Eletrotécnica,2025.1,23,6.05,63.4,2.22,42.7,3,0,1,MEDIO,65,Contato com responsavel e monitoramento de frequencia,2026-09-09
956,Henrique Mendes Ribeiro,202527757,3A,Agropecuária,2025.1,33,5.33,77.8,5.01,37.1,4,1,1,MEDIO,65,Reforco escolar e acompanhamento pedagogico,2025-02-09
957,Maria Costa Lima,202527836,1A,Redes de Computadores,2025.2,29,6.13,78.3,0.84,29.3,6,0,1,MEDIO,65,Orientacao para rotina de estudos,2025-08-24
958,Camila Costa Pereira,202527837,5B,Edificações,2025.1,31,5.6,61.4,0.0,38.9,9,0,1,ALTO,90,Reforco escolar e acompanhamento pedagogico | Contato com responsavel e monitoramento de frequencia | Encaminhamento para apoio psicologico ou psicossocial | Orientacao para rotina de estudos,2026-09-18
959,Juliana Mendes Costa,202528052,5A,Informática,2025.1,30,10.0,100.0,2.98,27.1,6,0,0,BAIXO,20,Manter acompanhamento preventivo,2025-06-02
960,Paulo Nascimento Almeida,202528201,4B,Informática,2025.2,19,2.97,81.7,4.37,34.6,7,1,1,ALTO,90,Reforco escolar e acompanhamento pedagogico | Encaminhamento para apoio psicologico ou psicossocial,2024-09-08
961,Amanda Almeida Cardoso,202528204,4A,Enfermagem,2025.2,24,4.92,79.1,3.76,40.4,8,0,1,MEDIO,65,Reforco escolar e acompanhamento pedagogico | Encaminhamento para apoio psicologico ou psicossocial,2026-07-13
962,Leonardo Barbosa Ribeiro,202528529,5A,Pedagogia,2025.2,19,6.83,93.1,0.0,29.9,5,1,0,BAIXO,20,Orientacao para rotina de estudos,2025-05-07
963,André Costa Teixeira,202528553,5A,Enfermagem,2025.1,22,1.77,100.0,2.4,34.6,5,1,1,MEDIO,65,Reforco escolar e acompanhamento pedagogico,2026-12-10
964,Fernanda Gomes Araújo,202528695,1B,Agropecuária,2025.1,20,5.96,96.3,2.27,75.5,6,0,0,BAIXO,20,Reforco escolar e acompanhamento pedagogico,2024-01-20
965,Lucas Teixeira Ferreira,202528788,1B,Contabilidade,2025.1,34,8.26,70.1,0.15,68.2,5,1,1,MEDIO,65,Contato com responsavel e monitoramento de frequencia | Orientacao para rotina de estudos,2024-06-23
966,Amanda Oliveira Ribeiro,202529017,2B,Eletrotécnica,2025.2,17,8.07,87.2,2.05,47.1,5,0,0,BAIXO,20,Manter acompanhamento preventivo,2024-04-20
967,Mateus Silva Gomes,202529055,4A,Informática,2025.2,19,6.05,71.8,3.32,43.6,8,1,1,MEDIO,65,Contato com responsavel e monitoramento de frequencia | Encaminhamento para apoio psicologico ou psicossocial,2025-10-17
968,Leonardo Souza Batista,202529072,2A,Pedagogia,2025.2,17,6.65,79.0,2.88,27.1,5,1,0,BAIXO,20,Manter acompanhamento preventivo,2025-10-17
969,Natália Nascimento Teixeira,202529306,3A,Agropecuária,2025.1,25,3.37,74.3,2.61,60.6,5,0,1,ALTO,90,Reforco escolar e acompanhamento pedagogico | Contato com responsavel e monitoramento de frequencia,2026-08-14
970,Juliana Cardoso Teixeira,202529400,3A,Eletrotécnica,2025.2,23,5.75,100.0,2.26,44.9,6,0,0,BAIXO,20,Reforco escolar e acompanhamento pedagogico,2025-11-19
971,Ana Santos Almeida,202529473,5B,Edificações,2025.2,32,8.04,86.6,5.99,22.7,7,0,0,BAIXO,20,Encaminhamento para apoio psicologico ou psicossocial,2025-05-16
972,André Pereira Silva,202529575,5A,Logística,2025.1,27,5.78,100.0,4.78,36.8,4,1,0,BAIXO,20,Reforco escolar e acompanhamento pedagogico,2024-01-06
973,Henrique Pereira Rodrigues,202529848,3A,Agropecuária,2025.2,23,7.2,44.6,0.35,34.8,6,1,1,MEDIO,65,Contato com responsavel e monitoramento de frequencia | Orientacao para rotina de estudos,2026-10-14
974,Thiago Ferreira Mendes,202530007,3B,Eletrotécnica,2025.2,29,3.99,84.0,1.95,49.3,4,1,1,MEDIO,65,Reforco escolar e acompanhamento pedagogico | Orientacao para rotina de estudos,2024-06-05
975,Eduarda Barbosa Oliveira,202530058,3A,Enfermagem,2025.2,25,9.87,74.9,0.4,52.9,9,0,1,ALTO,90,Contato com responsavel e monitoramento de frequencia | Encaminhamento para apoio psicologico ou psicossocial | Orientacao para rotina de estudos,2024-06-01
976,Camila Costa Barbosa,202530180,3A,Contabilidade,2025.1,19,9.32,73.8,2.54,77.1,9,0,1,MEDIO,65,Contato com responsavel e monitoramento de frequencia | Encaminhamento para apoio psicologico ou psicossocial,2024-11-11
977,André Pereira Rodrigues,202530286,3A,Contabilidade,2025.2,22,7.89,78.8,3.39,68.2,8,1,0,BAIXO,20,Encaminhamento para apoio psicologico ou psicossocial,2026-11-03
978,Amanda Teixeira Almeida,202530461,4B,Informática,2025.1,19,5.41,78.8,4.45,41.5,4,0,1,MEDIO,65,Reforco escolar e acompanhamento pedagogico,2025-06-26
979,Rafael Costa Batista,202530498,2A,Contabilidade,2025.1,22,4.38,76.3,2.82,48.1,4,1,1,MEDIO,65,Reforco escolar e acompanhamento pedagogico,2026-03-22
980,Isabela Oliveira Ribeiro,202530582,4A,Edificações,2025.2,21,3.66,68.3,6.66,32.5,7,0,1,ALTO,90,Reforco escolar e acompanhamento pedagogico | Contato com responsavel e monitoramento de frequencia | Encaminhamento para apoio psicologico ou psicossocial,2026-05-06
981,Thiago Monteiro Silva,202530676,3B,Agropecuária,2025.1,18,8.79,70.5,4.15,45.4,7,1,1,MEDIO,65,Contato com responsavel e monitoramento de frequencia | Encaminhamento para apoio psicologico ou psicossocial,2025-09-11
982,Gabriel Rodrigues Teixeira,202530868,4B,Edificações,2025.1,27,3.94,66.2,4.16,53.7,6,1,1,ALTO,90,Reforco escolar e acompanhamento pedagogico | Contato com responsavel e monitoramento de frequencia,2024-02-02
983,Paulo Araújo Monteiro,202530879,2B,Agropecuária,2025.1,30,7.52,74.4,2.94,46.0,6,1,0,BAIXO,20,Contato com responsavel e monitoramento de frequencia,2024-01-02
984,João Gomes Batista,202530926,5B,Contabilidade,2025.1,26,3.6,68.2,2.2,62.6,7,1,1,ALTO,90,Reforco escolar e acompanhamento pedagogico | Contato com responsavel e monitoramento de frequencia | Encaminhamento para apoio psicologico ou psicossocial,2026-04-24
985,Amanda Pereira Souza,202531030,5B,Agropecuária,2025.1,33,7.52,98.3,2.26,15.3,8,0,0,BAIXO,20,Encaminhamento para apoio psicologico ou psicossocial,2024-09-25
986,Isabela Nascimento Teixeira,202531247,4A,Contabilidade,2025.1,24,7.31,57.3,4.23,54.3,7,0,1,MEDIO,65,Contato com responsavel e monitoramento de frequencia | Encaminhamento para apoio psicologico ou psicossocial,2026-03-24
987,João Araújo Lima,202531298,1B,Agropecuária,2025.1,24,5.55,63.5,5.1,56.2,4,1,1,MEDIO,65,Reforco escolar e acompanhamento pedagogico | Contato com responsavel e monitoramento de frequencia,2025-01-16
988,Beatriz Teixeira Teixeira,202531346,1B,Informática,2025.2,21,8.66,96.6,1.49,66.8,2,0,0,BAIXO,20,Orientacao para rotina de estudos,2026-08-29
989,Mateus Monteiro Almeida,202531368,4A,Redes de Computadores,2025.1,27,6.89,100.0,3.19,37.6,6,1,0,BAIXO,20,Manter acompanhamento preventivo,2025-03-22
990,Amanda Souza Lima,202531405,2A,Redes de Computadores,2025.1,26,6.03,63.1,1.8,47.4,6,0,1,MEDIO,65,Contato com responsavel e monitoramento de frequencia | Orientacao para rotina de estudos,2026-05-09
991,Gabriel Rodrigues Almeida,202531434,5B,Edificações,2025.1,27,7.59,70.1,2.27,51.5,4,1,0,BAIXO,20,Contato com responsavel e monitoramento de frequencia,2026-12-10
992,Ana Santos Ribeiro,202531450,3B,Administração,2025.1,24,9.66,95.4,4.66,37.9,4,0,0,BAIXO,20,Manter acompanhamento preventivo,2025-04-12
993,Aline Barbosa Monteiro,202531581,2A,Pedagogia,2025.1,19,6.69,65.8,4.9,53.8,5,0,1,MEDIO,65,Contato com responsavel e monitoramento de frequencia,2025-10-22
994,Pedro Gomes Souza,202531717,1A,Redes de Computadores,2025.1,32,4.53,67.0,3.33,56.9,8,1,1,ALTO,90,Reforco escolar e acompanhamento pedagogico | Contato com responsavel e monitoramento de frequencia | Encaminhamento para apoio psicologico ou psicossocial,2026-01-01
995,Jéssica Teixeira Santos,202531949,2A,Edificações,2025.2,28,8.16,81.0,4.57,9.5,4,0,0,BAIXO,20,Manter acompanhamento preventivo,2024-07-02
996,Bruno Monteiro Nascimento,202532159,5B,Contabilidade,2025.2,16,6.09,82.0,2.42,29.8,4,1,0,BAIXO,20,Manter acompanhamento preventivo,2025-06-01
997,Carlos Ferreira Batista,202532280,5B,Pedagogia,2025.1,24,7.68,100.0,0.49,31.5,5,1,0,BAIXO,20,Orientacao para rotina de estudos,2025-09-20
998,Lucas Gomes Oliveira,202532296,1B,Administração,2025.1,24,6.15,92.9,4.63,63.1,4,1,0,BAIXO,20,Manter acompanhamento preventivo,2024-11-25
999,Larissa Mendes Ribeiro,202532313,4A,Contabilidade,2025.2,16,8.75,62.9,3.36,25.7,5,0,0,BAIXO,20,Contato com responsavel e monitoramento de frequencia,2024-03-22
1000,Luana Barbosa Ribeiro,202532507,5A,Administração,2025.1,27,5.4,57.2,4.18,17.6,5,0,1,MEDIO,65,Reforco escolar e acompanhamento pedagogico | Contato com responsavel e monitoramento de frequencia,2024-07-01
1001,Bruno Oliveira Mendes,202532738,2A,Redes de Computadores,2025.1,30,6.66,72.4,3.09,51.8,2,1,1,MEDIO,65,Contato com responsavel e monitoramento de frequencia,2025-07-31
1002,Ana Barbosa Silva,202532776,4B,Contabilidade,2025.2,31,7.24,100.0,0.0,45.4,10,0,1,MEDIO,65,Encaminhamento para apoio psicologico ou psicossocial | Orientacao para rotina de estudos,2024-07-31
1003,Marina Costa Ribeiro,202532833,4B,Eletrotécnica,2025.1,21,4.64,83.5,2.75,34.3,5,0,1,MEDIO,65,Reforco escolar e acompanhamento pedagogico,2025-04-02
1004,Marcos Ferreira Rodrigues,202532874,2A,Contabilidade,2025.1,22,8.84,100.0,2.62,38.8,10,1,0,BAIXO,20,Encaminhamento para apoio psicologico ou psicossocial,2025-03-31
1005,Henrique Teixeira Ferreira,202533125,2B,Agropecuária,2025.2,21,8.47,62.4,3.62,34.3,6,1,0,BAIXO,20,Contato com responsavel e monitoramento de frequencia,2025-09-12
1006,Leonardo Barbosa Gomes,202533158,3A,Redes de Computadores,2025.2,28,9.33,79.1,2.98,33.6,1,1,0,BAIXO,20,Manter acompanhamento preventivo,2025-12-08
1007,Lucas Mendes Araújo,202533301,5B,Edificações,2025.1,27,6.7,62.7,2.15,45.0,3,1,1,MEDIO,65,Contato com responsavel e monitoramento de frequencia,2024-08-31
1008,Eduarda Ferreira Santos,202533597,5A,Eletrotécnica,2025.2,16,6.75,73.3,2.28,33.8,7,0,1,MEDIO,65,Contato com responsavel e monitoramento de frequencia | Encaminhamento para apoio psicologico ou psicossocial,2024-03-23
1009,Vinicius Costa Costa,202533692,1B,Redes de Computadores,2025.1,26,6.42,84.0,2.35,63.1,3,1,0,BAIXO,20,Manter acompanhamento preventivo,2024-07-02
1010,Isabela Pereira Costa,202534114,4B,Contabilidade,2025.1,32,4.99,83.1,3.16,15.6,6,0,1,MEDIO,65,Reforco escolar e acompanhamento pedagogico,2026-10-03
1011,Luana Pereira Silva,202534123,4A,Logística,2025.2,19,4.45,60.5,5.01,27.0,8,0,1,ALTO,90,Reforco escolar e acompanhamento pedagogico | Contato com responsavel e monitoramento de frequencia | Encaminhamento para apoio psicologico ou psicossocial,2024-09-09
1012,Leonardo Batista Pereira,202534185,5A,Contabilidade,2025.2,21,7.35,52.2,0.21,52.7,4,1,1,MEDIO,65,Contato com responsavel e monitoramento de frequencia | Orientacao para rotina de estudos,2026-04-21
1013,Larissa Cardoso Santos,202534235,3A,Agropecuária,2025.1,34,7.01,73.4,2.87,35.3,5,0,0,BAIXO,20,Contato com responsavel e monitoramento de frequencia,2026-04-17
1014,Diego Costa Cardoso,202534347,4A,Contabilidade,2025.2,20,7.95,95.4,2.92,64.6,3,1,0,BAIXO,20,Manter acompanhamento preventivo,2024-12-20
1015,Diego Gomes Mendes,202534355,3B,Pedagogia,2025.2,25,1.89,100.0,3.07,27.4,1,1,1,MEDIO,65,Reforco escolar e acompanhamento pedagogico,2026-07-07
1016,Aline Ferreira Nascimento,202534390,2A,Informática,2025.1,31,5.63,82.6,1.89,43.3,4,0,1,MEDIO,65,Reforco escolar e acompanhamento pedagogico | Orientacao para rotina de estudos,2026-05-26
1017,Ana Lima Teixeira,202534575,1B,Informática,2025.2,27,3.85,63.3,1.91,42.8,4,0,1,ALTO,90,Reforco escolar e acompanhamento pedagogico | Contato com responsavel e monitoramento de frequencia | Orientacao para rotina de estudos,2024-05-19
1018,Gustavo Ferreira Gomes,202534621,1B,Edificações,2025.1,30,6.95,66.8,1.58,39.8,8,1,1,MEDIO,65,Contato com responsavel e monitoramento de frequencia | Encaminhamento para apoio psicologico ou psicossocial | Orientacao para rotina de estudos,2025-03-05
1019,Bruno Araújo Souza,202534683,4B,Administração,2025.1,25,7.97,92.9,5.44,38.2,6,1,0,BAIXO,20,Manter acompanhamento preventivo,2025-09-10
1020,Vinicius Nascimento Teixeira,202534684,3A,Eletrotécnica,2025.1,25,5.19,81.0,0.0,40.6,8,1,1,ALTO,90,Reforco escolar e acompanhamento pedagogico | Encaminhamento para apoio psicologico ou psicossocial | Orientacao para rotina de estudos,2024-07-20
1021,Carlos Almeida Pereira,202534697,4B,Edificações,2025.1,20,4.1,49.9,2.03,16.0,4,1,1,ALTO,90,Reforco escolar e acompanhamento pedagogico | Contato com responsavel e monitoramento de frequencia,2024-02-09
1022,Diego Cardoso Gomes,202534851,2B,Informática,2025.2,29,8.75,44.6,4.97,24.9,5,1,1,MEDIO,65,Contato com responsavel e monitoramento de frequencia,2026-03-22
1023,Eduarda Gomes Batista,202535076,3A,Agropecuária,2025.2,32,6.46,81.9,1.56,34.0,2,0,0,BAIXO,20,Orientacao para rotina de estudos,2025-09-06
1024,Henrique Lima Lima,202535212,5B,Logística,2025.2,26,4.13,62.1,2.52,35.1,7,1,1,ALTO,90,Reforco escolar e acompanhamento pedagogico | Contato com responsavel e monitoramento de frequencia | Encaminhamento para apoio psicologico ou psicossocial,2025-02-18
1025,Larissa Ribeiro Teixeira,202535227,5B,Agropecuária,2025.2,29,7.9,60.4,2.29,43.3,7,0,1,MEDIO,65,Contato com responsavel e monitoramento de frequencia | Encaminhamento para apoio psicologico ou psicossocial,2025-12-06
1026,Paulo Rodrigues Batista,202535365,2B,Agropecuária,2025.2,24,6.13,58.8,3.98,33.0,7,1,1,MEDIO,65,Contato com responsavel e monitoramento de frequencia | Encaminhamento para apoio psicologico ou psicossocial,2026-06-21
1027,Patrícia Gomes Batista,202535385,4B,Redes de Computadores,2025.1,28,6.59,89.6,0.4,41.7,3,0,0,BAIXO,20,Orientacao para rotina de estudos,2024-04-15
1028,Samuel Teixeira Ribeiro,202535389,1B,Enfermagem,2025.1,30,5.31,76.3,3.95,17.8,9,1,1,ALTO,90,Reforco escolar e acompanhamento pedagogico | Encaminhamento para apoio psicologico ou psicossocial,2026-12-04
1029,Felipe Souza Nascimento,202535405,2B,Agropecuária,2025.1,21,2.32,91.6,1.66,41.2,3,1,1,MEDIO,65,Reforco escolar e acompanhamento pedagogico | Orientacao para rotina de estudos,2026-02-13
1030,Amanda Nascimento Almeida,202535421,5B,Pedagogia,2025.1,32,5.61,83.2,3.12,43.1,6,0,1,MEDIO,65,Reforco escolar e acompanhamento pedagogico,2024-08-13
1031,Gabriela Gomes Lima,202535617,4A,Pedagogia,2025.2,34,6.52,75.8,3.15,41.0,4,0,0,BAIXO,20,Manter acompanhamento preventivo,2026-02-25
1032,Henrique Teixeira Lima,202535646,5B,Contabilidade,2025.2,28,7.85,96.8,3.31,40.7,4,1,0,BAIXO,20,Manter acompanhamento preventivo,2025-10-10
1033,Vitória Ferreira Monteiro,202535893,2B,Logística,2025.1,24,8.73,98.2,3.07,10.7,9,0,0,BAIXO,20,Encaminhamento para apoio psicologico ou psicossocial,2025-09-15
1034,Vitória Ferreira Mendes,202536216,2A,Contabilidade,2025.2,32,4.99,74.3,1.72,49.8,3,0,1,MEDIO,65,Reforco escolar e acompanhamento pedagogico | Contato com responsavel e monitoramento de frequencia | Orientacao para rotina de estudos,2025-11-01
1035,Natália Mendes Santos,202536236,2B,Redes de Computadores,2025.1,29,6.53,58.8,4.97,42.4,3,0,1,MEDIO,65,Contato com responsavel e monitoramento de frequencia,2024-10-05
1036,Eduarda Nascimento Gomes,202536467,4B,Pedagogia,2025.2,18,6.03,71.8,3.25,67.8,6,0,1,MEDIO,65,Contato com responsavel e monitoramento de frequencia,2026-10-01
1037,Henrique Rodrigues Lima,202536717,4B,Administração,2025.1,34,6.17,68.2,2.35,16.7,5,1,1,MEDIO,65,Contato com responsavel e monitoramento de frequencia,2024-09-14
1038,Amanda Oliveira Cardoso,202536828,5B,Logística,2025.2,28,7.51,65.5,2.7,53.1,5,0,0,BAIXO,20,Contato com responsavel e monitoramento de frequencia,2024-12-29
1039,Juliana Monteiro Pereira,202536909,4A,Informática,2025.2,21,7.26,90.0,4.76,59.4,4,0,0,BAIXO,20,Manter acompanhamento preventivo,2025-03-27
1040,Gabriela Mendes Ribeiro,202537456,3B,Agropecuária,2025.1,20,7.88,92.8,2.6,48.9,6,0,0,BAIXO,20,Manter acompanhamento preventivo,2024-04-19
1041,Amanda Nascimento Santos,202537483,1A,Redes de Computadores,2025.1,26,8.5,72.6,4.75,33.5,6,0,0,BAIXO,20,Contato com responsavel e monitoramento de frequencia,2024-05-18
1042,Rafaela Pereira Almeida,202537637,2A,Logística,2025.2,28,8.68,89.2,5.33,41.2,6,0,0,BAIXO,20,Manter acompanhamento preventivo,2025-12-14
1043,Natália Ribeiro Nascimento,202537742,4A,Logística,2025.1,17,8.19,93.4,4.63,38.4,7,0,0,BAIXO,20,Encaminhamento para apoio psicologico ou psicossocial,2025-10-31
1044,Eduarda Gomes Mendes,202537758,2A,Edificações,2025.2,24,10.0,63.9,2.88,5.3,5,0,0,BAIXO,20,Contato com responsavel e monitoramento de frequencia,2024-12-16
1045,Marina Ribeiro Lima,202537879,5B,Enfermagem,2025.2,22,7.96,69.2,3.0,23.4,7,0,1,MEDIO,65,Contato com responsavel e monitoramento de frequencia | Encaminhamento para apoio psicologico ou psicossocial,2025-03-06
1046,João Mendes Nascimento,202537973,4A,Edificações,2025.2,17,8.45,86.2,1.72,72.2,6,1,0,BAIXO,20,Orientacao para rotina de estudos,2025-03-09
1047,Vinicius Gomes Ribeiro,202538072,1B,Pedagogia,2025.1,21,5.38,84.7,2.28,78.1,5,1,1,MEDIO,65,Reforco escolar e acompanhamento pedagogico,2024-05-28
1048,Aline Teixeira Araújo,202538213,5A,Contabilidade,2025.2,32,6.38,100.0,2.25,36.4,8,0,0,BAIXO,20,Encaminhamento para apoio psicologico ou psicossocial,2024-06-09
1049,Pedro Silva Monteiro,202538261,3B,Edificações,2025.2,21,4.38,82.8,4.08,45.6,5,1,1,MEDIO,65,Reforco escolar e acompanhamento pedagogico,2024-01-28
1050,Gabriela Cardoso Barbosa,202538467,1A,Enfermagem,2025.2,18,10.0,82.1,4.22,62.1,4,0,0,BAIXO,20,Manter acompanhamento preventivo,2026-05-10
1051,Lucas Nascimento Teixeira,202538512,5A,Informática,2025.2,28,7.21,79.5,4.01,27.7,6,1,0,BAIXO,20,Manter acompanhamento preventivo,2025-02-16
1052,Beatriz Souza Silva,202538759,4B,Administração,2025.1,32,9.31,100.0,0.44,19.6,5,0,0,BAIXO,20,Orientacao para rotina de estudos,2025-05-30
1053,Aline Gomes Teixeira,202539132,1B,Pedagogia,2025.2,28,7.25,100.0,3.38,63.6,8,0,0,BAIXO,20,Encaminhamento para apoio psicologico ou psicossocial,2024-01-19
1054,Carla Ribeiro Gomes,202539334,1B,Redes de Computadores,2025.1,33,6.85,67.0,4.14,79.8,5,0,1,MEDIO,65,Contato com responsavel e monitoramento de frequencia,2025-12-03
1055,Gustavo Batista Teixeira,202539382,3B,Administração,2025.2,34,6.54,82.6,1.15,36.8,9,1,1,MEDIO,65,Encaminhamento para apoio psicologico ou psicossocial | Orientacao para rotina de estudos,2026-02-20
1056,Luana Araújo Nascimento,202539427,5A,Informática,2025.2,21,5.86,84.8,3.2,33.3,7,0,1,MEDIO,65,Reforco escolar e acompanhamento pedagogico | Encaminhamento para apoio psicologico ou psicossocial,2025-05-23
1057,Juliana Batista Oliveira,202539513,2B,Eletrotécnica,2025.1,26,8.98,73.4,2.41,47.3,6,0,0,BAIXO,20,Contato com responsavel e monitoramento de frequencia,2026-06-19
1058,Isabela Almeida Monteiro,202539829,2A,Pedagogia,2025.2,31,7.63,88.9,2.8,45.5,9,0,0,BAIXO,20,Encaminhamento para apoio psicologico ou psicossocial,2025-03-05
1059,Juliana Nascimento Gomes,202539978,4B,Logística,2025.2,26,4.68,81.3,1.54,33.1,8,0,1,MEDIO,65,Reforco escolar e acompanhamento pedagogico | Encaminhamento para apoio psicologico ou psicossocial | Orientacao para rotina de estudos,2025-05-07
1060,Eduarda Gomes Monteiro,202540049,1B,Eletrotécnica,2025.2,20,2.75,62.1,3.75,38.3,7,0,1,ALTO,90,Reforco escolar e acompanhamento pedagogico | Contato com responsavel e monitoramento de frequencia | Encaminhamento para apoio psicologico ou psicossocial,2025-06-29
1061,Pedro Araújo Teixeira,202540161,1B,Edificações,2025.2,25,7.44,65.4,2.11,57.8,7,1,1,MEDIO,65,Contato com responsavel e monitoramento de frequencia | Encaminhamento para apoio psicologico ou psicossocial,2025-08-05
1062,Mateus Nascimento Mendes,202540227,4A,Administração,2025.2,31,10.0,82.2,2.87,26.0,7,1,0,BAIXO,20,Encaminhamento para apoio psicologico ou psicossocial,2026-11-20
1063,Gabriela Mendes Ribeiro,202540721,2B,Agropecuária,2025.2,22,6.93,75.4,1.41,12.0,7,0,1,MEDIO,65,Encaminhamento para apoio psicologico ou psicossocial | Orientacao para rotina de estudos,2025-03-23
1064,Carlos Souza Teixeira,202540782,5A,Administração,2025.1,32,8.89,72.5,2.31,55.0,3,1,0,BAIXO,20,Contato com responsavel e monitoramento de frequencia,2026-03-21
1065,Carla Teixeira Rodrigues,202540891,1B,Edificações,2025.1,26,7.64,70.8,2.37,41.5,6,0,0,BAIXO,20,Contato com responsavel e monitoramento de frequencia,2026-10-04
1066,André Costa Ferreira,202540896,5A,Contabilidade,2025.2,32,9.57,67.5,2.76,20.4,2,1,0,BAIXO,20,Contato com responsavel e monitoramento de frequencia,2026-10-25
1067,Patrícia Ribeiro Silva,202540959,3B,Edificações,2025.1,27,7.54,100.0,1.47,69.5,7,0,0,BAIXO,20,Encaminhamento para apoio psicologico ou psicossocial | Orientacao para rotina de estudos,2024-05-06
1068,Camila Ribeiro Rodrigues,202540980,5A,Logística,2025.1,34,7.66,98.9,0.31,57.2,10,0,1,MEDIO,65,Encaminhamento para apoio psicologico ou psicossocial | Orientacao para rotina de estudos,2025-03-26
1069,Juliana Souza Barbosa,202541031,1B,Contabilidade,2025.2,27,6.4,87.5,1.41,38.6,5,0,0,BAIXO,20,Orientacao para rotina de estudos,2024-03-03
1070,Patrícia Barbosa Silva,202541139,4A,Informática,2025.1,28,3.51,99.7,1.53,26.2,4,0,1,MEDIO,65,Reforco escolar e acompanhamento pedagogico | Orientacao para rotina de estudos,2026-08-31
1071,Leonardo Rodrigues Barbosa,202541140,5B,Pedagogia,2025.2,30,7.3,75.2,5.14,64.4,7,1,0,BAIXO,20,Encaminhamento para apoio psicologico ou psicossocial,2024-04-12
1072,Marcos Monteiro Almeida,202541242,1B,Agropecuária,2025.2,24,8.16,73.8,1.75,34.0,3,1,0,BAIXO,20,Contato com responsavel e monitoramento de frequencia | Orientacao para rotina de estudos,2024-04-21
1073,Beatriz Silva Almeida,202541258,2B,Contabilidade,2025.2,24,5.38,100.0,2.87,51.8,4,0,0,BAIXO,20,Reforco escolar e acompanhamento pedagogico,2024-11-03
1074,Marina Cardoso Araújo,202541547,5A,Agropecuária,2025.1,25,5.78,91.2,3.74,25.8,7,0,1,MEDIO,65,Reforco escolar e acompanhamento pedagogico | Encaminhamento para apoio psicologico ou psicossocial,2026-08-18
1075,Luana Souza Santos,202541626,5B,Contabilidade,2025.1,18,7.07,71.1,1.68,29.0,9,0,1,MEDIO,65,Contato com responsavel e monitoramento de frequencia | Encaminhamento para apoio psicologico ou psicossocial | Orientacao para rotina de estudos,2026-06-04
1076,Carlos Silva Costa,202541630,4B,Agropecuária,2025.2,28,6.85,64.8,1.59,54.8,6,1,1,MEDIO,65,Contato com responsavel e monitoramento de frequencia | Orientacao para rotina de estudos,2024-04-19
1077,Gabriela Ferreira Ferreira,202541750,4A,Logística,2025.1,28,4.71,83.5,5.66,31.7,3,0,1,MEDIO,65,Reforco escolar e acompanhamento pedagogico,2025-04-24
1078,Thiago Gomes Teixeira,202541804,5B,Enfermagem,2025.1,18,8.81,100.0,1.66,11.8,6,1,0,BAIXO,20,Orientacao para rotina de estudos,2024-09-17
1079,Marcos Souza Mendes,202541959,3A,Pedagogia,2025.2,29,8.46,80.4,3.9,40.0,2,1,0,BAIXO,20,Manter acompanhamento preventivo,2026-01-07
1080,Bruno Ferreira Batista,202542234,4B,Logística,2025.1,26,4.97,63.1,0.58,45.4,5,1,1,ALTO,90,Reforco escolar e acompanhamento pedagogico | Contato com responsavel e monitoramento de frequencia | Orientacao para rotina de estudos,2025-11-30
1081,Marcos Barbosa Batista,202542320,1A,Edificações,2025.2,20,6.55,97.9,3.3,62.0,4,1,0,BAIXO,20,Manter acompanhamento preventivo,2024-01-07
1082,Carlos Monteiro Monteiro,202542441,1A,Contabilidade,2025.2,31,8.25,58.3,3.95,52.7,8,1,1,MEDIO,65,Contato com responsavel e monitoramento de frequencia | Encaminhamento para apoio psicologico ou psicossocial,2025-08-18
1083,João Teixeira Oliveira,202542601,2B,Informática,2025.1,22,5.31,76.5,2.07,51.2,6,1,1,MEDIO,65,Reforco escolar e acompanhamento pedagogico,2024-02-26
1084,Lucas Araújo Souza,202542974,1A,Administração,2025.1,29,9.62,91.7,4.98,40.7,7,1,0,BAIXO,20,Encaminhamento para apoio psicologico ou psicossocial,2026-07-29
1085,Carla Santos Mendes,202543124,3B,Logística,2025.1,16,5.92,95.0,3.16,53.4,1,0,0,BAIXO,20,Reforco escolar e acompanhamento pedagogico,2024-02-08
1086,Mateus Pereira Santos,202543552,5B,Enfermagem,2025.2,27,6.89,80.9,4.59,52.5,2,1,0,BAIXO,20,Manter acompanhamento preventivo,2025-10-12
1087,Mateus Mendes Monteiro,202543558,3B,Agropecuária,2025.2,25,6.2,76.8,2.69,53.0,6,1,0,BAIXO,20,Manter acompanhamento preventivo,2025-11-21
1088,André Cardoso Ribeiro,202543649,1B,Redes de Computadores,2025.2,16,3.51,74.6,3.19,5.0,6,1,1,ALTO,90,Reforco escolar e acompanhamento pedagogico | Contato com responsavel e monitoramento de frequencia,2025-07-16
1089,Patrícia Lima Mendes,202543689,5B,Logística,2025.1,29,4.18,81.8,1.99,45.0,7,0,1,MEDIO,65,Reforco escolar e acompanhamento pedagogico | Encaminhamento para apoio psicologico ou psicossocial | Orientacao para rotina de estudos,2026-10-25
1090,Lucas Oliveira Teixeira,202543947,1B,Contabilidade,2025.2,22,7.05,80.6,3.41,5.0,7,1,0,BAIXO,20,Encaminhamento para apoio psicologico ou psicossocial,2024-03-12
1091,Camila Nascimento Cardoso,202543980,2B,Redes de Computadores,2025.1,34,4.65,63.7,1.53,44.3,7,0,1,ALTO,90,Reforco escolar e acompanhamento pedagogico | Contato com responsavel e monitoramento de frequencia | Encaminhamento para apoio psicologico ou psicossocial | Orientacao para rotina de estudos,2026-01-03
1092,Carlos Gomes Mendes,202544157,4A,Enfermagem,2025.2,17,5.95,74.7,3.3,51.9,2,1,1,MEDIO,65,Reforco escolar e acompanhamento pedagogico | Contato com responsavel e monitoramento de frequencia,2026-09-08
1093,Gabriela Batista Ferreira,202544173,5B,Edificações,2025.2,17,9.01,59.0,1.52,52.8,4,0,0,BAIXO,20,Contato com responsavel e monitoramento de frequencia | Orientacao para rotina de estudos,2026-01-20
1094,Thiago Santos Costa,202544214,5B,Informática,2025.1,23,5.25,75.6,2.55,10.4,2,1,1,MEDIO,65,Reforco escolar e acompanhamento pedagogico,2026-10-17
1095,Thiago Barbosa Batista,202544414,5B,Logística,2025.2,34,6.84,80.0,3.53,35.5,8,1,1,MEDIO,65,Encaminhamento para apoio psicologico ou psicossocial,2025-09-19
1096,Pedro Araújo Nascimento,202544542,1B,Pedagogia,2025.2,30,7.81,72.1,3.71,48.0,5,1,0,BAIXO,20,Contato com responsavel e monitoramento de frequencia,2025-01-14
1097,Rafaela Silva Ferreira,202544670,5B,Logística,2025.1,19,8.71,99.8,2.56,57.8,6,0,0,BAIXO,20,Manter acompanhamento preventivo,2026-06-27
1098,Gustavo Silva Monteiro,202544704,5B,Agropecuária,2025.2,27,7.42,85.4,2.12,37.5,4,1,0,BAIXO,20,Manter acompanhamento preventivo,2024-02-17
1099,João Araújo Silva,202544757,4A,Logística,2025.1,22,7.55,100.0,3.45,49.0,7,1,0,BAIXO,20,Encaminhamento para apoio psicologico ou psicossocial,2024-02-28
1100,Marina Araújo Rodrigues,202545093,3B,Informática,2025.2,23,6.49,77.8,0.73,25.0,5,0,1,MEDIO,65,Orientacao para rotina de estudos,2025-03-08
1101,Ana Mendes Gomes,202545210,2A,Logística,2025.2,19,4.77,85.7,3.25,8.1,7,0,1,MEDIO,65,Reforco escolar e acompanhamento pedagogico | Encaminhamento para apoio psicologico ou psicossocial,2024-06-07
1102,Gustavo Almeida Teixeira,202545432,3A,Contabilidade,2025.1,29,4.62,58.4,0.29,13.6,4,1,1,ALTO,90,Reforco escolar e acompanhamento pedagogico | Contato com responsavel e monitoramento de frequencia | Orientacao para rotina de estudos,2026-03-12
1103,Mateus Monteiro Batista,202545582,4A,Contabilidade,2025.1,34,6.0,77.4,2.53,35.3,4,1,0,BAIXO,20,Manter acompanhamento preventivo,2026-03-04
1104,Vitória Teixeira Teixeira,202545643,4A,Logística,2025.1,19,6.35,94.6,3.39,17.7,5,0,0,BAIXO,20,Manter acompanhamento preventivo,2026-04-03
1105,Patrícia Almeida Almeida,202545698,1A,Informática,2025.2,29,7.18,100.0,3.86,10.9,5,0,0,BAIXO,20,Manter acompanhamento preventivo,2024-07-22
1106,Larissa Santos Costa,202545836,4B,Redes de Computadores,2025.1,31,10.0,100.0,1.71,60.1,5,0,0,BAIXO,20,Orientacao para rotina de estudos,2025-01-05
1107,Pedro Lima Mendes,202545844,3A,Redes de Computadores,2025.1,31,4.02,82.0,1.36,45.2,7,1,1,MEDIO,65,Reforco escolar e acompanhamento pedagogico | Encaminhamento para apoio psicologico ou psicossocial | Orientacao para rotina de estudos,2025-05-17
1108,Samuel Oliveira Cardoso,202545861,2B,Informática,2025.1,26,7.12,100.0,1.63,33.2,8,1,0,BAIXO,20,Encaminhamento para apoio psicologico ou psicossocial | Orientacao para rotina de estudos,2026-05-02
1109,João Oliveira Barbosa,202546694,1B,Administração,2025.1,21,5.46,77.4,1.88,45.4,6,1,1,MEDIO,65,Reforco escolar e acompanhamento pedagogico | Orientacao para rotina de estudos,2025-06-06
1110,Luana Mendes Silva,202546806,3A,Logística,2025.1,22,5.71,80.9,1.04,44.4,1,0,1,MEDIO,65,Reforco escolar e acompanhamento pedagogico | Orientacao para rotina de estudos,2025-12-26
1111,Mateus Ferreira Santos,202546861,5A,Pedagogia,2025.2,21,7.0,96.8,1.13,19.8,1,1,0,BAIXO,20,Orientacao para rotina de estudos,2024-08-20
1112,Paulo Teixeira Mendes,202547016,3B,Agropecuária,2025.1,26,6.01,63.1,4.23,25.9,3,1,1,MEDIO,65,Contato com responsavel e monitoramento de frequencia,2026-07-10
1113,Isabela Silva Souza,202547065,4A,Redes de Computadores,2025.1,27,4.97,65.5,2.05,34.7,3,0,1,MEDIO,65,Reforco escolar e acompanhamento pedagogico | Contato com responsavel e monitoramento de frequencia,2025-08-04
1114,Pedro Gomes Monteiro,202547272,1A,Contabilidade,2025.2,16,7.61,80.8,4.56,45.3,5,1,0,BAIXO,20,Manter acompanhamento preventivo,2026-04-04
1115,Amanda Teixeira Oliveira,202547576,2A,Redes de Computadores,2025.2,32,8.51,91.6,3.71,36.8,5,0,0,BAIXO,20,Manter acompanhamento preventivo,2024-04-13
1116,Pedro Barbosa Souza,202547597,4B,Edificações,2025.2,18,5.16,94.4,4.63,56.2,5,1,0,BAIXO,20,Reforco escolar e acompanhamento pedagogico,2026-10-09
1117,Thiago Batista Monteiro,202547627,1A,Informática,2025.1,30,7.82,60.0,1.78,33.5,5,1,0,BAIXO,20,Contato com responsavel e monitoramento de frequencia | Orientacao para rotina de estudos,2024-07-03
1118,Marcos Ferreira Costa,202547802,2A,Enfermagem,2025.2,30,8.14,74.2,2.82,36.3,3,1,0,BAIXO,20,Contato com responsavel e monitoramento de frequencia,2026-12-26
1119,Maria Pereira Mendes,202547829,5A,Enfermagem,2025.2,34,8.82,64.0,2.83,18.8,5,0,0,BAIXO,20,Contato com responsavel e monitoramento de frequencia,2025-02-16
1120,Luana Pereira Teixeira,202547831,4A,Redes de Computadores,2025.2,22,5.67,86.7,4.11,34.0,8,0,1,MEDIO,65,Reforco escolar e acompanhamento pedagogico | Encaminhamento para apoio psicologico ou psicossocial,2026-05-18
1121,Gabriel Ribeiro Costa,202547914,1A,Enfermagem,2025.1,21,6.68,95.7,3.62,39.0,7,1,0,BAIXO,20,Encaminhamento para apoio psicologico ou psicossocial,2024-10-22
1122,Diego Teixeira Rodrigues,202547924,4A,Enfermagem,2025.1,24,9.09,77.4,2.45,35.1,6,1,0,BAIXO,20,Manter acompanhamento preventivo,2026-06-13
1123,Maria Cardoso Mendes,202547938,2A,Agropecuária,2025.1,25,6.73,86.9,2.04,24.0,6,0,0,BAIXO,20,Manter acompanhamento preventivo,2024-09-02
1124,Vitória Teixeira Barbosa,202547946,1A,Eletrotécnica,2025.1,27,4.51,63.9,3.47,64.6,4,0,1,MEDIO,65,Reforco escolar e acompanhamento pedagogico | Contato com responsavel e monitoramento de frequencia,2026-07-20
1125,Lucas Cardoso Barbosa,202548088,5A,Agropecuária,2025.2,30,8.83,88.7,2.52,28.5,8,1,0,BAIXO,20,Encaminhamento para apoio psicologico ou psicossocial,2025-01-21
1126,Marina Pereira Souza,202548150,5B,Logística,2025.1,31,5.88,100.0,1.56,51.9,6,0,0,BAIXO,20,Reforco escolar e acompanhamento pedagogico | Orientacao para rotina de estudos,2026-11-26
1127,Thiago Ferreira Teixeira,202548256,2A,Informática,2025.1,28,10.0,85.8,2.55,36.8,4,1,0,BAIXO,20,Manter acompanhamento preventivo,2026-02-10
1128,Eduarda Ribeiro Almeida,202548270,2B,Contabilidade,2025.1,18,4.55,72.3,2.74,17.2,6,0,1,MEDIO,65,Reforco escolar e acompanhamento pedagogico | Contato com responsavel e monitoramento de frequencia,2025-01-13
1129,Larissa Mendes Lima,202548286,4A,Enfermagem,2025.2,25,8.43,96.4,2.15,30.6,4,0,0,BAIXO,20,Manter acompanhamento preventivo,2025-07-23
1130,Camila Ribeiro Araújo,202548347,1A,Administração,2025.2,24,4.08,68.5,2.04,24.4,8,0,1,ALTO,90,Reforco escolar e acompanhamento pedagogico | Contato com responsavel e monitoramento de frequencia | Encaminhamento para apoio psicologico ou psicossocial,2026-07-26
1131,Maria Lima Barbosa,202548356,1B,Redes de Computadores,2025.2,22,6.64,73.0,2.94,34.4,3,0,1,MEDIO,65,Contato com responsavel e monitoramento de frequencia,2024-08-08
1132,Juliana Batista Teixeira,202548448,5A,Enfermagem,2025.1,23,8.06,53.7,0.63,56.1,2,0,1,MEDIO,65,Contato com responsavel e monitoramento de frequencia | Orientacao para rotina de estudos,2026-10-10
1133,Samuel Ribeiro Silva,202548505,2B,Redes de Computadores,2025.2,26,6.01,81.0,4.21,50.4,6,1,0,BAIXO,20,Manter acompanhamento preventivo,2026-02-13
1134,Pedro Lima Pereira,202548543,3B,Eletrotécnica,2025.2,26,7.36,72.5,1.0,64.6,7,1,1,MEDIO,65,Contato com responsavel e monitoramento de frequencia | Encaminhamento para apoio psicologico ou psicossocial | Orientacao para rotina de estudos,2026-01-24
1135,Beatriz Barbosa Santos,202548554,1B,Contabilidade,2025.1,26,8.49,100.0,2.21,29.0,6,0,0,BAIXO,20,Manter acompanhamento preventivo,2026-04-26
1136,Ana Santos Costa,202548800,2B,Logística,2025.2,19,6.74,89.7,1.15,58.1,7,0,0,BAIXO,20,Encaminhamento para apoio psicologico ou psicossocial | Orientacao para rotina de estudos,2026-08-08
1137,Jéssica Pereira Mendes,202548806,1B,Enfermagem,2025.1,19,8.43,58.6,1.99,22.6,2,0,0,BAIXO,20,Contato com responsavel e monitoramento de frequencia | Orientacao para rotina de estudos,2026-02-01
1138,Pedro Barbosa Barbosa,202548939,5B,Contabilidade,2025.2,22,5.32,98.3,2.82,15.3,3,1,0,BAIXO,20,Reforco escolar e acompanhamento pedagogico,2024-03-27
1139,Patrícia Batista Mendes,202548977,2A,Agropecuária,2025.2,17,8.37,64.6,2.85,40.6,5,0,0,BAIXO,20,Contato com responsavel e monitoramento de frequencia,2026-03-31
1140,Daniel Rodrigues Oliveira,202548991,2B,Logística,2025.2,34,5.28,77.9,2.57,39.0,2,1,1,MEDIO,65,Reforco escolar e acompanhamento pedagogico,2026-05-25
1141,Ana Souza Pereira,202549038,2B,Informática,2025.2,32,7.2,68.6,0.75,49.8,7,0,1,MEDIO,65,Contato com responsavel e monitoramento de frequencia | Encaminhamento para apoio psicologico ou psicossocial | Orientacao para rotina de estudos,2024-07-08
1142,Maria Ferreira Pereira,202549209,2A,Pedagogia,2025.1,29,8.15,81.5,1.98,44.0,7,0,0,BAIXO,20,Encaminhamento para apoio psicologico ou psicossocial | Orientacao para rotina de estudos,2024-03-02
1143,Camila Monteiro Silva,202549232,4B,Administração,2025.2,26,9.16,76.5,0.54,28.5,6,0,0,BAIXO,20,Orientacao para rotina de estudos,2026-04-25
1144,Diego Rodrigues Almeida,202549353,3B,Redes de Computadores,2025.2,27,9.0,90.0,2.94,65.0,5,1,0,BAIXO,20,Manter acompanhamento preventivo,2025-10-03
1145,Gabriela Souza Barbosa,202549382,4A,Administração,2025.2,32,5.33,83.7,4.0,57.3,6,0,1,MEDIO,65,Reforco escolar e acompanhamento pedagogico,2025-10-02
1146,Carlos Monteiro Lima,202549433,2A,Eletrotécnica,2025.2,31,10.0,76.7,1.6,17.0,6,1,0,BAIXO,20,Orientacao para rotina de estudos,2026-04-22
1147,Camila Lima Gomes,202549676,3B,Redes de Computadores,2025.2,16,8.7,73.5,3.76,23.0,10,0,1,MEDIO,65,Contato com responsavel e monitoramento de frequencia | Encaminhamento para apoio psicologico ou psicossocial,2025-09-26
1148,André Monteiro Cardoso,202549779,4B,Logística,2025.1,28,7.8,81.5,3.96,21.7,2,1,0,BAIXO,20,Manter acompanhamento preventivo,2025-09-23
1149,Pedro Nascimento Souza,202550032,1B,Pedagogia,2025.1,24,8.56,93.0,0.99,34.9,10,1,1,MEDIO,65,Encaminhamento para apoio psicologico ou psicossocial | Orientacao para rotina de estudos,2024-01-10
1150,Maria Araújo Monteiro,202550101,3B,Contabilidade,2025.2,24,3.39,64.3,2.88,21.3,1,0,1,ALTO,90,Reforco escolar e acompanhamento pedagogico | Contato com responsavel e monitoramento de frequencia,2026-03-12
1151,Amanda Cardoso Gomes,202550260,3B,Logística,2025.1,28,3.65,63.8,3.86,34.3,8,0,1,ALTO,90,Reforco escolar e acompanhamento pedagogico | Contato com responsavel e monitoramento de frequencia | Encaminhamento para apoio psicologico ou psicossocial,2024-07-15
1152,Maria Nascimento Pereira,202550290,3A,Agropecuária,2025.2,29,7.18,83.2,4.08,35.3,5,0,0,BAIXO,20,Manter acompanhamento preventivo,2026-10-31
1153,Aline Rodrigues Mendes,202550308,2A,Agropecuária,2025.1,20,7.44,91.3,0.91,29.8,3,0,0,BAIXO,20,Orientacao para rotina de estudos,2025-01-13
1154,Rafaela Teixeira Souza,202550375,5B,Enfermagem,2025.1,33,4.15,90.1,0.6,40.7,5,0,1,MEDIO,65,Reforco escolar e acompanhamento pedagogico | Orientacao para rotina de estudos,2025-06-15
1155,Leonardo Barbosa Barbosa,202550404,3B,Redes de Computadores,2025.2,34,4.77,71.0,3.76,33.8,9,1,1,ALTO,90,Reforco escolar e acompanhamento pedagogico | Contato com responsavel e monitoramento de frequencia | Encaminhamento para apoio psicologico ou psicossocial,2026-06-25
1156,Maria Costa Pereira,202550499,2A,Informática,2025.1,24,7.29,64.5,4.09,34.7,4,0,0,BAIXO,20,Contato com responsavel e monitoramento de frequencia,2025-12-19
1157,Ana Silva Souza,202550544,4A,Logística,2025.1,24,7.26,98.3,3.74,41.8,6,0,0,BAIXO,20,Manter acompanhamento preventivo,2024-01-12
1158,Leonardo Rodrigues Barbosa,202550828,1B,Edificações,2025.2,23,4.45,82.3,3.96,40.8,6,1,1,MEDIO,65,Reforco escolar e acompanhamento pedagogico,2026-02-11
1159,Samuel Rodrigues Nascimento,202551015,1B,Administração,2025.2,25,8.24,85.7,4.64,37.7,4,1,0,BAIXO,20,Manter acompanhamento preventivo,2025-01-16
1160,Fernanda Pereira Almeida,202551032,5B,Edificações,2025.2,30,6.14,79.6,0.58,44.4,7,0,1,MEDIO,65,Encaminhamento para apoio psicologico ou psicossocial | Orientacao para rotina de estudos,2024-04-25
1161,Rafael Santos Barbosa,202551044,4A,Redes de Computadores,2025.2,19,10.0,63.1,2.35,37.4,10,1,1,MEDIO,65,Contato com responsavel e monitoramento de frequencia | Encaminhamento para apoio psicologico ou psicossocial,2024-10-13
1162,Leonardo Monteiro Oliveira,202551151,4A,Redes de Computadores,2025.2,18,6.57,68.1,1.78,15.6,4,1,1,MEDIO,65,Contato com responsavel e monitoramento de frequencia | Orientacao para rotina de estudos,2025-02-18
1163,Luana Nascimento Monteiro,202551158,3B,Redes de Computadores,2025.2,23,8.81,75.3,1.48,41.0,3,0,0,BAIXO,20,Orientacao para rotina de estudos,2026-08-19
1164,Daniel Costa Barbosa,202551465,1B,Edificações,2025.1,24,4.18,100.0,1.87,55.8,6,1,0,BAIXO,20,Reforco escolar e acompanhamento pedagogico | Orientacao para rotina de estudos,2026-07-15
1165,Rafael Araújo Pereira,202551504,2B,Pedagogia,2025.1,34,5.45,88.1,0.0,29.2,9,1,1,ALTO,90,Reforco escolar e acompanhamento pedagogico | Encaminhamento para apoio psicologico ou psicossocial | Orientacao para rotina de estudos,2024-05-05
1166,Gabriela Silva Gomes,202551701,3A,Pedagogia,2025.1,20,8.48,68.9,1.25,37.2,6,0,0,BAIXO,20,Contato com responsavel e monitoramento de frequencia | Orientacao para rotina de estudos,2024-05-28
1167,Luana Lima Santos,202551719,4A,Contabilidade,2025.1,24,6.73,100.0,3.95,33.6,4,0,0,BAIXO,20,Manter acompanhamento preventivo,2026-01-03
1168,Felipe Silva Barbosa,202551905,4B,Logística,2025.1,23,6.12,84.1,1.18,51.7,3,1,0,BAIXO,20,Orientacao para rotina de estudos,2024-09-22
1169,Amanda Almeida Almeida,202552256,2A,Logística,2025.1,28,10.0,93.8,2.71,19.7,6,0,0,BAIXO,20,Manter acompanhamento preventivo,2025-04-01
1170,Leonardo Rodrigues Costa,202552297,5A,Logística,2025.1,29,7.89,59.6,3.22,53.2,7,1,1,MEDIO,65,Contato com responsavel e monitoramento de frequencia | Encaminhamento para apoio psicologico ou psicossocial,2026-04-08
1171,Henrique Silva Gomes,202552299,2A,Redes de Computadores,2025.2,31,6.88,79.2,2.83,86.6,6,1,0,BAIXO,20,Manter acompanhamento preventivo,2026-02-17
1172,Beatriz Nascimento Oliveira,202552336,2A,Edificações,2025.1,21,5.94,100.0,2.47,73.1,4,0,0,BAIXO,20,Reforco escolar e acompanhamento pedagogico,2024-06-13
1173,Juliana Pereira Monteiro,202552351,5A,Redes de Computadores,2025.2,26,5.07,95.1,1.83,21.1,7,0,1,MEDIO,65,Reforco escolar e acompanhamento pedagogico | Encaminhamento para apoio psicologico ou psicossocial | Orientacao para rotina de estudos,2025-09-17
1174,Henrique Cardoso Oliveira,202552428,3B,Informática,2025.2,29,4.98,54.7,1.52,40.8,4,1,1,MEDIO,65,Reforco escolar e acompanhamento pedagogico | Contato com responsavel e monitoramento de frequencia | Orientacao para rotina de estudos,2026-03-20
1175,João Barbosa Rodrigues,202552899,3A,Redes de Computadores,2025.1,18,7.63,84.5,3.29,46.8,7,1,0,BAIXO,20,Encaminhamento para apoio psicologico ou psicossocial,2026-07-24
1176,Daniel Santos Costa,202552962,4A,Pedagogia,2025.1,31,9.97,100.0,4.07,52.3,7,1,0,BAIXO,20,Encaminhamento para apoio psicologico ou psicossocial,2026-10-07
1177,Gabriel Ribeiro Ferreira,202553292,5A,Enfermagem,2025.2,18,10.0,58.8,3.96,51.4,5,1,0,BAIXO,20,Contato com responsavel e monitoramento de frequencia,2026-11-28
1178,Gustavo Teixeira Lima,202553364,1B,Edificações,2025.2,34,6.46,77.2,3.29,41.4,6,1,0,BAIXO,20,Manter acompanhamento preventivo,2024-04-24
1179,Amanda Ribeiro Mendes,202553633,2B,Enfermagem,2025.1,22,7.26,97.5,0.07,33.7,4,0,0,BAIXO,20,Orientacao para rotina de estudos,2025-03-23
1180,Marina Ferreira Cardoso,202553636,1B,Agropecuária,2025.2,28,7.05,72.2,2.7,24.7,4,0,0,BAIXO,20,Contato com responsavel e monitoramento de frequencia,2024-12-11
1181,Camila Teixeira Rodrigues,202553749,1B,Administração,2025.1,27,4.89,83.8,2.29,41.2,6,0,1,MEDIO,65,Reforco escolar e acompanhamento pedagogico,2024-09-10
1182,João Almeida Gomes,202553821,1A,Agropecuária,2025.2,21,6.46,96.1,3.12,33.7,5,1,0,BAIXO,20,Manter acompanhamento preventivo,2024-02-23
1183,Felipe Ribeiro Santos,202553841,5B,Agropecuária,2025.1,21,9.84,92.1,1.75,36.0,4,1,0,BAIXO,20,Orientacao para rotina de estudos,2025-10-31
1184,Felipe Ribeiro Santos,202553892,1B,Agropecuária,2025.2,27,6.02,56.0,4.9,25.7,6,1,1,MEDIO,65,Contato com responsavel e monitoramento de frequencia,2024-01-03
1185,Natália Pereira Costa,202553940,5A,Enfermagem,2025.2,17,5.1,96.4,0.24,67.1,5,0,1,MEDIO,65,Reforco escolar e acompanhamento pedagogico | Orientacao para rotina de estudos,2024-02-08
1186,Luana Costa Teixeira,202553960,5A,Informática,2025.1,27,9.99,69.3,2.07,24.9,6,0,0,BAIXO,20,Contato com responsavel e monitoramento de frequencia,2025-11-15
1187,Gabriela Monteiro Silva,202553964,4B,Agropecuária,2025.2,20,6.18,81.3,4.07,43.2,5,0,0,BAIXO,20,Manter acompanhamento preventivo,2025-07-06
1188,Amanda Gomes Nascimento,202553997,1B,Administração,2025.1,20,10.0,77.0,2.95,30.5,6,0,0,BAIXO,20,Manter acompanhamento preventivo,2026-10-01
1189,Samuel Gomes Monteiro,202554468,2A,Edificações,2025.2,20,7.91,81.8,5.02,15.3,4,1,0,BAIXO,20,Manter acompanhamento preventivo,2026-01-23
1190,Aline Teixeira Pereira,202554532,3A,Contabilidade,2025.2,16,9.7,51.3,1.84,59.1,5,0,0,BAIXO,20,Contato com responsavel e monitoramento de frequencia | Orientacao para rotina de estudos,2026-04-09
1191,Amanda Nascimento Costa,202554536,3B,Informática,2025.1,28,5.9,73.0,0.38,52.8,1,0,1,ALTO,90,Reforco escolar e acompanhamento pedagogico | Contato com responsavel e monitoramento de frequencia | Orientacao para rotina de estudos,2026-02-15
1192,Juliana Almeida Pereira,202554544,3B,Agropecuária,2025.1,21,5.43,74.5,1.79,17.7,5,0,1,MEDIO,65,Reforco escolar e acompanhamento pedagogico | Contato com responsavel e monitoramento de frequencia | Orientacao para rotina de estudos,2026-03-26
1193,Vitória Gomes Almeida,202554627,4B,Enfermagem,2025.1,29,9.51,88.7,2.33,23.6,4,0,0,BAIXO,20,Manter acompanhamento preventivo,2026-06-04
1194,Lucas Gomes Batista,202554790,3B,Pedagogia,2025.1,19,7.95,75.2,2.8,49.3,6,1,0,BAIXO,20,Manter acompanhamento preventivo,2025-07-23
1195,Isabela Santos Nascimento,202554882,1B,Edificações,2025.1,28,9.78,89.3,2.24,24.6,5,0,0,BAIXO,20,Manter acompanhamento preventivo,2025-03-11
1196,Natália Mendes Ferreira,202554951,2A,Agropecuária,2025.1,19,4.79,85.5,6.03,47.7,2,0,0,BAIXO,20,Reforco escolar e acompanhamento pedagogico,2026-07-06
1197,Samuel Oliveira Ferreira,202554977,4A,Redes de Computadores,2025.1,23,9.36,71.9,2.89,5.0,2,1,0,BAIXO,20,Contato com responsavel e monitoramento de frequencia,2026-06-21
1198,Henrique Rodrigues Araújo,202555022,1A,Enfermagem,2025.1,17,2.35,82.2,0.0,51.2,4,1,1,ALTO,90,Reforco escolar e acompanhamento pedagogico | Orientacao para rotina de estudos,2024-07-11
1199,Felipe Costa Silva,202555093,5A,Redes de Computadores,2025.2,27,7.08,71.5,2.35,23.7,8,1,1,MEDIO,65,Contato com responsavel e monitoramento de frequencia | Encaminhamento para apoio psicologico ou psicossocial,2026-03-06
1200,Gustavo Araújo Rodrigues,202555236,5A,Redes de Computadores,2025.2,20,5.53,75.2,1.97,22.4,6,1,1,MEDIO,65,Reforco escolar e acompanhamento pedagogico | Orientacao para rotina de estudos,2026-02-11
1201,Bruno Santos Ribeiro,202555394,3A,Administração,2025.2,25,6.89,82.3,2.25,43.7,7,1,1,MEDIO,65,Encaminhamento para apoio psicologico ou psicossocial,2026-10-23
1202,Larissa Lima Batista,202555553,1B,Eletrotécnica,2025.2,32,6.86,70.7,1.96,43.4,6,0,1,MEDIO,65,Contato com responsavel e monitoramento de frequencia | Orientacao para rotina de estudos,2024-12-30
1203,Gustavo Rodrigues Oliveira,202555742,3A,Administração,2025.1,25,10.0,66.0,1.97,61.6,6,1,0,BAIXO,20,Contato com responsavel e monitoramento de frequencia | Orientacao para rotina de estudos,2025-09-17
1204,Beatriz Ribeiro Araújo,202555830,2B,Agropecuária,2025.2,31,4.22,68.9,3.52,47.2,7,0,1,ALTO,90,Reforco escolar e acompanhamento pedagogico | Contato com responsavel e monitoramento de frequencia | Encaminhamento para apoio psicologico ou psicossocial,2024-02-18
1205,Carla Costa Silva,202556014,5B,Eletrotécnica,2025.1,22,8.12,78.0,1.15,45.8,8,0,0,BAIXO,20,Encaminhamento para apoio psicologico ou psicossocial | Orientacao para rotina de estudos,2026-11-27
1206,Bruno Pereira Cardoso,202556090,5B,Logística,2025.1,17,4.5,92.0,2.46,31.3,7,1,1,MEDIO,65,Reforco escolar e acompanhamento pedagogico | Encaminhamento para apoio psicologico ou psicossocial,2026-11-05
1207,Henrique Nascimento Mendes,202556116,1A,Contabilidade,2025.1,18,9.59,93.1,4.51,20.2,3,1,0,BAIXO,20,Manter acompanhamento preventivo,2024-12-17
1208,Amanda Pereira Monteiro,202556143,1B,Eletrotécnica,2025.2,23,6.55,81.6,2.75,61.4,3,0,0,BAIXO,20,Manter acompanhamento preventivo,2026-04-27
1209,Carla Lima Costa,202556281,1A,Logística,2025.2,19,5.82,84.6,2.5,42.5,7,0,1,MEDIO,65,Reforco escolar e acompanhamento pedagogico | Encaminhamento para apoio psicologico ou psicossocial,2026-05-26
1210,Felipe Rodrigues Nascimento,202556353,5A,Edificações,2025.2,16,7.22,59.1,2.89,23.3,4,1,0,BAIXO,20,Contato com responsavel e monitoramento de frequencia,2024-06-14
1211,Gustavo Almeida Santos,202556440,2B,Agropecuária,2025.1,32,5.26,88.4,2.24,51.4,9,1,1,MEDIO,65,Reforco escolar e acompanhamento pedagogico | Encaminhamento para apoio psicologico ou psicossocial,2026-09-24
1212,Vitória Ferreira Barbosa,202556490,4A,Redes de Computadores,2025.2,16,4.99,83.0,1.53,63.0,3,0,1,MEDIO,65,Reforco escolar e acompanhamento pedagogico | Orientacao para rotina de estudos,2025-09-23
1213,Natália Batista Rodrigues,202556499,2B,Logística,2025.1,30,5.63,77.9,1.28,46.8,7,0,1,MEDIO,65,Reforco escolar e acompanhamento pedagogico | Encaminhamento para apoio psicologico ou psicossocial | Orientacao para rotina de estudos,2026-11-06
1214,André Monteiro Nascimento,202556674,3A,Contabilidade,2025.2,34,8.66,75.5,2.59,12.2,4,1,0,BAIXO,20,Manter acompanhamento preventivo,2026-04-08
1215,Carlos Gomes Cardoso,202556992,2B,Agropecuária,2025.2,29,7.1,71.5,3.33,51.0,1,1,0,BAIXO,20,Contato com responsavel e monitoramento de frequencia,2024-06-23
1216,Juliana Nascimento Barbosa,202557028,2A,Contabilidade,2025.2,34,4.36,93.6,3.94,17.3,7,0,1,MEDIO,65,Reforco escolar e acompanhamento pedagogico | Encaminhamento para apoio psicologico ou psicossocial,2025-04-19
1217,Eduarda Mendes Almeida,202557270,3B,Logística,2025.2,18,6.35,75.5,2.86,6.6,7,0,1,MEDIO,65,Encaminhamento para apoio psicologico ou psicossocial,2024-11-06
1218,Gabriel Cardoso Silva,202557369,1B,Administração,2025.2,21,6.5,82.5,3.02,62.5,5,1,0,BAIXO,20,Manter acompanhamento preventivo,2026-03-11
1219,Fernanda Almeida Mendes,202557428,5B,Enfermagem,2025.2,26,7.63,71.8,3.06,24.4,4,0,0,BAIXO,20,Contato com responsavel e monitoramento de frequencia,2026-06-13
1220,Rafaela Barbosa Nascimento,202557440,4A,Agropecuária,2025.2,34,3.51,94.5,3.1,52.0,1,0,1,MEDIO,65,Reforco escolar e acompanhamento pedagogico,2025-01-01
1221,Vitória Pereira Ferreira,202557467,2B,Administração,2025.1,20,4.86,91.9,3.14,27.8,3,0,0,BAIXO,20,Reforco escolar e acompanhamento pedagogico,2024-03-07
1222,Vitória Monteiro Araújo,202557522,3B,Redes de Computadores,2025.1,16,7.9,74.3,4.2,29.0,4,0,0,BAIXO,20,Contato com responsavel e monitoramento de frequencia,2026-06-24
1223,Vitória Pereira Pereira,202557553,2B,Redes de Computadores,2025.2,31,5.04,81.0,1.63,36.9,8,0,1,MEDIO,65,Reforco escolar e acompanhamento pedagogico | Encaminhamento para apoio psicologico ou psicossocial | Orientacao para rotina de estudos,2024-05-23
1224,Paulo Oliveira Lima,202557592,3A,Logística,2025.2,25,8.33,66.3,2.85,17.8,3,1,0,BAIXO,20,Contato com responsavel e monitoramento de frequencia,2025-09-25
1225,Mateus Batista Ferreira,202557619,1B,Informática,2025.2,24,5.7,100.0,0.77,5.0,6,1,1,MEDIO,65,Reforco escolar e acompanhamento pedagogico | Orientacao para rotina de estudos,2024-03-04
1226,Rafael Souza Gomes,202557629,4A,Informática,2025.2,25,2.5,88.0,2.63,31.9,6,1,1,MEDIO,65,Reforco escolar e acompanhamento pedagogico,2024-02-14
1227,Jéssica Pereira Araújo,202557655,3A,Enfermagem,2025.2,29,4.3,51.5,1.82,40.9,6,0,1,MEDIO,65,Reforco escolar e acompanhamento pedagogico | Contato com responsavel e monitoramento de frequencia | Orientacao para rotina de estudos,2024-01-28
1228,Carlos Araújo Ferreira,202557688,1A,Eletrotécnica,2025.1,17,8.5,80.7,2.24,28.9,5,1,0,BAIXO,20,Manter acompanhamento preventivo,2026-09-05
1229,Vitória Barbosa Ribeiro,202557765,2B,Agropecuária,2025.1,19,4.97,76.5,3.85,44.4,8,0,1,MEDIO,65,Reforco escolar e acompanhamento pedagogico | Encaminhamento para apoio psicologico ou psicossocial,2024-12-28
1230,Diego Mendes Oliveira,202557986,4B,Redes de Computadores,2025.2,32,5.92,75.4,3.43,36.1,4,1,1,MEDIO,65,Reforco escolar e acompanhamento pedagogico,2026-01-09
1231,Ana Mendes Oliveira,202558009,4B,Informática,2025.2,25,8.35,86.0,2.43,68.2,5,0,0,BAIXO,20,Manter acompanhamento preventivo,2025-03-28
1232,Carla Nascimento Monteiro,202558047,3B,Redes de Computadores,2025.1,18,5.31,93.0,3.7,68.4,6,0,0,BAIXO,20,Reforco escolar e acompanhamento pedagogico,2024-05-16
1233,Henrique Souza Costa,202558441,1B,Informática,2025.2,31,4.17,77.5,2.75,57.3,3,1,1,MEDIO,65,Reforco escolar e acompanhamento pedagogico,2026-10-02
1234,Daniel Pereira Teixeira,202558697,4B,Pedagogia,2025.1,26,6.17,64.4,3.7,46.7,7,1,1,MEDIO,65,Contato com responsavel e monitoramento de frequencia | Encaminhamento para apoio psicologico ou psicossocial,2025-08-15
1235,Pedro Almeida Pereira,202558702,4B,Eletrotécnica,2025.2,31,7.86,72.4,0.94,32.8,9,1,1,ALTO,90,Contato com responsavel e monitoramento de frequencia | Encaminhamento para apoio psicologico ou psicossocial | Orientacao para rotina de estudos,2026-05-01
1236,Lucas Santos Barbosa,202558733,1A,Administração,2025.1,16,8.87,75.6,2.45,38.4,2,1,0,BAIXO,20,Manter acompanhamento preventivo,2024-06-09
1237,Natália Cardoso Cardoso,202558958,3A,Contabilidade,2025.2,23,6.34,68.0,2.8,50.5,8,0,1,MEDIO,65,Contato com responsavel e monitoramento de frequencia | Encaminhamento para apoio psicologico ou psicossocial,2025-10-09
1238,Samuel Ribeiro Oliveira,202559081,2A,Enfermagem,2025.2,29,5.41,94.5,2.39,60.5,4,1,0,BAIXO,20,Reforco escolar e acompanhamento pedagogico,2026-07-07
1239,Carla Pereira Cardoso,202559127,5A,Redes de Computadores,2025.2,27,5.53,77.4,5.6,32.5,6,0,1,MEDIO,65,Reforco escolar e acompanhamento pedagogico,2025-03-13
1240,Vinicius Cardoso Mendes,202559157,3A,Informática,2025.2,21,5.84,89.2,5.07,28.6,3,1,0,BAIXO,20,Reforco escolar e acompanhamento pedagogico,2026-06-09
1241,Diego Lima Costa,202559190,2B,Agropecuária,2025.1,19,7.57,86.0,1.95,33.3,7,1,0,BAIXO,20,Encaminhamento para apoio psicologico ou psicossocial | Orientacao para rotina de estudos,2024-07-24
1242,Gustavo Ferreira Teixeira,202559424,3A,Contabilidade,2025.2,33,3.85,55.7,5.42,45.0,4,1,1,ALTO,90,Reforco escolar e acompanhamento pedagogico | Contato com responsavel e monitoramento de frequencia,2025-11-26
1243,Natália Gomes Nascimento,202559620,2A,Agropecuária,2025.2,18,5.98,83.1,4.46,42.6,4,0,1,MEDIO,65,Reforco escolar e acompanhamento pedagogico,2024-07-16
1244,Luana Pereira Teixeira,202559648,4A,Administração,2025.2,26,7.06,84.3,2.88,39.7,5,0,0,BAIXO,20,Manter acompanhamento preventivo,2026-06-11
1245,Natália Almeida Lima,202559790,2A,Redes de Computadores,2025.2,32,6.0,89.2,1.89,27.0,4,0,0,BAIXO,20,Orientacao para rotina de estudos,2024-05-12
1246,Patrícia Ribeiro Araújo,202559809,2B,Eletrotécnica,2025.2,25,6.39,100.0,2.53,53.3,1,0,0,BAIXO,20,Manter acompanhamento preventivo,2024-03-14
1247,Diego Souza Oliveira,202559845,1B,Enfermagem,2025.2,19,5.0,97.1,1.69,60.3,5,1,0,BAIXO,20,Reforco escolar e acompanhamento pedagogico | Orientacao para rotina de estudos,2024-04-09
1248,Maria Souza Mendes,202560089,1A,Enfermagem,2025.2,25,6.76,82.7,3.75,22.6,6,0,0,BAIXO,20,Manter acompanhamento preventivo,2026-06-18
1249,Gustavo Almeida Nascimento,202560118,3B,Redes de Computadores,2025.1,27,10.0,98.6,3.81,40.0,8,1,0,BAIXO,20,Encaminhamento para apoio psicologico ou psicossocial,2025-01-02
1250,Leonardo Oliveira Mendes,202560336,4A,Eletrotécnica,2025.1,28,6.17,100.0,4.94,36.5,3,1,0,BAIXO,20,Manter acompanhamento preventivo,2025-09-22
1251,Patrícia Gomes Santos,202560504,5A,Eletrotécnica,2025.2,17,7.32,99.4,1.71,26.3,5,0,0,BAIXO,20,Orientacao para rotina de estudos,2026-05-04
1252,Mateus Mendes Pereira,202560513,3B,Edificações,2025.1,20,7.7,100.0,3.53,38.5,4,1,0,BAIXO,20,Manter acompanhamento preventivo,2025-02-08
1253,Carla Monteiro Monteiro,202560794,1B,Redes de Computadores,2025.1,29,2.95,100.0,0.0,33.3,3,0,1,MEDIO,65,Reforco escolar e acompanhamento pedagogico | Orientacao para rotina de estudos,2026-06-09
1254,Leonardo Monteiro Costa,202560829,3A,Informática,2025.2,28,10.0,83.9,2.29,41.3,3,1,0,BAIXO,20,Manter acompanhamento preventivo,2025-05-12
1255,Diego Cardoso Souza,202560996,2A,Pedagogia,2025.2,20,7.69,90.4,2.18,27.5,7,1,0,BAIXO,20,Encaminhamento para apoio psicologico ou psicossocial,2026-11-05
1256,Carlos Monteiro Souza,202561129,3A,Administração,2025.2,34,5.5,74.1,2.78,33.1,2,1,1,MEDIO,65,Reforco escolar e acompanhamento pedagogico | Contato com responsavel e monitoramento de frequencia,2026-01-27
1257,Vitória Ferreira Nascimento,202561183,4A,Pedagogia,2025.2,23,1.66,88.1,0.8,47.0,6,0,1,MEDIO,65,Reforco escolar e acompanhamento pedagogico | Orientacao para rotina de estudos,2024-02-23
1258,Diego Teixeira Almeida,202561195,4B,Administração,2025.2,24,5.27,84.0,2.3,74.5,8,1,1,MEDIO,65,Reforco escolar e acompanhamento pedagogico | Encaminhamento para apoio psicologico ou psicossocial,2026-05-05
1259,Vinicius Rodrigues Rodrigues,202561246,3A,Administração,2025.1,28,5.86,74.1,2.25,11.0,6,1,1,MEDIO,65,Reforco escolar e acompanhamento pedagogico | Contato com responsavel e monitoramento de frequencia,2026-10-09
1260,Lucas Nascimento Barbosa,202561402,5B,Administração,2025.2,26,5.23,85.7,4.24,10.1,7,1,1,MEDIO,65,Reforco escolar e acompanhamento pedagogico | Encaminhamento para apoio psicologico ou psicossocial,2026-09-12
1261,Carlos Araújo Rodrigues,202561617,4B,Logística,2025.1,21,2.81,76.1,4.21,30.4,4,1,1,MEDIO,65,Reforco escolar e acompanhamento pedagogico,2025-10-12
1262,André Oliveira Almeida,202561712,2A,Enfermagem,2025.1,16,5.43,70.5,3.94,8.9,1,1,1,MEDIO,65,Reforco escolar e acompanhamento pedagogico | Contato com responsavel e monitoramento de frequencia,2026-03-15
1263,Amanda Santos Monteiro,202561716,4A,Informática,2025.2,18,8.02,94.5,2.66,47.2,4,0,0,BAIXO,20,Manter acompanhamento preventivo,2026-06-11
1264,Jéssica Mendes Cardoso,202561857,5A,Eletrotécnica,2025.2,20,4.31,100.0,4.46,54.2,4,0,0,BAIXO,20,Reforco escolar e acompanhamento pedagogico,2025-09-25
1265,Maria Almeida Ferreira,202561951,2A,Contabilidade,2025.1,30,6.19,98.7,4.23,41.8,5,0,0,BAIXO,20,Manter acompanhamento preventivo,2024-10-18
1266,Patrícia Oliveira Lima,202561969,2B,Enfermagem,2025.2,30,9.71,97.0,1.7,5.0,6,0,0,BAIXO,20,Orientacao para rotina de estudos,2024-04-02
1267,Patrícia Souza Teixeira,202562205,3A,Informática,2025.2,24,7.32,88.9,5.69,40.8,7,0,0,BAIXO,20,Encaminhamento para apoio psicologico ou psicossocial,2025-06-02
1268,Carla Pereira Santos,202562223,5A,Eletrotécnica,2025.2,32,3.79,73.1,0.59,33.9,7,0,1,ALTO,90,Reforco escolar e acompanhamento pedagogico | Contato com responsavel e monitoramento de frequencia | Encaminhamento para apoio psicologico ou psicossocial | Orientacao para rotina de estudos,2026-10-02
1269,Gabriela Oliveira Almeida,202562409,3B,Pedagogia,2025.2,33,7.07,87.7,4.78,22.3,5,0,0,BAIXO,20,Manter acompanhamento preventivo,2025-11-09
1270,Fernanda Lima Cardoso,202562742,2A,Agropecuária,2025.2,16,5.53,83.2,2.82,46.6,5,0,1,MEDIO,65,Reforco escolar e acompanhamento pedagogico,2024-11-11
1271,Henrique Costa Gomes,202562775,1B,Agropecuária,2025.1,20,6.07,81.0,0.0,18.5,4,1,1,MEDIO,65,Orientacao para rotina de estudos,2025-04-27
1272,Carlos Santos Gomes,202562817,5B,Agropecuária,2025.1,25,7.95,52.5,4.47,65.5,4,1,0,BAIXO,20,Contato com responsavel e monitoramento de frequencia,2025-05-15
1273,Rafaela Teixeira Ferreira,202562858,5A,Agropecuária,2025.2,32,6.12,84.1,1.63,75.6,2,0,0,BAIXO,20,Orientacao para rotina de estudos,2026-07-29
1274,Bruno Batista Barbosa,202563030,3A,Informática,2025.2,24,6.46,83.2,0.0,38.3,2,1,1,MEDIO,65,Orientacao para rotina de estudos,2025-11-27
1275,Beatriz Mendes Santos,202563084,2A,Enfermagem,2025.1,18,5.37,93.9,1.16,34.9,8,0,1,MEDIO,65,Reforco escolar e acompanhamento pedagogico | Encaminhamento para apoio psicologico ou psicossocial | Orientacao para rotina de estudos,2026-12-25
1276,Bruno Souza Pereira,202563134,4B,Pedagogia,2025.1,21,8.92,77.3,3.94,91.9,6,1,0,BAIXO,20,Avaliar apoio logistico ou flexibilizacao academica,2024-09-12
1277,Gustavo Araújo Silva,202563187,1A,Administração,2025.1,20,9.22,73.2,0.72,41.6,3,1,1,MEDIO,65,Contato com responsavel e monitoramento de frequencia | Orientacao para rotina de estudos,2024-09-26
1278,André Cardoso Batista,202563245,2A,Informática,2025.2,29,7.35,86.4,1.93,9.8,4,1,0,BAIXO,20,Orientacao para rotina de estudos,2025-07-15
1279,Beatriz Ferreira Lima,202563282,4B,Redes de Computadores,2025.1,21,6.51,79.6,2.9,58.9,4,0,0,BAIXO,20,Manter acompanhamento preventivo,2026-01-03
1280,Patrícia Souza Nascimento,202563563,1B,Eletrotécnica,2025.2,31,8.86,77.9,2.45,25.3,6,0,0,BAIXO,20,Manter acompanhamento preventivo,2024-03-03
1281,Ana Gomes Cardoso,202563707,2B,Pedagogia,2025.1,24,6.77,68.0,3.84,28.8,5,0,1,MEDIO,65,Contato com responsavel e monitoramento de frequencia,2024-11-24
1282,Felipe Mendes Souza,202563731,2A,Agropecuária,2025.2,22,4.54,92.5,2.8,34.1,3,1,0,BAIXO,20,Reforco escolar e acompanhamento pedagogico,2024-05-06
1283,Ana Santos Batista,202563754,1B,Enfermagem,2025.2,22,4.54,88.3,3.56,18.3,5,0,0,BAIXO,20,Reforco escolar e acompanhamento pedagogico,2024-10-12
1284,Isabela Teixeira Souza,202563838,4B,Pedagogia,2025.2,34,6.41,74.3,2.62,38.3,4,0,1,MEDIO,65,Contato com responsavel e monitoramento de frequencia,2025-01-16
1285,Fernanda Souza Ribeiro,202563883,3B,Eletrotécnica,2025.2,19,7.16,81.0,0.11,37.5,6,0,0,BAIXO,20,Orientacao para rotina de estudos,2024-04-20
1286,Samuel Gomes Souza,202563955,2A,Administração,2025.1,26,5.44,85.0,2.64,34.0,7,1,1,MEDIO,65,Reforco escolar e acompanhamento pedagogico | Encaminhamento para apoio psicologico ou psicossocial,2025-08-13
1287,Maria Lima Teixeira,202564363,4B,Edificações,2025.2,22,7.85,60.2,1.98,32.2,4,0,0,BAIXO,20,Contato com responsavel e monitoramento de frequencia | Orientacao para rotina de estudos,2025-12-30
1288,André Oliveira Silva,202564409,1B,Eletrotécnica,2025.2,20,7.15,90.6,2.65,52.6,5,1,0,BAIXO,20,Manter acompanhamento preventivo,2025-07-16
1289,Carla Oliveira Nascimento,202564420,4A,Redes de Computadores,2025.1,25,10.0,93.6,0.85,41.9,7,0,0,BAIXO,20,Encaminhamento para apoio psicologico ou psicossocial | Orientacao para rotina de estudos,2025-01-10
1290,Rafael Ribeiro Ribeiro,202564421,2B,Redes de Computadores,2025.2,27,6.42,77.5,1.59,29.1,5,1,0,BAIXO,20,Orientacao para rotina de estudos,2025-08-12
1291,Bruno Batista Rodrigues,202565050,2A,Pedagogia,2025.2,21,8.29,82.4,1.08,38.8,8,1,0,BAIXO,20,Encaminhamento para apoio psicologico ou psicossocial | Orientacao para rotina de estudos,2025-01-08
1292,Henrique Rodrigues Oliveira,202565067,4B,Enfermagem,2025.1,33,10.0,68.7,1.63,51.8,2,1,0,BAIXO,20,Contato com responsavel e monitoramento de frequencia | Orientacao para rotina de estudos,2024-02-13
1293,Mateus Souza Costa,202565278,4A,Logística,2025.2,30,7.01,85.4,2.49,64.8,2,1,0,BAIXO,20,Manter acompanhamento preventivo,2024-08-19
1294,Mateus Araújo Barbosa,202565282,5B,Agropecuária,2025.1,20,6.65,84.4,3.26,39.0,7,1,1,MEDIO,65,Encaminhamento para apoio psicologico ou psicossocial,2024-08-28
1295,Juliana Silva Ribeiro,202565323,4A,Eletrotécnica,2025.2,17,8.09,67.3,2.32,33.9,6,0,0,BAIXO,20,Contato com responsavel e monitoramento de frequencia,2024-07-07
1296,Carla Gomes Almeida,202565359,5A,Pedagogia,2025.2,20,7.66,72.7,2.85,32.3,6,0,0,BAIXO,20,Contato com responsavel e monitoramento de frequencia,2024-09-18
1297,Patrícia Monteiro Oliveira,202565360,4A,Redes de Computadores,2025.1,31,10.0,62.1,0.21,52.1,4,0,1,MEDIO,65,Contato com responsavel e monitoramento de frequencia | Orientacao para rotina de estudos,2024-11-24
1298,Vinicius Nascimento Santos,202565372,4B,Informática,2025.2,30,9.85,81.6,3.16,26.6,6,1,0,BAIXO,20,Manter acompanhamento preventivo,2025-09-12
1299,Ana Araújo Batista,202565377,1A,Pedagogia,2025.2,18,6.0,78.6,0.14,46.9,2,0,1,MEDIO,65,Orientacao para rotina de estudos,2025-09-01
1300,Marina Santos Pereira,202565455,1B,Agropecuária,2025.1,28,9.68,90.7,3.14,46.8,3,0,0,BAIXO,20,Manter acompanhamento preventivo,2025-09-21
1301,Leonardo Mendes Mendes,202565470,3B,Enfermagem,2025.1,20,6.83,94.2,4.2,24.9,6,1,0,BAIXO,20,Manter acompanhamento preventivo,2025-01-17
1302,Daniel Batista Silva,202565514,1B,Administração,2025.2,34,3.97,92.5,2.22,17.7,5,1,1,MEDIO,65,Reforco escolar e acompanhamento pedagogico,2025-10-18
1303,Paulo Nascimento Lima,202565636,4B,Administração,2025.2,34,6.12,100.0,4.17,44.6,2,1,0,BAIXO,20,Manter acompanhamento preventivo,2025-03-07
1304,Vitória Rodrigues Silva,202565747,5A,Edificações,2025.1,18,6.9,67.4,4.43,35.4,6,0,1,MEDIO,65,Contato com responsavel e monitoramento de frequencia,2026-09-20
1305,Felipe Gomes Pereira,202566084,3A,Redes de Computadores,2025.1,26,6.26,74.4,4.22,40.8,9,1,1,ALTO,90,Contato com responsavel e monitoramento de frequencia | Encaminhamento para apoio psicologico ou psicossocial,2025-09-15
1306,Carlos Teixeira Rodrigues,202566097,4A,Enfermagem,2025.2,19,7.47,72.8,3.11,39.2,5,1,0,BAIXO,20,Contato com responsavel e monitoramento de frequencia,2025-11-26
1307,Amanda Barbosa Barbosa,202566164,2A,Contabilidade,2025.1,31,4.24,73.3,1.82,20.0,6,0,1,MEDIO,65,Reforco escolar e acompanhamento pedagogico | Contato com responsavel e monitoramento de frequencia | Orientacao para rotina de estudos,2026-09-06
1308,Mateus Lima Gomes,202566240,5A,Edificações,2025.2,24,8.98,64.4,0.37,44.9,6,1,1,MEDIO,65,Contato com responsavel e monitoramento de frequencia | Orientacao para rotina de estudos,2026-12-08
1309,Rafael Cardoso Araújo,202566332,1B,Enfermagem,2025.1,31,8.01,79.5,3.08,30.8,4,1,0,BAIXO,20,Manter acompanhamento preventivo,2026-07-27
1310,Gabriela Ferreira Almeida,202566387,5A,Edificações,2025.1,16,6.85,77.3,2.34,39.4,6,0,0,BAIXO,20,Manter acompanhamento preventivo,2026-01-21
1311,Gabriela Santos Pereira,202566482,2A,Informática,2025.2,26,3.09,57.5,5.5,38.0,7,0,1,ALTO,90,Reforco escolar e acompanhamento pedagogico | Contato com responsavel e monitoramento de frequencia | Encaminhamento para apoio psicologico ou psicossocial,2026-02-08
1312,Henrique Batista Rodrigues,202566555,1A,Logística,2025.2,24,6.43,63.3,2.78,32.1,5,1,1,MEDIO,65,Contato com responsavel e monitoramento de frequencia,2025-02-06
1313,Lucas Batista Lima,202566603,5A,Edificações,2025.2,23,5.9,69.6,2.56,68.8,3,1,1,MEDIO,65,Reforco escolar e acompanhamento pedagogico | Contato com responsavel e monitoramento de frequencia,2026-02-17
1314,Lucas Pereira Nascimento,202566657,1B,Administração,2025.2,25,6.04,93.3,4.37,43.1,5,1,0,BAIXO,20,Manter acompanhamento preventivo,2025-06-22
1315,Rafaela Silva Cardoso,202566843,5A,Contabilidade,2025.1,20,5.67,78.0,3.24,50.5,4,0,1,MEDIO,65,Reforco escolar e acompanhamento pedagogico,2026-06-27
1316,Samuel Gomes Ferreira,202566939,4B,Eletrotécnica,2025.1,30,5.17,64.3,2.85,12.4,6,1,1,MEDIO,65,Reforco escolar e acompanhamento pedagogico | Contato com responsavel e monitoramento de frequencia,2025-08-22
1317,Rafaela Barbosa Gomes,202567203,2A,Logística,2025.2,31,6.26,55.5,2.16,19.3,4,0,1,MEDIO,65,Contato com responsavel e monitoramento de frequencia,2024-03-24
1318,Rafael Monteiro Mendes,202567451,1A,Redes de Computadores,2025.2,33,3.86,83.8,0.0,17.3,9,1,1,ALTO,90,Reforco escolar e acompanhamento pedagogico | Encaminhamento para apoio psicologico ou psicossocial | Orientacao para rotina de estudos,2025-07-31
1319,Gabriela Nascimento Batista,202567529,3A,Logística,2025.2,19,8.62,78.4,4.58,46.8,3,0,0,BAIXO,20,Manter acompanhamento preventivo,2024-12-12
1320,Vinicius Costa Monteiro,202567534,5B,Informática,2025.2,23,5.18,90.5,1.74,36.2,9,1,1,MEDIO,65,Reforco escolar e acompanhamento pedagogico | Encaminhamento para apoio psicologico ou psicossocial | Orientacao para rotina de estudos,2025-01-28
1321,Mateus Barbosa Almeida,202567565,2A,Eletrotécnica,2025.1,29,7.25,77.2,3.49,13.1,8,1,0,BAIXO,20,Encaminhamento para apoio psicologico ou psicossocial,2024-08-16
1322,Isabela Lima Cardoso,202567616,2B,Agropecuária,2025.1,26,6.73,76.9,1.25,20.8,3,0,0,BAIXO,20,Orientacao para rotina de estudos,2025-06-13
1323,Gabriela Monteiro Oliveira,202567742,1B,Pedagogia,2025.2,19,7.6,54.1,2.29,40.2,6,0,0,BAIXO,20,Contato com responsavel e monitoramento de frequencia,2026-10-31
1324,Larissa Barbosa Araújo,202567870,2A,Edificações,2025.1,22,4.8,83.8,1.42,23.7,5,0,1,MEDIO,65,Reforco escolar e acompanhamento pedagogico | Orientacao para rotina de estudos,2024-07-22
1325,André Cardoso Nascimento,202567991,5A,Enfermagem,2025.2,18,5.47,85.8,2.86,30.6,5,1,0,BAIXO,20,Reforco escolar e acompanhamento pedagogico,2026-11-03
1326,Fernanda Cardoso Mendes,202567992,1B,Enfermagem,2025.2,23,5.95,71.7,5.63,38.1,6,0,1,MEDIO,65,Reforco escolar e acompanhamento pedagogico | Contato com responsavel e monitoramento de frequencia,2024-07-10
1327,Bruno Teixeira Monteiro,202568125,5A,Agropecuária,2025.1,30,6.47,78.5,1.12,5.0,7,1,1,MEDIO,65,Encaminhamento para apoio psicologico ou psicossocial | Orientacao para rotina de estudos,2026-07-04
1328,Rafaela Pereira Mendes,202568207,5B,Contabilidade,2025.1,21,2.46,100.0,4.32,46.0,10,0,1,ALTO,90,Reforco escolar e acompanhamento pedagogico | Encaminhamento para apoio psicologico ou psicossocial,2025-07-13
1329,Camila Costa Silva,202568351,3B,Enfermagem,2025.1,16,6.1,60.6,3.23,17.9,4,0,1,MEDIO,65,Contato com responsavel e monitoramento de frequencia,2024-04-20
1330,João Teixeira Nascimento,202568418,4A,Enfermagem,2025.2,18,5.89,97.4,3.58,20.0,5,1,0,BAIXO,20,Reforco escolar e acompanhamento pedagogico,2026-11-05
1331,Vinicius Ferreira Ferreira,202568479,5B,Contabilidade,2025.2,29,5.92,85.2,1.5,61.2,4,1,0,BAIXO,20,Reforco escolar e acompanhamento pedagogico | Orientacao para rotina de estudos,2024-06-16
1332,Thiago Mendes Lima,202568546,3B,Edificações,2025.1,30,7.2,71.3,4.15,55.9,4,1,0,BAIXO,20,Contato com responsavel e monitoramento de frequencia,2025-02-18
1333,Marcos Cardoso Lima,202568760,4A,Administração,2025.1,17,5.67,93.9,2.81,38.4,2,1,0,BAIXO,20,Reforco escolar e acompanhamento pedagogico,2026-01-17
1334,Mateus Souza Souza,202568805,5A,Enfermagem,2025.2,16,5.54,93.9,2.83,28.6,7,1,1,MEDIO,65,Reforco escolar e acompanhamento pedagogico | Encaminhamento para apoio psicologico ou psicossocial,2024-04-24
1335,Eduarda Souza Santos,202568827,1A,Eletrotécnica,2025.1,32,5.63,79.7,2.91,5.0,6,0,1,MEDIO,65,Reforco escolar e acompanhamento pedagogico,2025-10-08
1336,Fernanda Almeida Silva,202568917,3A,Eletrotécnica,2025.2,22,5.2,96.9,2.82,38.7,3,0,0,BAIXO,20,Reforco escolar e acompanhamento pedagogico,2025-05-29
1337,Marcos Monteiro Pereira,202569083,3B,Edificações,2025.2,20,8.72,85.2,2.35,42.8,4,1,0,BAIXO,20,Manter acompanhamento preventivo,2024-03-28
1338,Leonardo Batista Ribeiro,202569087,1B,Agropecuária,2025.1,26,6.67,68.0,2.77,32.8,6,1,1,MEDIO,65,Contato com responsavel e monitoramento de frequencia,2026-08-09
1339,Paulo Lima Costa,202569232,2B,Redes de Computadores,2025.1,18,8.22,76.8,0.0,31.3,3,1,0,BAIXO,20,Orientacao para rotina de estudos,2025-03-18
1340,Maria Souza Lima,202569297,3A,Pedagogia,2025.1,28,7.09,66.6,1.98,22.9,4,0,0,BAIXO,20,Contato com responsavel e monitoramento de frequencia | Orientacao para rotina de estudos,2026-03-24
1341,Ana Ferreira Almeida,202569370,1A,Pedagogia,2025.2,22,9.28,84.7,3.73,11.0,8,0,0,BAIXO,20,Encaminhamento para apoio psicologico ou psicossocial,2025-05-19
1342,Fernanda Almeida Ribeiro,202569386,1A,Pedagogia,2025.1,23,5.06,87.5,2.43,25.4,7,0,1,MEDIO,65,Reforco escolar e acompanhamento pedagogico | Encaminhamento para apoio psicologico ou psicossocial,2025-01-17
1343,Larissa Mendes Nascimento,202569388,5A,Administração,2025.1,24,8.37,84.9,0.0,38.3,8,0,1,MEDIO,65,Encaminhamento para apoio psicologico ou psicossocial | Orientacao para rotina de estudos,2025-08-23
1344,Jéssica Batista Cardoso,202569454,4B,Eletrotécnica,2025.1,24,6.35,96.8,2.73,47.1,5,0,0,BAIXO,20,Manter acompanhamento preventivo,2026-02-07
1345,Mateus Almeida Oliveira,202569478,1A,Edificações,2025.2,28,3.25,51.5,1.15,52.7,4,1,1,ALTO,90,Reforco escolar e acompanhamento pedagogico | Contato com responsavel e monitoramento de frequencia | Orientacao para rotina de estudos,2026-07-29
1346,Bruno Araújo Pereira,202569782,2A,Contabilidade,2025.1,30,7.22,65.1,1.88,5.0,7,1,1,MEDIO,65,Contato com responsavel e monitoramento de frequencia | Encaminhamento para apoio psicologico ou psicossocial | Orientacao para rotina de estudos,2024-12-19
1347,João Monteiro Souza,202569950,1B,Contabilidade,2025.2,17,6.14,82.0,1.05,48.9,7,1,1,MEDIO,65,Encaminhamento para apoio psicologico ou psicossocial | Orientacao para rotina de estudos,2026-10-18
1348,Pedro Silva Ribeiro,202569966,4B,Pedagogia,2025.2,19,8.48,82.9,0.97,40.8,6,1,0,BAIXO,20,Orientacao para rotina de estudos,2026-06-11
1349,Amanda Almeida Pereira,202570009,5A,Informática,2025.1,16,5.35,100.0,4.44,45.2,7,0,1,MEDIO,65,Reforco escolar e acompanhamento pedagogico | Encaminhamento para apoio psicologico ou psicossocial,2024-08-23
1350,Gustavo Cardoso Costa,202570081,3B,Agropecuária,2025.2,24,8.22,57.6,4.16,12.7,8,1,1,MEDIO,65,Contato com responsavel e monitoramento de frequencia | Encaminhamento para apoio psicologico ou psicossocial,2024-09-21
1351,Luana Rodrigues Batista,202570187,2A,Agropecuária,2025.2,31,9.68,100.0,3.85,17.9,9,0,0,BAIXO,20,Encaminhamento para apoio psicologico ou psicossocial,2024-02-21
1352,Rafaela Ferreira Ferreira,202570508,4A,Edificações,2025.2,17,6.18,88.0,2.64,37.0,5,0,0,BAIXO,20,Manter acompanhamento preventivo,2026-04-05
1353,Rafaela Monteiro Araújo,202570560,1B,Logística,2025.2,32,10.0,100.0,2.82,53.6,2,0,0,BAIXO,20,Manter acompanhamento preventivo,2025-08-14
1354,Leonardo Mendes Ribeiro,202570660,2B,Enfermagem,2025.2,26,7.8,88.6,3.33,34.7,9,1,0,BAIXO,20,Encaminhamento para apoio psicologico ou psicossocial,2024-09-27
1355,Natália Barbosa Monteiro,202570707,4A,Enfermagem,2025.1,25,6.26,66.6,3.0,30.5,7,0,1,MEDIO,65,Contato com responsavel e monitoramento de frequencia | Encaminhamento para apoio psicologico ou psicossocial,2025-03-20
1356,André Silva Mendes,202570925,1A,Logística,2025.1,19,5.66,65.8,3.99,45.5,6,1,1,MEDIO,65,Reforco escolar e acompanhamento pedagogico | Contato com responsavel e monitoramento de frequencia,2024-05-14
1357,Gustavo Souza Ferreira,202571140,3A,Logística,2025.1,17,7.04,80.4,4.49,85.0,4,1,0,BAIXO,20,Manter acompanhamento preventivo,2025-01-16
1358,Felipe Santos Almeida,202571380,3B,Enfermagem,2025.1,20,9.89,100.0,1.99,18.0,5,1,0,BAIXO,20,Orientacao para rotina de estudos,2026-04-01
1359,Rafaela Silva Lima,202571628,5A,Enfermagem,2025.1,31,10.0,96.3,5.1,45.0,8,0,0,BAIXO,20,Encaminhamento para apoio psicologico ou psicossocial,2025-11-21
1360,Juliana Cardoso Santos,202571672,3A,Logística,2025.1,31,8.35,95.4,0.61,43.7,4,0,0,BAIXO,20,Orientacao para rotina de estudos,2024-08-07
1361,Vitória Teixeira Souza,202571759,1B,Administração,2025.1,25,4.5,63.0,5.03,47.8,6,0,1,MEDIO,65,Reforco escolar e acompanhamento pedagogico | Contato com responsavel e monitoramento de frequencia,2024-05-01
1362,Marina Cardoso Almeida,202571797,5A,Eletrotécnica,2025.1,28,5.13,85.7,2.93,35.4,3,0,0,BAIXO,20,Reforco escolar e acompanhamento pedagogico,2025-05-04
1363,Bruno Barbosa Pereira,202571815,3A,Redes de Computadores,2025.1,30,9.28,72.3,3.54,62.4,4,1,0,BAIXO,20,Contato com responsavel e monitoramento de frequencia,2026-01-19
1364,Gustavo Batista Silva,202571925,1A,Enfermagem,2025.1,20,5.71,90.9,3.08,10.7,9,1,1,MEDIO,65,Reforco escolar e acompanhamento pedagogico | Encaminhamento para apoio psicologico ou psicossocial,2026-08-18
1365,Fernanda Teixeira Cardoso,202572031,4B,Enfermagem,2025.1,18,5.82,61.9,3.77,50.9,2,0,1,MEDIO,65,Reforco escolar e acompanhamento pedagogico | Contato com responsavel e monitoramento de frequencia,2024-10-14
1366,Paulo Ferreira Ferreira,202572289,3B,Redes de Computadores,2025.2,34,5.5,81.1,1.32,5.0,6,1,1,MEDIO,65,Reforco escolar e acompanhamento pedagogico | Orientacao para rotina de estudos,2024-10-10
1367,Samuel Lima Almeida,202572462,4A,Contabilidade,2025.1,21,5.6,87.7,0.68,57.0,2,1,1,MEDIO,65,Reforco escolar e acompanhamento pedagogico | Orientacao para rotina de estudos,2025-11-22
1368,João Rodrigues Santos,202572497,2B,Agropecuária,2025.2,26,8.35,99.7,3.38,64.7,6,1,0,BAIXO,20,Manter acompanhamento preventivo,2025-05-10
1369,Rafael Rodrigues Silva,202572521,2A,Pedagogia,2025.1,17,6.61,82.8,2.74,31.3,2,1,0,BAIXO,20,Manter acompanhamento preventivo,2025-04-05
1370,Aline Cardoso Monteiro,202572586,4A,Pedagogia,2025.2,18,8.62,80.8,3.76,18.6,8,0,0,BAIXO,20,Encaminhamento para apoio psicologico ou psicossocial,2024-03-31
1371,Rafael Santos Batista,202572611,5B,Contabilidade,2025.2,27,3.8,82.1,0.94,75.9,1,1,1,ALTO,90,Reforco escolar e acompanhamento pedagogico | Orientacao para rotina de estudos,2025-01-12
1372,Pedro Silva Cardoso,202572735,2A,Pedagogia,2025.2,33,7.55,92.3,5.23,42.2,6,1,0,BAIXO,20,Manter acompanhamento preventivo,2026-12-09
1373,Bruno Mendes Nascimento,202572763,5A,Edificações,2025.2,22,5.73,100.0,2.62,75.3,2,1,0,BAIXO,20,Reforco escolar e acompanhamento pedagogico,2025-03-11
1374,Gustavo Gomes Barbosa,202572850,3A,Eletrotécnica,2025.2,25,7.68,97.4,2.11,52.3,8,1,0,BAIXO,20,Encaminhamento para apoio psicologico ou psicossocial,2025-06-15
1375,Diego Barbosa Pereira,202573000,4A,Eletrotécnica,2025.1,29,8.34,88.4,2.54,15.2,3,1,0,BAIXO,20,Manter acompanhamento preventivo,2024-04-05
1376,Isabela Barbosa Lima,202573102,3A,Eletrotécnica,2025.1,18,7.07,100.0,5.34,27.2,8,0,0,BAIXO,20,Encaminhamento para apoio psicologico ou psicossocial,2024-12-29
1377,Gustavo Lima Barbosa,202573131,3A,Pedagogia,2025.1,32,6.11,92.2,3.27,43.7,6,1,0,BAIXO,20,Manter acompanhamento preventivo,2024-07-02
1378,Paulo Lima Cardoso,202573359,1A,Agropecuária,2025.2,23,6.64,94.7,6.08,12.8,5,1,0,BAIXO,20,Manter acompanhamento preventivo,2025-11-03
1379,Aline Nascimento Mendes,202573380,1B,Logística,2025.2,17,8.47,95.7,6.31,5.0,7,0,0,BAIXO,20,Encaminhamento para apoio psicologico ou psicossocial,2026-10-11
1380,Mateus Lima Monteiro,202573636,1A,Contabilidade,2025.2,27,8.79,79.4,0.69,53.1,9,1,1,MEDIO,65,Encaminhamento para apoio psicologico ou psicossocial | Orientacao para rotina de estudos,2025-09-08
1381,Samuel Nascimento Ribeiro,202573681,2A,Pedagogia,2025.2,16,4.97,57.4,2.51,32.2,5,1,1,MEDIO,65,Reforco escolar e acompanhamento pedagogico | Contato com responsavel e monitoramento de frequencia,2025-10-18
1382,Pedro Araújo Nascimento,202573837,1A,Redes de Computadores,2025.2,34,3.25,61.4,3.27,24.7,8,1,1,ALTO,90,Reforco escolar e acompanhamento pedagogico | Contato com responsavel e monitoramento de frequencia | Encaminhamento para apoio psicologico ou psicossocial,2024-07-26
1383,Carla Rodrigues Monteiro,202573886,2B,Redes de Computadores,2025.2,24,10.0,67.2,4.76,42.0,7,0,1,MEDIO,65,Contato com responsavel e monitoramento de frequencia | Encaminhamento para apoio psicologico ou psicossocial,2024-10-08
1384,Lucas Ferreira Barbosa,202573968,3B,Logística,2025.2,32,6.82,89.2,0.61,28.5,7,1,1,MEDIO,65,Encaminhamento para apoio psicologico ou psicossocial | Orientacao para rotina de estudos,2024-01-06
1385,Pedro Nascimento Silva,202574082,2B,Agropecuária,2025.2,27,8.08,97.0,3.5,5.0,5,1,0,BAIXO,20,Manter acompanhamento preventivo,2026-06-14
1386,Larissa Silva Santos,202574138,1B,Administração,2025.1,30,9.03,66.5,2.29,35.3,3,0,0,BAIXO,20,Contato com responsavel e monitoramento de frequencia,2025-04-17
1387,Lucas Batista Costa,202574297,2A,Administração,2025.2,22,6.76,76.6,2.64,46.8,6,1,0,BAIXO,20,Manter acompanhamento preventivo,2025-04-18
1388,Vitória Santos Santos,202574593,3B,Administração,2025.1,27,5.77,100.0,2.47,16.4,7,0,1,MEDIO,65,Reforco escolar e acompanhamento pedagogico | Encaminhamento para apoio psicologico ou psicossocial,2026-06-10
1389,Henrique Ferreira Batista,202574711,1B,Informática,2025.1,33,6.62,84.6,1.86,59.1,3,1,0,BAIXO,20,Orientacao para rotina de estudos,2026-02-27
1390,Mateus Lima Nascimento,202574871,3A,Pedagogia,2025.2,24,4.45,61.9,4.34,35.6,4,1,1,MEDIO,65,Reforco escolar e acompanhamento pedagogico | Contato com responsavel e monitoramento de frequencia,2024-03-25
1391,Patrícia Cardoso Silva,202574948,5A,Enfermagem,2025.2,25,6.36,70.1,4.09,34.0,7,0,1,MEDIO,65,Contato com responsavel e monitoramento de frequencia | Encaminhamento para apoio psicologico ou psicossocial,2025-11-07
1392,Leonardo Ferreira Pereira,202574980,4B,Redes de Computadores,2025.2,32,2.44,83.1,4.05,28.6,8,1,1,ALTO,90,Reforco escolar e acompanhamento pedagogico | Encaminhamento para apoio psicologico ou psicossocial,2025-07-22
1393,Fernanda Lima Silva,202574987,5A,Pedagogia,2025.2,24,7.49,91.5,2.56,11.7,6,0,0,BAIXO,20,Manter acompanhamento preventivo,2025-10-09
1394,Aline Araújo Nascimento,202574990,5A,Enfermagem,2025.2,16,5.24,64.4,2.47,46.4,8,0,1,ALTO,90,Reforco escolar e acompanhamento pedagogico | Contato com responsavel e monitoramento de frequencia | Encaminhamento para apoio psicologico ou psicossocial,2025-10-18
1395,João Araújo Teixeira,202575308,5B,Informática,2025.1,32,9.51,51.3,3.45,28.7,9,1,1,MEDIO,65,Contato com responsavel e monitoramento de frequencia | Encaminhamento para apoio psicologico ou psicossocial,2025-05-29
1396,João Gomes Lima,202575391,3A,Logística,2025.2,25,8.45,64.2,2.99,21.8,5,1,0,BAIXO,20,Contato com responsavel e monitoramento de frequencia,2025-10-23
1397,Paulo Monteiro Nascimento,202575594,5B,Edificações,2025.1,23,7.93,96.6,3.57,72.1,9,1,0,BAIXO,20,Encaminhamento para apoio psicologico ou psicossocial,2024-05-12
1398,Aline Monteiro Cardoso,202575958,2A,Administração,2025.2,30,5.77,82.9,3.87,20.0,6,0,1,MEDIO,65,Reforco escolar e acompanhamento pedagogico,2025-05-06
1399,Eduarda Ribeiro Souza,202575976,1B,Administração,2025.1,24,6.92,86.4,2.67,38.2,4,0,0,BAIXO,20,Manter acompanhamento preventivo,2026-12-28
1400,Amanda Costa Cardoso,202576326,5A,Informática,2025.2,29,7.24,58.8,3.7,64.5,4,0,0,BAIXO,20,Contato com responsavel e monitoramento de frequencia,2024-05-19
1401,Lucas Lima Almeida,202576492,5A,Eletrotécnica,2025.2,23,3.44,80.0,3.65,44.2,4,1,1,MEDIO,65,Reforco escolar e acompanhamento pedagogico,2024-08-25
1402,João Almeida Ribeiro,202576684,5B,Pedagogia,2025.1,34,8.73,43.4,0.02,47.5,7,1,1,ALTO,90,Contato com responsavel e monitoramento de frequencia | Encaminhamento para apoio psicologico ou psicossocial | Orientacao para rotina de estudos,2026-08-15
1403,Diego Araújo Teixeira,202576874,4B,Enfermagem,2025.1,21,6.12,85.3,2.94,38.4,4,1,0,BAIXO,20,Manter acompanhamento preventivo,2025-07-26
1404,Carla Teixeira Souza,202576951,2B,Contabilidade,2025.1,19,4.65,70.5,4.62,40.5,4,0,1,MEDIO,65,Reforco escolar e acompanhamento pedagogico | Contato com responsavel e monitoramento de frequencia,2025-03-16
1405,Felipe Souza Mendes,202576993,5B,Pedagogia,2025.1,30,5.51,73.7,3.47,27.6,6,1,1,MEDIO,65,Reforco escolar e acompanhamento pedagogico | Contato com responsavel e monitoramento de frequencia,2025-02-11
1406,Camila Oliveira Almeida,202577066,4A,Logística,2025.2,33,6.72,87.0,3.99,58.3,5,0,0,BAIXO,20,Manter acompanhamento preventivo,2025-03-31
1407,Maria Lima Teixeira,202577146,3B,Eletrotécnica,2025.2,29,7.7,64.6,2.75,8.5,1,0,0,BAIXO,20,Contato com responsavel e monitoramento de frequencia,2025-03-08
1408,Felipe Oliveira Barbosa,202577290,3A,Administração,2025.1,17,5.08,71.2,0.88,28.9,8,1,1,ALTO,90,Reforco escolar e acompanhamento pedagogico | Contato com responsavel e monitoramento de frequencia | Encaminhamento para apoio psicologico ou psicossocial | Orientacao para rotina de estudos,2025-07-05
1409,Marina Ribeiro Souza,202577475,5A,Eletrotécnica,2025.1,34,6.81,54.3,3.0,36.6,3,0,1,MEDIO,65,Contato com responsavel e monitoramento de frequencia,2025-10-13
1410,Marcos Gomes Ribeiro,202577610,3B,Eletrotécnica,2025.1,29,7.56,75.4,4.64,41.6,5,1,0,BAIXO,20,Manter acompanhamento preventivo,2026-03-25
1411,Juliana Silva Teixeira,202577611,4A,Contabilidade,2025.1,21,8.41,69.0,2.36,74.5,6,0,0,BAIXO,20,Contato com responsavel e monitoramento de frequencia,2024-10-13
1412,Rafaela Pereira Silva,202577653,4A,Eletrotécnica,2025.2,29,5.96,96.1,1.22,58.3,6,0,0,BAIXO,20,Reforco escolar e acompanhamento pedagogico | Orientacao para rotina de estudos,2024-03-01
1413,Marina Monteiro Santos,202577702,1B,Redes de Computadores,2025.2,20,6.16,100.0,4.95,46.9,6,0,0,BAIXO,20,Manter acompanhamento preventivo,2024-01-02
1414,Larissa Barbosa Pereira,202577732,2B,Informática,2025.2,33,7.79,62.0,1.94,35.0,4,0,0,BAIXO,20,Contato com responsavel e monitoramento de frequencia | Orientacao para rotina de estudos,2026-10-23
1415,Juliana Teixeira Teixeira,202577811,4A,Pedagogia,2025.2,27,6.25,89.4,4.03,55.8,6,0,0,BAIXO,20,Manter acompanhamento preventivo,2024-08-19
1416,Mateus Ferreira Cardoso,202577833,5A,Administração,2025.1,25,6.58,65.0,3.71,38.8,6,1,1,MEDIO,65,Contato com responsavel e monitoramento de frequencia,2024-05-02
1417,Amanda Silva Ribeiro,202577931,2B,Redes de Computadores,2025.2,28,7.55,83.4,1.42,47.3,10,0,1,MEDIO,65,Encaminhamento para apoio psicologico ou psicossocial | Orientacao para rotina de estudos,2024-02-01
1418,Henrique Mendes Barbosa,202577970,3B,Redes de Computadores,2025.1,17,7.61,97.6,4.35,35.7,7,1,0,BAIXO,20,Encaminhamento para apoio psicologico ou psicossocial,2025-01-29
1419,Rafael Batista Almeida,202578118,5B,Contabilidade,2025.2,20,9.67,97.0,1.78,44.5,3,1,0,BAIXO,20,Orientacao para rotina de estudos,2026-10-05
1420,Carla Almeida Nascimento,202578316,2A,Administração,2025.1,23,2.79,83.4,4.0,43.0,7,0,1,ALTO,90,Reforco escolar e acompanhamento pedagogico | Encaminhamento para apoio psicologico ou psicossocial,2026-03-16
1421,Mateus Souza Rodrigues,202578667,5A,Enfermagem,2025.2,33,7.64,93.0,2.89,58.2,7,1,0,BAIXO,20,Encaminhamento para apoio psicologico ou psicossocial,2024-11-24
1422,Mateus Ferreira Rodrigues,202578688,5B,Enfermagem,2025.2,31,6.45,63.4,0.68,77.7,5,1,1,MEDIO,65,Contato com responsavel e monitoramento de frequencia | Orientacao para rotina de estudos,2025-09-17
1423,Marina Oliveira Pereira,202578903,4A,Logística,2025.2,18,8.21,72.9,2.18,5.0,5,0,0,BAIXO,20,Contato com responsavel e monitoramento de frequencia,2026-04-18
1424,Jéssica Rodrigues Lima,202579163,2A,Pedagogia,2025.1,31,5.24,75.0,4.08,43.9,4,0,1,MEDIO,65,Reforco escolar e acompanhamento pedagogico,2025-03-09
1425,Vitória Teixeira Barbosa,202579251,2A,Informática,2025.2,16,9.13,98.4,5.28,41.1,4,0,0,BAIXO,20,Manter acompanhamento preventivo,2025-09-22
1426,Vinicius Costa Santos,202579462,3A,Logística,2025.1,22,6.5,83.0,4.52,77.5,9,1,1,MEDIO,65,Encaminhamento para apoio psicologico ou psicossocial,2026-10-05
1427,Henrique Rodrigues Ribeiro,202579559,3A,Informática,2025.1,18,3.1,72.1,3.49,49.6,4,1,1,ALTO,90,Reforco escolar e acompanhamento pedagogico | Contato com responsavel e monitoramento de frequencia,2026-10-04
1428,Vinicius Nascimento Batista,202579588,4A,Administração,2025.1,16,10.0,64.9,2.9,14.7,4,1,0,BAIXO,20,Contato com responsavel e monitoramento de frequencia,2025-08-30
1429,Eduarda Santos Almeida,202580076,2A,Pedagogia,2025.1,16,6.07,94.6,3.1,54.3,5,0,0,BAIXO,20,Manter acompanhamento preventivo,2026-01-04
1430,Aline Gomes Almeida,202580081,4A,Eletrotécnica,2025.1,31,6.82,75.6,1.33,43.2,7,0,1,MEDIO,65,Encaminhamento para apoio psicologico ou psicossocial | Orientacao para rotina de estudos,2024-08-23
1431,Bruno Nascimento Barbosa,202580295,1A,Edificações,2025.1,17,2.41,78.6,2.75,61.1,6,1,1,MEDIO,65,Reforco escolar e acompanhamento pedagogico,2026-02-06
1432,Luana Gomes Ribeiro,202580388,1B,Contabilidade,2025.1,19,5.25,100.0,3.91,47.4,8,0,1,MEDIO,65,Reforco escolar e acompanhamento pedagogico | Encaminhamento para apoio psicologico ou psicossocial,2024-12-15
1433,Gabriel Araújo Mendes,202580391,2B,Logística,2025.2,22,7.92,66.9,3.95,38.3,8,1,1,MEDIO,65,Contato com responsavel e monitoramento de frequencia | Encaminhamento para apoio psicologico ou psicossocial,2026-10-05
1434,Eduarda Monteiro Costa,202580485,2B,Eletrotécnica,2025.1,25,7.0,82.2,5.09,12.2,3,0,0,BAIXO,20,Manter acompanhamento preventivo,2026-06-07
1435,Mateus Costa Ferreira,202580514,1A,Enfermagem,2025.2,28,6.62,98.0,3.78,78.4,8,1,0,BAIXO,20,Encaminhamento para apoio psicologico ou psicossocial,2026-05-21
1436,Pedro Batista Teixeira,202580532,5B,Enfermagem,2025.1,32,7.13,65.4,0.0,36.2,4,1,1,MEDIO,65,Contato com responsavel e monitoramento de frequencia | Orientacao para rotina de estudos,2025-04-27
1437,Leonardo Gomes Cardoso,202581301,2A,Enfermagem,2025.1,19,10.0,100.0,2.07,11.9,5,1,0,BAIXO,20,Manter acompanhamento preventivo,2024-02-27
1438,André Pereira Rodrigues,202581449,4A,Eletrotécnica,2025.2,28,6.31,69.8,4.03,51.0,4,1,1,MEDIO,65,Contato com responsavel e monitoramento de frequencia,2024-12-21
1439,Felipe Monteiro Araújo,202581549,5B,Redes de Computadores,2025.1,22,7.06,60.2,2.86,12.4,6,1,0,BAIXO,20,Contato com responsavel e monitoramento de frequencia,2024-08-29
1440,Pedro Teixeira Cardoso,202581587,3A,Pedagogia,2025.2,23,4.53,66.9,5.15,21.0,3,1,1,MEDIO,65,Reforco escolar e acompanhamento pedagogico | Contato com responsavel e monitoramento de frequencia,2024-03-09
1441,André Ferreira Nascimento,202581810,5A,Contabilidade,2025.2,30,9.29,61.9,4.43,38.2,3,1,0,BAIXO,20,Contato com responsavel e monitoramento de frequencia,2024-11-21
1442,Larissa Lima Mendes,202581823,2B,Agropecuária,2025.2,25,3.92,50.4,3.07,61.6,6,0,1,ALTO,90,Reforco escolar e acompanhamento pedagogico | Contato com responsavel e monitoramento de frequencia,2026-07-16
1443,Leonardo Silva Mendes,202581896,3A,Agropecuária,2025.2,24,5.28,69.8,0.0,32.7,7,1,1,ALTO,90,Reforco escolar e acompanhamento pedagogico | Contato com responsavel e monitoramento de frequencia | Encaminhamento para apoio psicologico ou psicossocial | Orientacao para rotina de estudos,2025-05-19
1444,Marcos Monteiro Nascimento,202581945,3B,Logística,2025.2,21,5.89,86.1,1.72,37.0,2,1,0,BAIXO,20,Reforco escolar e acompanhamento pedagogico | Orientacao para rotina de estudos,2024-07-16
1445,Natália Rodrigues Ferreira,202582058,1B,Enfermagem,2025.2,20,6.78,76.3,2.85,5.0,2,0,0,BAIXO,20,Manter acompanhamento preventivo,2025-08-11
1446,Samuel Costa Araújo,202582106,3B,Enfermagem,2025.2,27,3.54,64.2,1.56,35.1,3,1,1,ALTO,90,Reforco escolar e acompanhamento pedagogico | Contato com responsavel e monitoramento de frequencia | Orientacao para rotina de estudos,2025-10-25
1447,Vinicius Souza Nascimento,202582123,3A,Enfermagem,2025.1,23,3.88,85.3,2.67,30.1,3,1,1,MEDIO,65,Reforco escolar e acompanhamento pedagogico,2025-05-27
1448,Gabriela Pereira Silva,202582306,5B,Eletrotécnica,2025.1,31,6.8,85.4,0.0,18.8,4,0,0,BAIXO,20,Orientacao para rotina de estudos,2025-09-12
1449,Carlos Souza Gomes,202582371,3A,Agropecuária,2025.1,25,6.6,98.6,3.28,36.9,4,1,0,BAIXO,20,Manter acompanhamento preventivo,2024-12-16
1450,Natália Ribeiro Monteiro,202582982,5A,Agropecuária,2025.2,18,6.68,81.5,3.57,48.2,1,0,0,BAIXO,20,Manter acompanhamento preventivo,2024-03-22
1451,Larissa Lima Teixeira,202583031,2B,Agropecuária,2025.1,31,8.72,88.9,0.36,26.9,6,0,0,BAIXO,20,Orientacao para rotina de estudos,2026-04-22
1452,Fernanda Araújo Almeida,202583184,5A,Eletrotécnica,2025.2,33,4.78,68.5,5.15,50.9,8,0,1,ALTO,90,Reforco escolar e acompanhamento pedagogico | Contato com responsavel e monitoramento de frequencia | Encaminhamento para apoio psicologico ou psicossocial,2025-11-07
1453,Carlos Costa Costa,202583385,1B,Agropecuária,2025.1,22,7.09,64.6,3.04,44.9,4,1,0,BAIXO,20,Contato com responsavel e monitoramento de frequencia,2024-11-12
1454,Mateus Ferreira Teixeira,202583726,4A,Administração,2025.1,21,4.37,76.9,3.83,48.7,8,1,1,MEDIO,65,Reforco escolar e acompanhamento pedagogico | Encaminhamento para apoio psicologico ou psicossocial,2025-06-06
1455,Rafaela Mendes Rodrigues,202584168,3B,Eletrotécnica,2025.2,16,8.34,80.4,3.5,28.8,2,0,0,BAIXO,20,Manter acompanhamento preventivo,2024-10-26
1456,Larissa Cardoso Rodrigues,202584411,1B,Contabilidade,2025.2,16,6.07,91.8,4.3,52.7,5,0,0,BAIXO,20,Manter acompanhamento preventivo,2025-04-26
1457,Carlos Santos Teixeira,202584504,4B,Agropecuária,2025.1,21,4.95,88.5,4.07,54.9,7,1,1,MEDIO,65,Reforco escolar e acompanhamento pedagogico | Encaminhamento para apoio psicologico ou psicossocial,2026-01-20
1458,Carla Teixeira Mendes,202584631,4A,Informática,2025.2,17,3.75,78.4,4.5,28.9,4,0,1,MEDIO,65,Reforco escolar e acompanhamento pedagogico,2024-02-09
1459,Rafaela Souza Gomes,202584652,3B,Eletrotécnica,2025.2,29,8.61,83.0,0.66,37.9,4,0,0,BAIXO,20,Orientacao para rotina de estudos,2024-04-03
1460,Eduarda Silva Rodrigues,202584700,3A,Logística,2025.2,30,5.41,92.7,1.2,33.8,9,0,1,MEDIO,65,Reforco escolar e acompanhamento pedagogico | Encaminhamento para apoio psicologico ou psicossocial | Orientacao para rotina de estudos,2024-01-29
1461,Luana Almeida Nascimento,202584837,4B,Logística,2025.1,32,4.24,90.3,2.72,31.2,3,0,0,BAIXO,20,Reforco escolar e acompanhamento pedagogico,2024-07-03
1462,Aline Ribeiro Ribeiro,202584897,4B,Contabilidade,2025.2,28,9.04,78.7,4.65,44.2,7,0,0,BAIXO,20,Encaminhamento para apoio psicologico ou psicossocial,2024-09-04
1463,Rafael Nascimento Ribeiro,202584976,4A,Logística,2025.2,29,7.82,76.8,3.33,37.5,8,1,0,BAIXO,20,Encaminhamento para apoio psicologico ou psicossocial,2024-03-17
1464,Juliana Oliveira Costa,202585221,1A,Informática,2025.1,33,5.72,88.0,0.86,48.7,5,0,1,MEDIO,65,Reforco escolar e acompanhamento pedagogico | Orientacao para rotina de estudos,2024-11-17
1465,Carlos Costa Teixeira,202585311,4B,Eletrotécnica,2025.2,17,4.08,100.0,2.23,34.7,4,1,0,BAIXO,20,Reforco escolar e acompanhamento pedagogico,2025-03-03
1466,André Rodrigues Almeida,202585320,4A,Logística,2025.2,23,7.5,82.6,2.69,72.9,7,1,0,BAIXO,20,Encaminhamento para apoio psicologico ou psicossocial,2025-06-06
1467,Samuel Costa Barbosa,202585426,1B,Enfermagem,2025.2,31,5.44,90.7,3.1,16.1,1,1,0,BAIXO,20,Reforco escolar e acompanhamento pedagogico,2024-06-01
1468,Beatriz Costa Silva,202585452,4A,Contabilidade,2025.1,32,3.17,88.5,4.27,36.5,9,0,1,ALTO,90,Reforco escolar e acompanhamento pedagogico | Encaminhamento para apoio psicologico ou psicossocial,2026-08-27
1469,Isabela Batista Ribeiro,202585563,2B,Administração,2025.1,24,6.86,94.7,1.81,68.0,3,0,0,BAIXO,20,Orientacao para rotina de estudos,2024-09-11
1470,Aline Batista Ferreira,202585599,4A,Agropecuária,2025.1,24,9.11,89.4,1.84,39.5,4,0,0,BAIXO,20,Orientacao para rotina de estudos,2024-11-11
1471,Amanda Costa Santos,202585644,5A,Logística,2025.2,25,4.68,61.7,2.68,33.8,5,0,1,MEDIO,65,Reforco escolar e acompanhamento pedagogico | Contato com responsavel e monitoramento de frequencia,2024-03-07
1472,Luana Araújo Costa,202585813,5B,Redes de Computadores,2025.1,31,7.4,93.7,1.85,5.0,7,0,0,BAIXO,20,Encaminhamento para apoio psicologico ou psicossocial | Orientacao para rotina de estudos,2025-09-05
1473,Daniel Mendes Araújo,202585997,2A,Administração,2025.1,19,4.07,98.7,3.75,7.1,10,1,1,MEDIO,65,Reforco escolar e acompanhamento pedagogico | Encaminhamento para apoio psicologico ou psicossocial,2024-12-12
1474,Bruno Gomes Mendes,202586104,4A,Redes de Computadores,2025.1,25,8.06,86.0,2.48,37.7,9,1,0,BAIXO,20,Encaminhamento para apoio psicologico ou psicossocial,2026-09-04
1475,Ana Oliveira Barbosa,202586280,5A,Agropecuária,2025.1,17,7.21,81.9,2.24,13.1,8,0,0,BAIXO,20,Encaminhamento para apoio psicologico ou psicossocial,2025-07-05
1476,Marina Ribeiro Ribeiro,202586459,2A,Informática,2025.2,24,5.27,72.3,2.49,69.2,4,0,1,MEDIO,65,Reforco escolar e acompanhamento pedagogico | Contato com responsavel e monitoramento de frequencia,2025-07-03
1477,Felipe Costa Souza,202586500,2A,Informática,2025.1,29,6.5,79.1,1.47,42.9,10,1,1,MEDIO,65,Encaminhamento para apoio psicologico ou psicossocial | Orientacao para rotina de estudos,2025-01-30
1478,Paulo Barbosa Mendes,202586513,1B,Redes de Computadores,2025.2,25,3.85,100.0,3.02,30.9,5,1,1,MEDIO,65,Reforco escolar e acompanhamento pedagogico,2026-12-02
1479,Daniel Batista Barbosa,202586565,2B,Informática,2025.1,24,5.16,100.0,3.66,42.2,5,1,0,BAIXO,20,Reforco escolar e acompanhamento pedagogico,2026-07-08
1480,Carla Souza Pereira,202586591,3B,Logística,2025.1,20,9.72,92.2,4.56,39.7,4,0,0,BAIXO,20,Manter acompanhamento preventivo,2024-08-17
1481,Juliana Oliveira Batista,202586665,2B,Informática,2025.1,18,7.83,82.4,5.0,65.8,6,0,0,BAIXO,20,Manter acompanhamento preventivo,2026-05-13
1482,Diego Ferreira Almeida,202586704,1A,Redes de Computadores,2025.1,33,8.52,79.8,7.34,79.5,5,1,0,BAIXO,20,Manter acompanhamento preventivo,2026-10-08
1483,Luana Almeida Souza,202586865,3B,Pedagogia,2025.2,20,7.74,86.6,3.07,31.6,6,0,0,BAIXO,20,Manter acompanhamento preventivo,2025-09-27
1484,Pedro Teixeira Teixeira,202587313,3B,Informática,2025.1,16,7.14,75.5,2.04,40.6,4,1,0,BAIXO,20,Manter acompanhamento preventivo,2026-11-04
1485,Eduarda Oliveira Lima,202587518,3A,Redes de Computadores,2025.1,31,5.57,100.0,3.79,27.9,7,0,1,MEDIO,65,Reforco escolar e acompanhamento pedagogico | Encaminhamento para apoio psicologico ou psicossocial,2025-12-21
1486,Ana Pereira Santos,202587560,4B,Agropecuária,2025.2,24,6.21,87.2,3.57,26.4,4,0,0,BAIXO,20,Manter acompanhamento preventivo,2025-09-14
1487,Juliana Batista Lima,202587774,1B,Redes de Computadores,2025.1,28,3.18,77.7,4.03,47.7,7,0,1,ALTO,90,Reforco escolar e acompanhamento pedagogico | Encaminhamento para apoio psicologico ou psicossocial,2026-12-13
1488,Maria Cardoso Nascimento,202587810,1B,Redes de Computadores,2025.2,17,5.91,90.6,2.85,35.3,10,0,1,MEDIO,65,Reforco escolar e acompanhamento pedagogico | Encaminhamento para apoio psicologico ou psicossocial,2024-01-31
1489,Samuel Gomes Batista,202588219,2B,Informática,2025.1,29,4.53,87.9,2.0,74.9,3,1,0,BAIXO,20,Reforco escolar e acompanhamento pedagogico,2025-07-07
1490,Rafaela Rodrigues Gomes,202588409,3A,Enfermagem,2025.1,34,6.06,97.0,2.56,42.9,8,0,0,BAIXO,20,Encaminhamento para apoio psicologico ou psicossocial,2026-07-11
1491,Rafael Souza Ferreira,202588490,4B,Redes de Computadores,2025.2,16,7.75,75.9,0.83,43.0,2,1,0,BAIXO,20,Orientacao para rotina de estudos,2026-03-11
1492,Larissa Monteiro Araújo,202588614,4B,Agropecuária,2025.1,21,5.84,62.8,2.9,43.5,5,0,1,MEDIO,65,Reforco escolar e acompanhamento pedagogico | Contato com responsavel e monitoramento de frequencia,2025-01-16
1493,Juliana Souza Santos,202588694,5A,Informática,2025.2,16,8.11,82.7,4.26,34.4,6,0,0,BAIXO,20,Manter acompanhamento preventivo,2026-03-08
1494,Maria Oliveira Almeida,202588829,4B,Eletrotécnica,2025.1,19,4.84,79.3,0.89,21.1,7,0,1,ALTO,90,Reforco escolar e acompanhamento pedagogico | Encaminhamento para apoio psicologico ou psicossocial | Orientacao para rotina de estudos,2024-03-13
1495,Juliana Costa Costa,202588966,4B,Agropecuária,2025.2,20,7.03,89.3,3.18,17.1,8,0,0,BAIXO,20,Encaminhamento para apoio psicologico ou psicossocial,2024-01-05
1496,Maria Araújo Almeida,202589005,1B,Edificações,2025.2,33,4.23,100.0,1.72,34.0,6,0,0,BAIXO,20,Reforco escolar e acompanhamento pedagogico | Orientacao para rotina de estudos,2024-08-07
1497,Luana Rodrigues Rodrigues,202589278,1B,Agropecuária,2025.2,21,6.73,98.9,1.96,45.4,7,0,0,BAIXO,20,Encaminhamento para apoio psicologico ou psicossocial | Orientacao para rotina de estudos,2025-10-10
1498,Paulo Mendes Costa,202589366,5A,Redes de Computadores,2025.1,32,7.8,97.9,0.81,69.5,1,1,0,BAIXO,20,Orientacao para rotina de estudos,2025-05-29
1499,Leonardo Silva Nascimento,202589559,4B,Logística,2025.2,31,8.83,75.1,1.45,39.5,5,1,0,BAIXO,20,Orientacao para rotina de estudos,2024-03-26
1500,Larissa Souza Silva,202589660,2B,Edificações,2025.1,25,7.67,76.2,2.96,67.9,10,0,1,MEDIO,65,Encaminhamento para apoio psicologico ou psicossocial,2025-03-01
1501,Henrique Barbosa Souza,202589666,2A,Informática,2025.1,20,0.16,100.0,3.57,24.2,3,1,1,MEDIO,65,Reforco escolar e acompanhamento pedagogico,2026-03-31
1502,Gustavo Teixeira Lima,202589711,4A,Edificações,2025.1,18,4.48,90.1,4.1,30.1,7,1,1,MEDIO,65,Reforco escolar e acompanhamento pedagogico | Encaminhamento para apoio psicologico ou psicossocial,2026-01-23
1503,Eduarda Teixeira Batista,202589802,3A,Contabilidade,2025.2,31,8.58,90.2,2.62,48.4,4,0,0,BAIXO,20,Manter acompanhamento preventivo,2025-06-15
1504,Ana Lima Souza,202589966,2A,Edificações,2025.2,24,9.39,99.9,1.4,56.6,4,0,0,BAIXO,20,Orientacao para rotina de estudos,2025-11-27
1505,Camila Santos Silva,202590254,1B,Eletrotécnica,2025.2,18,7.0,100.0,1.39,58.5,8,0,0,BAIXO,20,Encaminhamento para apoio psicologico ou psicossocial | Orientacao para rotina de estudos,2025-09-25
1506,João Santos Oliveira,202590382,2A,Eletrotécnica,2025.1,25,6.95,98.7,3.28,36.9,8,1,0,BAIXO,20,Encaminhamento para apoio psicologico ou psicossocial,2026-03-10
1507,João Gomes Araújo,202590973,5B,Pedagogia,2025.2,34,2.73,78.3,4.45,17.8,7,1,1,ALTO,90,Reforco escolar e acompanhamento pedagogico | Encaminhamento para apoio psicologico ou psicossocial,2026-03-06
1508,Isabela Batista Santos,202591192,5B,Logística,2025.1,27,8.26,73.1,3.64,67.6,4,0,0,BAIXO,20,Contato com responsavel e monitoramento de frequencia,2024-06-16
1509,Amanda Monteiro Batista,202591223,4A,Logística,2025.2,27,10.0,82.6,1.9,88.8,3,0,0,BAIXO,20,Orientacao para rotina de estudos,2026-06-21
1510,Lucas Gomes Ribeiro,202591290,5B,Informática,2025.1,21,7.77,74.2,2.22,21.3,5,1,0,BAIXO,20,Contato com responsavel e monitoramento de frequencia,2025-10-18
1511,Mateus Ferreira Costa,202591530,4A,Agropecuária,2025.2,21,5.71,90.8,2.8,19.2,8,1,1,MEDIO,65,Reforco escolar e acompanhamento pedagogico | Encaminhamento para apoio psicologico ou psicossocial,2026-03-16
1512,Pedro Rodrigues Nascimento,202591609,5A,Agropecuária,2025.1,17,9.66,78.5,3.61,43.6,10,1,1,MEDIO,65,Encaminhamento para apoio psicologico ou psicossocial,2026-06-24
1513,Vinicius Rodrigues Teixeira,202591646,3A,Contabilidade,2025.1,29,5.52,76.6,1.91,41.7,6,1,1,MEDIO,65,Reforco escolar e acompanhamento pedagogico | Orientacao para rotina de estudos,2026-02-23
1514,Bruno Barbosa Pereira,202591681,5B,Edificações,2025.2,21,5.74,87.0,1.78,51.6,7,1,1,MEDIO,65,Reforco escolar e acompanhamento pedagogico | Encaminhamento para apoio psicologico ou psicossocial | Orientacao para rotina de estudos,2025-04-23
1515,Luana Barbosa Monteiro,202591764,5B,Logística,2025.1,28,3.52,92.9,2.3,14.2,3,0,1,MEDIO,65,Reforco escolar e acompanhamento pedagogico,2025-11-11
1516,Rafael Pereira Santos,202591825,5B,Contabilidade,2025.2,25,7.9,66.2,3.24,50.0,2,1,0,BAIXO,20,Contato com responsavel e monitoramento de frequencia,2025-10-08
1517,Gustavo Ribeiro Souza,202591934,4A,Edificações,2025.1,33,5.89,94.6,3.29,40.5,1,1,0,BAIXO,20,Reforco escolar e acompanhamento pedagogico,2025-09-02
1518,Eduarda Santos Almeida,202591935,1A,Enfermagem,2025.1,24,7.64,74.4,3.91,35.2,5,0,0,BAIXO,20,Contato com responsavel e monitoramento de frequencia,2026-10-01
1519,Gabriela Ferreira Pereira,202592058,2B,Enfermagem,2025.2,31,4.23,89.3,5.42,45.6,6,0,0,BAIXO,20,Reforco escolar e acompanhamento pedagogico,2024-06-25
1520,Marina Costa Costa,202592178,2A,Edificações,2025.2,17,6.35,76.5,0.26,50.5,9,0,1,ALTO,90,Encaminhamento para apoio psicologico ou psicossocial | Orientacao para rotina de estudos,2026-03-07
1521,Diego Gomes Silva,202592358,4A,Pedagogia,2025.1,33,6.31,78.7,5.4,44.8,7,1,1,MEDIO,65,Encaminhamento para apoio psicologico ou psicossocial,2026-06-29
1522,André Silva Teixeira,202592463,1A,Logística,2025.1,18,7.98,86.2,5.39,47.4,8,1,0,BAIXO,20,Encaminhamento para apoio psicologico ou psicossocial,2026-03-04
1523,Lucas Cardoso Mendes,202592557,3B,Edificações,2025.2,33,5.32,94.3,1.81,49.6,5,1,0,BAIXO,20,Reforco escolar e acompanhamento pedagogico | Orientacao para rotina de estudos,2026-06-12
1524,Natália Silva Ribeiro,202592603,4A,Eletrotécnica,2025.2,24,7.52,100.0,2.79,50.0,3,0,0,BAIXO,20,Manter acompanhamento preventivo,2026-06-05
1525,Eduarda Lima Ribeiro,202592984,5B,Agropecuária,2025.1,16,5.75,68.0,2.97,43.4,6,0,1,MEDIO,65,Reforco escolar e acompanhamento pedagogico | Contato com responsavel e monitoramento de frequencia,2026-01-08
1526,Isabela Lima Cardoso,202593099,1B,Logística,2025.1,16,3.13,76.9,0.52,45.5,2,0,1,ALTO,90,Reforco escolar e acompanhamento pedagogico | Orientacao para rotina de estudos,2025-08-03
1527,Luana Oliveira Lima,202593138,5A,Agropecuária,2025.1,28,5.4,91.9,0.87,49.3,9,0,1,ALTO,90,Reforco escolar e acompanhamento pedagogico | Encaminhamento para apoio psicologico ou psicossocial | Orientacao para rotina de estudos,2025-06-21
1528,Aline Gomes Monteiro,202593194,1A,Contabilidade,2025.1,30,8.2,77.3,3.0,30.4,5,0,0,BAIXO,20,Manter acompanhamento preventivo,2024-06-13
1529,Pedro Santos Oliveira,202593230,1A,Edificações,2025.1,31,8.96,100.0,1.03,19.9,5,1,0,BAIXO,20,Orientacao para rotina de estudos,2024-09-19
1530,Luana Oliveira Almeida,202593258,1B,Administração,2025.1,29,5.11,88.1,4.68,37.6,7,0,1,MEDIO,65,Reforco escolar e acompanhamento pedagogico | Encaminhamento para apoio psicologico ou psicossocial,2026-02-22
1531,Amanda Barbosa Rodrigues,202593320,3A,Eletrotécnica,2025.2,19,5.62,100.0,2.78,19.0,7,0,1,MEDIO,65,Reforco escolar e acompanhamento pedagogico | Encaminhamento para apoio psicologico ou psicossocial,2024-11-29
1532,Paulo Rodrigues Gomes,202593432,5A,Informática,2025.1,24,7.25,81.8,5.56,23.7,6,1,0,BAIXO,20,Manter acompanhamento preventivo,2026-12-15
1533,Carla Silva Costa,202593458,1B,Pedagogia,2025.1,28,5.66,80.9,2.72,52.9,3,0,1,MEDIO,65,Reforco escolar e acompanhamento pedagogico,2026-05-15
1534,Camila Barbosa Nascimento,202593518,1B,Enfermagem,2025.1,19,6.1,73.4,2.15,14.5,8,0,1,MEDIO,65,Contato com responsavel e monitoramento de frequencia | Encaminhamento para apoio psicologico ou psicossocial,2025-12-30
1535,Isabela Pereira Araújo,202593862,4A,Informática,2025.1,24,4.14,68.4,3.12,25.0,10,0,1,ALTO,90,Reforco escolar e acompanhamento pedagogico | Contato com responsavel e monitoramento de frequencia | Encaminhamento para apoio psicologico ou psicossocial,2024-11-11
1536,Thiago Ferreira Lima,202593886,4B,Logística,2025.1,31,5.07,57.9,3.05,38.0,2,1,1,MEDIO,65,Reforco escolar e acompanhamento pedagogico | Contato com responsavel e monitoramento de frequencia,2025-10-20
1537,Larissa Almeida Nascimento,202593909,1B,Eletrotécnica,2025.1,33,4.8,78.4,3.23,75.2,3,0,1,MEDIO,65,Reforco escolar e acompanhamento pedagogico,2025-07-13
1538,Felipe Mendes Santos,202594173,1B,Redes de Computadores,2025.2,33,5.27,75.6,3.29,44.2,7,1,1,MEDIO,65,Reforco escolar e acompanhamento pedagogico | Encaminhamento para apoio psicologico ou psicossocial,2025-10-19
1539,Felipe Rodrigues Batista,202594195,2B,Informática,2025.2,25,5.78,79.1,2.59,41.5,4,1,1,MEDIO,65,Reforco escolar e acompanhamento pedagogico,2025-12-27
1540,Leonardo Costa Ribeiro,202594206,2A,Eletrotécnica,2025.1,30,7.74,77.1,5.52,51.4,8,1,0,BAIXO,20,Encaminhamento para apoio psicologico ou psicossocial,2024-10-22
1541,Eduarda Oliveira Mendes,202594343,5A,Logística,2025.2,18,5.92,77.7,3.11,29.4,8,0,1,MEDIO,65,Reforco escolar e acompanhamento pedagogico | Encaminhamento para apoio psicologico ou psicossocial,2024-09-18
1542,Felipe Teixeira Souza,202594536,2B,Contabilidade,2025.1,19,6.02,81.3,3.13,5.0,4,1,0,BAIXO,20,Manter acompanhamento preventivo,2026-08-10
1543,João Silva Pereira,202594887,3B,Logística,2025.1,29,5.32,94.6,3.66,17.4,6,1,0,BAIXO,20,Reforco escolar e acompanhamento pedagogico,2025-01-22
1544,Paulo Santos Oliveira,202594931,5A,Redes de Computadores,2025.2,17,8.46,73.5,1.16,35.4,3,1,0,BAIXO,20,Contato com responsavel e monitoramento de frequencia | Orientacao para rotina de estudos,2025-09-07
1545,Rafaela Gomes Mendes,202594948,2B,Contabilidade,2025.2,32,6.36,95.9,2.88,23.7,3,0,0,BAIXO,20,Manter acompanhamento preventivo,2024-12-06
1546,João Barbosa Batista,202595044,5B,Administração,2025.2,28,7.47,90.4,3.33,13.9,4,1,0,BAIXO,20,Manter acompanhamento preventivo,2024-05-06
1547,Mateus Souza Souza,202595097,4B,Administração,2025.1,23,8.06,69.1,4.02,62.4,6,1,0,BAIXO,20,Contato com responsavel e monitoramento de frequencia,2024-08-26
1548,Rafaela Oliveira Nascimento,202595166,3A,Logística,2025.2,33,7.35,89.1,3.21,28.9,4,0,0,BAIXO,20,Manter acompanhamento preventivo,2026-03-30
1549,Maria Silva Cardoso,202595404,2B,Agropecuária,2025.1,23,8.84,91.9,3.29,57.3,5,0,0,BAIXO,20,Manter acompanhamento preventivo,2026-11-17
1550,Beatriz Pereira Rodrigues,202595670,5A,Edificações,2025.2,34,4.81,68.4,2.17,24.4,6,0,1,MEDIO,65,Reforco escolar e acompanhamento pedagogico | Contato com responsavel e monitoramento de frequencia,2024-11-08
1551,Gustavo Mendes Nascimento,202595832,2A,Informática,2025.2,31,8.62,65.6,3.2,10.5,6,1,0,BAIXO,20,Contato com responsavel e monitoramento de frequencia,2024-11-23
1552,Maria Rodrigues Almeida,202595909,5A,Administração,2025.1,27,5.37,100.0,1.82,16.5,5,0,0,BAIXO,20,Reforco escolar e acompanhamento pedagogico | Orientacao para rotina de estudos,2026-07-28
1553,Vinicius Oliveira Almeida,202595989,1B,Agropecuária,2025.1,30,5.52,53.3,3.32,64.2,4,1,1,MEDIO,65,Reforco escolar e acompanhamento pedagogico | Contato com responsavel e monitoramento de frequencia,2025-08-19
1554,Camila Oliveira Rodrigues,202596311,2B,Enfermagem,2025.1,29,4.61,79.7,2.15,63.6,8,0,1,MEDIO,65,Reforco escolar e acompanhamento pedagogico | Encaminhamento para apoio psicologico ou psicossocial,2024-10-23
1555,Beatriz Pereira Rodrigues,202596444,4A,Edificações,2025.2,27,6.67,83.4,4.43,66.6,4,0,0,BAIXO,20,Manter acompanhamento preventivo,2026-06-27
1556,Vitória Santos Oliveira,202596455,4A,Eletrotécnica,2025.1,33,6.75,89.2,1.43,12.7,6,0,0,BAIXO,20,Orientacao para rotina de estudos,2025-08-03
1557,Beatriz Oliveira Silva,202596583,1B,Redes de Computadores,2025.1,28,6.76,82.9,3.14,27.3,3,0,0,BAIXO,20,Manter acompanhamento preventivo,2026-12-14
1558,Camila Pereira Cardoso,202596705,5A,Pedagogia,2025.2,18,9.95,77.7,3.89,5.0,3,0,0,BAIXO,20,Manter acompanhamento preventivo,2026-04-09
1559,Camila Barbosa Rodrigues,202596759,1A,Enfermagem,2025.1,18,6.03,66.8,2.59,45.5,7,0,1,MEDIO,65,Contato com responsavel e monitoramento de frequencia | Encaminhamento para apoio psicologico ou psicossocial,2025-09-02
1560,Natália Lima Araújo,202596787,1B,Edificações,2025.1,32,7.97,85.3,4.13,43.2,4,0,0,BAIXO,20,Manter acompanhamento preventivo,2024-07-25
1561,Gabriela Nascimento Araújo,202596827,1A,Contabilidade,2025.2,34,7.36,100.0,2.49,31.7,5,0,0,BAIXO,20,Manter acompanhamento preventivo,2025-04-29
1562,Pedro Lima Oliveira,202596914,2A,Edificações,2025.2,21,5.67,82.1,3.82,64.9,7,1,1,MEDIO,65,Reforco escolar e acompanhamento pedagogico | Encaminhamento para apoio psicologico ou psicossocial,2024-12-05
1563,Vitória Teixeira Lima,202597135,3A,Agropecuária,2025.2,20,2.94,79.6,2.43,30.8,5,0,1,MEDIO,65,Reforco escolar e acompanhamento pedagogico,2024-11-21
1564,Luana Almeida Ferreira,202597141,3B,Contabilidade,2025.1,20,4.62,76.8,0.0,27.4,5,0,1,MEDIO,65,Reforco escolar e acompanhamento pedagogico | Orientacao para rotina de estudos,2025-04-21
1565,Carla Teixeira Oliveira,202597370,3B,Redes de Computadores,2025.2,29,5.16,74.4,3.59,36.1,5,0,1,MEDIO,65,Reforco escolar e acompanhamento pedagogico | Contato com responsavel e monitoramento de frequencia,2025-01-21
1566,Lucas Lima Rodrigues,202597509,5A,Eletrotécnica,2025.1,33,3.24,91.2,0.99,20.7,1,1,1,MEDIO,65,Reforco escolar e acompanhamento pedagogico | Orientacao para rotina de estudos,2026-08-01
1567,Paulo Ferreira Souza,202597828,2A,Eletrotécnica,2025.2,17,10.0,82.5,1.68,17.4,8,1,0,BAIXO,20,Encaminhamento para apoio psicologico ou psicossocial | Orientacao para rotina de estudos,2026-08-05
1568,André Lima Santos,202597833,2A,Logística,2025.2,21,8.77,77.5,2.98,24.5,2,1,0,BAIXO,20,Manter acompanhamento preventivo,2024-01-05
1569,Ana Pereira Cardoso,202598142,3B,Agropecuária,2025.1,21,3.26,100.0,2.9,30.6,5,0,1,MEDIO,65,Reforco escolar e acompanhamento pedagogico,2026-08-29
1570,Carlos Araújo Nascimento,202598226,4B,Edificações,2025.2,26,6.4,83.2,4.88,41.2,7,1,1,MEDIO,65,Encaminhamento para apoio psicologico ou psicossocial,2025-03-07
1571,Mateus Batista Teixeira,202598408,3B,Logística,2025.2,25,6.14,87.7,2.75,22.6,8,1,0,BAIXO,20,Encaminhamento para apoio psicologico ou psicossocial,2024-03-01
1572,Marina Almeida Teixeira,202598519,4A,Edificações,2025.2,24,4.05,69.9,2.82,5.0,5,0,1,MEDIO,65,Reforco escolar e acompanhamento pedagogico | Contato com responsavel e monitoramento de frequencia,2026-12-05
1573,André Ferreira Rodrigues,202598540,4B,Eletrotécnica,2025.1,23,8.17,84.9,1.74,37.0,7,1,0,BAIXO,20,Encaminhamento para apoio psicologico ou psicossocial | Orientacao para rotina de estudos,2026-09-18
1574,João Rodrigues Silva,202598641,5B,Eletrotécnica,2025.1,25,7.15,84.5,0.68,31.7,9,1,1,MEDIO,65,Encaminhamento para apoio psicologico ou psicossocial | Orientacao para rotina de estudos,2024-03-12
1575,Maria Cardoso Araújo,202598671,3B,Agropecuária,2025.1,29,6.81,100.0,3.05,24.2,8,0,0,BAIXO,20,Encaminhamento para apoio psicologico ou psicossocial,2026-03-15
1576,Paulo Ribeiro Silva,202598721,1A,Enfermagem,2025.1,26,4.96,74.1,3.08,47.2,2,1,1,MEDIO,65,Reforco escolar e acompanhamento pedagogico | Contato com responsavel e monitoramento de frequencia,2024-10-28
1577,João Monteiro Barbosa,202598761,4B,Agropecuária,2025.1,24,3.29,85.0,2.8,23.3,7,1,1,MEDIO,65,Reforco escolar e acompanhamento pedagogico | Encaminhamento para apoio psicologico ou psicossocial,2024-07-28
1578,Vinicius Teixeira Ribeiro,202598805,5A,Contabilidade,2025.1,19,4.76,76.2,3.66,17.6,2,1,1,MEDIO,65,Reforco escolar e acompanhamento pedagogico,2026-09-04
1579,Pedro Lima Ferreira,202598835,5B,Agropecuária,2025.1,23,6.73,100.0,3.26,34.1,7,1,0,BAIXO,20,Encaminhamento para apoio psicologico ou psicossocial,2024-07-17
1580,Maria Cardoso Santos,202599070,4A,Edificações,2025.2,30,7.13,100.0,3.59,6.3,7,0,0,BAIXO,20,Encaminhamento para apoio psicologico ou psicossocial,2025-12-07
1581,Amanda Silva Nascimento,202599243,4A,Logística,2025.2,32,5.63,94.6,5.18,30.8,7,0,1,MEDIO,65,Reforco escolar e acompanhamento pedagogico | Encaminhamento para apoio psicologico ou psicossocial,2025-10-04
1582,Ana Oliveira Batista,202599263,3A,Administração,2025.2,31,4.49,76.2,5.34,48.4,1,0,1,MEDIO,65,Reforco escolar e acompanhamento pedagogico,2025-04-21
1583,Isabela Rodrigues Souza,202599284,2A,Pedagogia,2025.2,30,8.78,87.6,3.99,22.9,6,0,0,BAIXO,20,Manter acompanhamento preventivo,2026-10-11
1584,Fernanda Batista Silva,202599293,5B,Agropecuária,2025.2,20,6.77,66.0,1.73,5.9,4,0,1,MEDIO,65,Contato com responsavel e monitoramento de frequencia | Orientacao para rotina de estudos,2025-01-04
1585,Samuel Silva Gomes,202599499,3A,Redes de Computadores,2025.1,20,6.41,84.5,2.75,51.8,8,1,1,MEDIO,65,Encaminhamento para apoio psicologico ou psicossocial,2024-06-28
1586,Bruno Monteiro Mendes,202599690,2B,Pedagogia,2025.2,25,1.7,100.0,3.76,24.2,5,1,1,MEDIO,65,Reforco escolar e acompanhamento pedagogico,2025-09-25
1587,Maria Pereira Costa,202599754,3A,Redes de Computadores,2025.1,32,8.24,75.4,1.66,27.0,2,0,0,BAIXO,20,Orientacao para rotina de estudos,2024-11-03
1588,Isabela Barbosa Silva,202599795,5A,Pedagogia,2025.2,22,5.75,66.2,2.17,5.0,4,0,1,MEDIO,65,Reforco escolar e acompanhamento pedagogico | Contato com responsavel e monitoramento de frequencia,2024-05-29
1589,Carlos Ferreira Silva,202599952,5B,Contabilidade,2025.1,25,5.99,76.1,3.02,20.0,3,1,1,MEDIO,65,Reforco escolar e acompanhamento pedagogico,2025-08-15
1590,Samuel Barbosa Ferreira,202599979,5B,Edificações,2025.2,26,5.32,78.0,0.2,45.3,3,1,1,MEDIO,65,Reforco escolar e acompanhamento pedagogico | Orientacao para rotina de estudos,2026-07-09
1591,Larissa Gomes Nascimento,202610371,2A,Edificações,2026.1,23,3.65,100.0,2.58,30.3,3,0,1,MEDIO,65,Reforco escolar e acompanhamento pedagogico,2024-10-23
1592,Gustavo Araújo Teixeira,202610851,2A,Agropecuária,2026.1,30,4.93,36.7,4.91,20.0,5,1,1,ALTO,90,Reforco escolar e acompanhamento pedagogico | Contato com responsavel e monitoramento de frequencia,2025-11-16
1593,Daniel Batista Teixeira,202610879,1B,Logística,2026.1,32,7.14,89.8,3.63,12.6,7,1,0,BAIXO,20,Encaminhamento para apoio psicologico ou psicossocial,2025-10-16
1594,Daniel Almeida Almeida,202610943,5B,Informática,2026.1,27,6.8,100.0,0.61,40.9,3,1,0,BAIXO,20,Orientacao para rotina de estudos,2025-02-23
1595,Patrícia Pereira Ferreira,202610990,5A,Agropecuária,2026.1,28,5.13,100.0,4.62,67.1,7,0,1,MEDIO,65,Reforco escolar e acompanhamento pedagogico | Encaminhamento para apoio psicologico ou psicossocial,2024-12-06
1596,Henrique Monteiro Souza,202611498,2B,Administração,2026.1,29,6.64,69.3,1.49,26.0,6,1,1,MEDIO,65,Contato com responsavel e monitoramento de frequencia | Orientacao para rotina de estudos,2024-04-20
1597,Vinicius Ferreira Almeida,202611522,1B,Pedagogia,2026.1,16,7.07,77.8,1.66,20.8,7,1,0,BAIXO,20,Encaminhamento para apoio psicologico ou psicossocial | Orientacao para rotina de estudos,2025-11-12
1598,Eduarda Monteiro Ribeiro,202611581,2A,Logística,2026.1,34,5.84,81.4,4.68,5.0,6,0,1,MEDIO,65,Reforco escolar e acompanhamento pedagogico,2026-01-15
1599,André Ribeiro Cardoso,202612396,4B,Pedagogia,2026.1,33,3.98,66.4,2.06,45.5,5,1,1,ALTO,90,Reforco escolar e acompanhamento pedagogico | Contato com responsavel e monitoramento de frequencia,2025-05-14
1600,Amanda Teixeira Batista,202612526,3A,Edificações,2026.1,23,8.17,55.4,1.64,11.7,5,0,0,BAIXO,20,Contato com responsavel e monitoramento de frequencia | Orientacao para rotina de estudos,2025-08-01
1601,Thiago Souza Araújo,202612965,2A,Enfermagem,2026.1,28,6.94,82.4,2.11,35.1,8,1,1,MEDIO,65,Encaminhamento para apoio psicologico ou psicossocial,2025-06-24
1602,Daniel Teixeira Lima,202613059,1B,Logística,2026.1,25,6.62,90.6,3.13,48.8,8,1,0,BAIXO,20,Encaminhamento para apoio psicologico ou psicossocial,2025-07-22
1603,Isabela Lima Araújo,202613658,2B,Pedagogia,2026.1,31,3.99,68.0,3.95,40.8,7,0,1,ALTO,90,Reforco escolar e acompanhamento pedagogico | Contato com responsavel e monitoramento de frequencia | Encaminhamento para apoio psicologico ou psicossocial,2025-12-07
1604,Lucas Cardoso Barbosa,202613691,2A,Enfermagem,2026.1,29,7.61,89.9,2.08,48.4,9,1,0,BAIXO,20,Encaminhamento para apoio psicologico ou psicossocial,2025-09-04
1605,Diego Barbosa Santos,202613745,2B,Informática,2026.1,27,3.47,77.2,2.49,36.7,6,1,1,MEDIO,65,Reforco escolar e acompanhamento pedagogico,2025-11-17
1606,Daniel Cardoso Batista,202614122,5B,Enfermagem,2026.1,16,4.49,73.7,3.3,16.5,2,1,1,MEDIO,65,Reforco escolar e acompanhamento pedagogico | Contato com responsavel e monitoramento de frequencia,2025-12-03
1607,Thiago Pereira Cardoso,202614337,2A,Redes de Computadores,2026.1,23,4.24,79.9,3.5,70.3,7,1,1,MEDIO,65,Reforco escolar e acompanhamento pedagogico | Encaminhamento para apoio psicologico ou psicossocial,2024-10-24
1608,Daniel Silva Costa,202614436,4A,Contabilidade,2026.1,27,7.39,65.5,4.1,6.1,4,1,0,BAIXO,20,Contato com responsavel e monitoramento de frequencia,2024-08-02
1609,Fernanda Souza Cardoso,202614458,1A,Enfermagem,2026.1,34,5.94,88.3,3.44,62.3,8,0,1,MEDIO,65,Reforco escolar e acompanhamento pedagogico | Encaminhamento para apoio psicologico ou psicossocial,2025-10-26
1610,Leonardo Pereira Almeida,202614803,4A,Eletrotécnica,2026.1,16,5.96,74.4,1.91,41.1,10,1,1,ALTO,90,Reforco escolar e acompanhamento pedagogico | Contato com responsavel e monitoramento de frequencia | Encaminhamento para apoio psicologico ou psicossocial | Orientacao para rotina de estudos,2026-07-20
1611,Juliana Barbosa Lima,202616089,2A,Contabilidade,2026.1,19,10.0,80.6,2.6,20.6,6,0,0,BAIXO,20,Manter acompanhamento preventivo,2025-01-16
1612,Beatriz Teixeira Silva,202616159,4A,Logística,2026.1,17,8.33,76.4,4.19,61.2,7,0,0,BAIXO,20,Encaminhamento para apoio psicologico ou psicossocial,2025-08-11
1613,Maria Ribeiro Ferreira,202616416,4A,Edificações,2026.1,23,5.52,56.4,3.52,62.7,5,0,1,MEDIO,65,Reforco escolar e acompanhamento pedagogico | Contato com responsavel e monitoramento de frequencia,2024-12-22
1614,Pedro Monteiro Batista,202617002,5A,Informática,2026.1,24,9.11,83.3,2.99,12.0,5,1,0,BAIXO,20,Manter acompanhamento preventivo,2026-09-25
1615,Felipe Cardoso Cardoso,202617029,3A,Enfermagem,2026.1,30,6.77,67.2,2.11,68.3,3,1,1,MEDIO,65,Contato com responsavel e monitoramento de frequencia,2025-05-18
1616,Vitória Lima Batista,202617182,3B,Administração,2026.1,33,7.59,75.4,1.94,5.0,7,0,0,BAIXO,20,Encaminhamento para apoio psicologico ou psicossocial | Orientacao para rotina de estudos,2024-07-04
1617,Eduarda Monteiro Almeida,202617969,4B,Agropecuária,2026.1,24,7.33,98.7,2.79,56.2,7,0,0,BAIXO,20,Encaminhamento para apoio psicologico ou psicossocial,2024-02-24
1618,Camila Rodrigues Teixeira,202618194,1A,Administração,2026.1,30,4.17,98.6,2.45,41.0,8,0,1,MEDIO,65,Reforco escolar e acompanhamento pedagogico | Encaminhamento para apoio psicologico ou psicossocial,2024-12-14
1619,Carlos Souza Almeida,202618304,3A,Enfermagem,2026.1,23,7.58,65.7,1.12,40.2,3,1,0,BAIXO,20,Contato com responsavel e monitoramento de frequencia | Orientacao para rotina de estudos,2025-08-27
1620,André Silva Souza,202618398,3B,Administração,2026.1,20,9.48,90.5,4.71,39.2,7,1,0,BAIXO,20,Encaminhamento para apoio psicologico ou psicossocial,2024-10-10
1621,Bruno Batista Cardoso,202618437,4A,Eletrotécnica,2026.1,18,5.12,79.4,2.82,53.9,9,1,1,ALTO,90,Reforco escolar e acompanhamento pedagogico | Encaminhamento para apoio psicologico ou psicossocial,2025-02-26
1622,Daniel Monteiro Almeida,202618520,5A,Contabilidade,2026.1,22,5.98,40.1,1.64,29.2,8,1,1,ALTO,90,Reforco escolar e acompanhamento pedagogico | Contato com responsavel e monitoramento de frequencia | Encaminhamento para apoio psicologico ou psicossocial | Orientacao para rotina de estudos,2026-06-26
1623,Maria Monteiro Pereira,202618735,4B,Redes de Computadores,2026.1,28,9.42,100.0,1.97,57.2,6,0,0,BAIXO,20,Orientacao para rotina de estudos,2026-10-07
1624,Rafaela Nascimento Ferreira,202618752,4A,Enfermagem,2026.1,20,6.05,55.5,7.2,35.3,8,0,1,MEDIO,65,Contato com responsavel e monitoramento de frequencia | Encaminhamento para apoio psicologico ou psicossocial,2025-09-12
1625,Ana Lima Teixeira,202618826,2A,Eletrotécnica,2026.1,30,6.76,97.3,2.64,38.3,4,0,0,BAIXO,20,Manter acompanhamento preventivo,2025-04-09
1626,Marcos Almeida Oliveira,202618905,5A,Agropecuária,2026.1,34,7.81,100.0,2.97,34.1,5,1,0,BAIXO,20,Manter acompanhamento preventivo,2024-01-07
1627,Carla Santos Nascimento,202619459,4B,Redes de Computadores,2026.1,19,3.1,52.6,4.65,37.2,6,0,1,ALTO,90,Reforco escolar e acompanhamento pedagogico | Contato com responsavel e monitoramento de frequencia,2025-07-19
1628,Carla Lima Ferreira,202619891,4B,Redes de Computadores,2026.1,28,6.72,65.6,1.69,32.9,4,0,1,MEDIO,65,Contato com responsavel e monitoramento de frequencia | Orientacao para rotina de estudos,2025-11-09
1629,Carla Araújo Santos,202619970,2A,Informática,2026.1,21,6.7,80.1,4.63,48.2,3,0,0,BAIXO,20,Manter acompanhamento preventivo,2024-12-18
1630,André Barbosa Souza,202620025,2B,Edificações,2026.1,22,8.01,51.1,1.77,24.9,8,1,1,MEDIO,65,Contato com responsavel e monitoramento de frequencia | Encaminhamento para apoio psicologico ou psicossocial | Orientacao para rotina de estudos,2025-11-07
1631,Lucas Ferreira Santos,202620295,2B,Edificações,2026.1,25,4.99,72.5,1.72,52.9,7,1,1,ALTO,90,Reforco escolar e acompanhamento pedagogico | Contato com responsavel e monitoramento de frequencia | Encaminhamento para apoio psicologico ou psicossocial | Orientacao para rotina de estudos,2024-09-26
1632,Marina Monteiro Almeida,202620413,5A,Pedagogia,2026.1,24,5.12,91.2,2.26,5.0,8,0,1,MEDIO,65,Reforco escolar e acompanhamento pedagogico | Encaminhamento para apoio psicologico ou psicossocial,2026-07-03
1633,Jéssica Pereira Teixeira,202620462,2B,Contabilidade,2026.1,19,7.54,84.1,4.53,45.9,4,0,0,BAIXO,20,Manter acompanhamento preventivo,2025-05-24
1634,Maria Almeida Nascimento,202620574,3B,Redes de Computadores,2026.1,21,4.48,69.6,2.35,57.2,4,0,1,MEDIO,65,Reforco escolar e acompanhamento pedagogico | Contato com responsavel e monitoramento de frequencia,2024-04-26
1635,Isabela Costa Monteiro,202620600,3A,Edificações,2026.1,24,5.42,70.0,4.95,57.0,6,0,1,MEDIO,65,Reforco escolar e acompanhamento pedagogico | Contato com responsavel e monitoramento de frequencia,2024-09-04
1636,Pedro Almeida Gomes,202620775,5B,Logística,2026.1,19,5.69,62.0,4.46,50.0,5,1,1,MEDIO,65,Reforco escolar e acompanhamento pedagogico | Contato com responsavel e monitoramento de frequencia,2026-06-25
1637,Bruno Pereira Ribeiro,202621018,1B,Logística,2026.1,27,7.48,76.5,3.55,43.5,3,1,0,BAIXO,20,Manter acompanhamento preventivo,2026-06-02
1638,Thiago Monteiro Cardoso,202621492,3A,Contabilidade,2026.1,26,4.43,73.9,4.82,29.0,2,1,1,MEDIO,65,Reforco escolar e acompanhamento pedagogico | Contato com responsavel e monitoramento de frequencia,2025-09-14
1639,Carlos Almeida Cardoso,202621608,5A,Administração,2026.1,16,6.36,95.4,3.34,46.7,4,1,0,BAIXO,20,Manter acompanhamento preventivo,2024-09-02
1640,Maria Lima Teixeira,202621946,3A,Administração,2026.1,17,4.31,84.3,4.72,32.9,3,0,1,MEDIO,65,Reforco escolar e acompanhamento pedagogico,2026-03-31
1641,André Almeida Ribeiro,202622207,5B,Administração,2026.1,34,9.65,85.5,3.1,32.9,5,1,0,BAIXO,20,Manter acompanhamento preventivo,2025-09-02
1642,Lucas Almeida Costa,202622833,4B,Administração,2026.1,23,8.12,69.3,4.76,12.8,7,1,1,MEDIO,65,Contato com responsavel e monitoramento de frequencia | Encaminhamento para apoio psicologico ou psicossocial,2024-01-31
1643,Thiago Gomes Oliveira,202623055,4A,Agropecuária,2026.1,28,8.49,75.5,3.7,34.6,6,1,0,BAIXO,20,Manter acompanhamento preventivo,2026-09-19
1644,Luana Monteiro Lima,202623142,5A,Agropecuária,2026.1,17,9.44,99.7,1.07,28.4,7,0,0,BAIXO,20,Encaminhamento para apoio psicologico ou psicossocial | Orientacao para rotina de estudos,2026-06-29
1645,Marina Cardoso Santos,202623767,1B,Agropecuária,2026.1,28,7.77,57.4,0.98,70.9,3,0,1,MEDIO,65,Contato com responsavel e monitoramento de frequencia | Orientacao para rotina de estudos,2026-05-29
1646,Patrícia Costa Lima,202623792,3A,Eletrotécnica,2026.1,19,5.31,100.0,2.27,50.6,2,0,0,BAIXO,20,Reforco escolar e acompanhamento pedagogico,2025-04-08
1647,Daniel Ribeiro Ferreira,202623849,2A,Redes de Computadores,2026.1,25,8.46,82.0,3.76,5.0,6,1,0,BAIXO,20,Manter acompanhamento preventivo,2025-03-24
1648,Thiago Ferreira Barbosa,202624213,4A,Edificações,2026.1,33,8.84,62.2,6.11,53.8,2,1,0,BAIXO,20,Contato com responsavel e monitoramento de frequencia,2026-02-14
1649,Amanda Batista Almeida,202624371,1B,Redes de Computadores,2026.1,23,8.24,94.6,2.51,51.8,1,0,0,BAIXO,20,Manter acompanhamento preventivo,2026-06-23
1650,Isabela Ferreira Nascimento,202624390,2B,Administração,2026.1,28,4.65,79.3,2.38,27.3,4,0,1,MEDIO,65,Reforco escolar e acompanhamento pedagogico,2025-01-19
1651,Daniel Silva Costa,202624450,2A,Administração,2026.1,20,5.58,100.0,4.62,49.1,9,1,1,MEDIO,65,Reforco escolar e acompanhamento pedagogico | Encaminhamento para apoio psicologico ou psicossocial,2026-06-14
1652,Bruno Teixeira Gomes,202624707,1B,Edificações,2026.1,32,7.69,68.4,2.95,14.0,4,1,0,BAIXO,20,Contato com responsavel e monitoramento de frequencia,2026-11-01
1653,Pedro Ribeiro Araújo,202624891,2A,Enfermagem,2026.1,34,8.0,76.3,1.65,31.7,4,1,0,BAIXO,20,Orientacao para rotina de estudos,2026-09-15
1654,Ana Santos Souza,202624980,4B,Edificações,2026.1,19,7.51,100.0,4.34,22.9,7,0,0,BAIXO,20,Encaminhamento para apoio psicologico ou psicossocial,2025-11-04
1655,Diego Souza Nascimento,202625008,1B,Logística,2026.1,27,9.03,92.3,4.99,94.5,9,1,0,BAIXO,20,Encaminhamento para apoio psicologico ou psicossocial | Avaliar apoio logistico ou flexibilizacao academica,2026-08-06
1656,Gabriel Teixeira Silva,202625012,5B,Enfermagem,2026.1,27,6.68,69.4,2.91,25.8,8,1,1,MEDIO,65,Contato com responsavel e monitoramento de frequencia | Encaminhamento para apoio psicologico ou psicossocial,2025-09-29
1657,Aline Batista Ferreira,202625126,5A,Redes de Computadores,2026.1,23,5.66,100.0,3.17,53.4,5,0,0,BAIXO,20,Reforco escolar e acompanhamento pedagogico,2024-07-18
1658,Fernanda Barbosa Costa,202625377,3A,Agropecuária,2026.1,33,3.47,89.1,0.0,34.8,7,0,1,ALTO,90,Reforco escolar e acompanhamento pedagogico | Encaminhamento para apoio psicologico ou psicossocial | Orientacao para rotina de estudos,2024-11-05
1659,Amanda Pereira Souza,202625534,2B,Informática,2026.1,25,6.82,73.6,3.89,36.9,4,0,1,MEDIO,65,Contato com responsavel e monitoramento de frequencia,2025-07-22
1660,Lucas Barbosa Nascimento,202625559,3A,Administração,2026.1,23,6.09,100.0,5.49,42.3,7,1,0,BAIXO,20,Encaminhamento para apoio psicologico ou psicossocial,2024-11-21
1661,Daniel Ribeiro Costa,202626507,4A,Enfermagem,2026.1,33,5.42,97.3,2.11,46.3,10,1,1,MEDIO,65,Reforco escolar e acompanhamento pedagogico | Encaminhamento para apoio psicologico ou psicossocial,2026-10-19
1662,Rafaela Santos Santos,202626544,1A,Eletrotécnica,2026.1,27,9.88,100.0,2.93,52.2,2,0,0,BAIXO,20,Manter acompanhamento preventivo,2025-04-10
1663,Gabriel Batista Batista,202627585,4B,Administração,2026.1,33,8.92,61.5,3.48,19.9,4,1,0,BAIXO,20,Contato com responsavel e monitoramento de frequencia,2025-08-07
1664,Lucas Souza Batista,202627970,4B,Edificações,2026.1,16,7.7,64.5,2.91,31.0,4,1,0,BAIXO,20,Contato com responsavel e monitoramento de frequencia,2026-01-29
1665,Jéssica Oliveira Cardoso,202627982,2A,Eletrotécnica,2026.1,28,6.41,98.7,2.13,42.8,6,0,0,BAIXO,20,Manter acompanhamento preventivo,2024-02-09
1666,Thiago Ferreira Silva,202628458,3A,Agropecuária,2026.1,33,6.22,72.1,1.65,58.9,8,1,1,MEDIO,65,Contato com responsavel e monitoramento de frequencia | Encaminhamento para apoio psicologico ou psicossocial | Orientacao para rotina de estudos,2026-03-06
1667,Mateus Lima Rodrigues,202628709,5B,Enfermagem,2026.1,20,6.97,69.7,4.08,15.2,8,1,1,MEDIO,65,Contato com responsavel e monitoramento de frequencia | Encaminhamento para apoio psicologico ou psicossocial,2026-01-10
1668,Diego Pereira Monteiro,202629156,1A,Agropecuária,2026.1,28,5.89,100.0,3.81,42.6,8,1,1,MEDIO,65,Reforco escolar e acompanhamento pedagogico | Encaminhamento para apoio psicologico ou psicossocial,2025-06-01
1669,Vinicius Batista Teixeira,202629164,5A,Logística,2026.1,25,8.95,85.6,4.67,34.7,7,1,0,BAIXO,20,Encaminhamento para apoio psicologico ou psicossocial,2024-10-12
1670,Carla Araújo Ferreira,202629234,5A,Redes de Computadores,2026.1,34,9.58,94.0,2.3,36.5,7,0,0,BAIXO,20,Encaminhamento para apoio psicologico ou psicossocial,2025-09-18
1671,Gustavo Gomes Silva,202629296,5B,Edificações,2026.1,24,9.59,87.8,4.56,68.2,4,1,0,BAIXO,20,Manter acompanhamento preventivo,2025-05-20
1672,Natália Santos Lima,202629356,2B,Informática,2026.1,19,6.38,91.4,2.94,61.3,4,0,0,BAIXO,20,Manter acompanhamento preventivo,2024-01-29
1673,Felipe Barbosa Souza,202629421,1A,Enfermagem,2026.1,22,4.23,91.2,4.38,11.2,5,1,0,BAIXO,20,Reforco escolar e acompanhamento pedagogico,2025-10-30
1674,Mateus Nascimento Mendes,202629464,5A,Contabilidade,2026.1,23,3.67,100.0,1.46,32.1,8,1,1,MEDIO,65,Reforco escolar e acompanhamento pedagogico | Encaminhamento para apoio psicologico ou psicossocial | Orientacao para rotina de estudos,2025-02-28
1675,André Teixeira Souza,202629685,1B,Pedagogia,2026.1,29,5.29,91.9,5.72,19.9,5,1,0,BAIXO,20,Reforco escolar e acompanhamento pedagogico,2026-02-21
1676,Larissa Batista Souza,202629780,4A,Eletrotécnica,2026.1,33,8.88,77.7,0.21,32.3,7,0,1,MEDIO,65,Encaminhamento para apoio psicologico ou psicossocial | Orientacao para rotina de estudos,2025-10-21
1677,Camila Mendes Almeida,202630102,3B,Eletrotécnica,2026.1,27,6.45,46.1,2.17,53.3,9,0,1,ALTO,90,Contato com responsavel e monitoramento de frequencia | Encaminhamento para apoio psicologico ou psicossocial,2025-12-02
1678,Bruno Mendes Gomes,202630142,2B,Redes de Computadores,2026.1,25,3.94,98.1,2.51,58.1,4,1,1,MEDIO,65,Reforco escolar e acompanhamento pedagogico,2024-09-18
1679,Thiago Mendes Cardoso,202630216,2B,Edificações,2026.1,16,9.73,53.7,4.33,42.5,7,1,1,MEDIO,65,Contato com responsavel e monitoramento de frequencia | Encaminhamento para apoio psicologico ou psicossocial,2024-03-24
1680,Patrícia Almeida Mendes,202630348,3B,Pedagogia,2026.1,34,8.02,79.2,3.78,34.0,8,0,0,BAIXO,20,Encaminhamento para apoio psicologico ou psicossocial,2024-07-22
1681,Samuel Mendes Ribeiro,202630424,4B,Informática,2026.1,16,4.7,65.8,5.51,26.7,7,1,1,ALTO,90,Reforco escolar e acompanhamento pedagogico | Contato com responsavel e monitoramento de frequencia | Encaminhamento para apoio psicologico ou psicossocial,2025-09-13
1682,Jéssica Almeida Barbosa,202630506,4B,Contabilidade,2026.1,17,8.49,97.8,1.22,23.2,8,0,0,BAIXO,20,Encaminhamento para apoio psicologico ou psicossocial | Orientacao para rotina de estudos,2025-12-18
1683,Beatriz Cardoso Pereira,202630832,1B,Contabilidade,2026.1,21,7.42,85.9,3.52,66.6,5,0,0,BAIXO,20,Manter acompanhamento preventivo,2026-04-13
1684,Lucas Araújo Rodrigues,202630843,2B,Contabilidade,2026.1,23,8.1,81.5,2.21,5.0,3,1,0,BAIXO,20,Manter acompanhamento preventivo,2026-02-25
1685,Amanda Barbosa Monteiro,202630871,4B,Informática,2026.1,25,9.86,89.5,2.99,28.7,3,0,0,BAIXO,20,Manter acompanhamento preventivo,2025-01-18
1686,Marina Batista Souza,202631212,3B,Informática,2026.1,33,8.83,96.9,4.21,39.7,4,0,0,BAIXO,20,Manter acompanhamento preventivo,2024-12-16
1687,Samuel Ferreira Monteiro,202631621,2B,Eletrotécnica,2026.1,16,8.84,64.0,1.25,43.0,6,1,0,BAIXO,20,Contato com responsavel e monitoramento de frequencia | Orientacao para rotina de estudos,2026-12-17
1688,Vinicius Barbosa Almeida,202631697,2A,Enfermagem,2026.1,20,10.0,76.9,2.18,64.2,9,1,1,MEDIO,65,Encaminhamento para apoio psicologico ou psicossocial,2024-03-30
1689,Vitória Teixeira Ribeiro,202631705,3A,Redes de Computadores,2026.1,16,6.48,100.0,2.49,37.4,6,0,0,BAIXO,20,Manter acompanhamento preventivo,2026-05-11
1690,Beatriz Silva Nascimento,202631857,3B,Pedagogia,2026.1,18,8.89,89.0,1.34,46.1,3,0,0,BAIXO,20,Orientacao para rotina de estudos,2026-04-28
1691,Carlos Rodrigues Batista,202632729,5B,Redes de Computadores,2026.1,22,4.72,92.3,4.21,38.4,4,1,0,BAIXO,20,Reforco escolar e acompanhamento pedagogico,2025-08-19
1692,Luana Ferreira Gomes,202632751,1A,Informática,2026.1,20,5.54,43.7,4.46,65.7,4,0,1,ALTO,90,Reforco escolar e acompanhamento pedagogico | Contato com responsavel e monitoramento de frequencia,2026-03-22
1693,Aline Pereira Cardoso,202632792,1B,Redes de Computadores,2026.1,30,7.0,71.7,3.36,52.1,4,0,0,BAIXO,20,Contato com responsavel e monitoramento de frequencia,2025-11-03
1694,Gabriel Gomes Almeida,202632915,3A,Edificações,2026.1,21,5.52,94.8,4.51,8.0,8,1,1,MEDIO,65,Reforco escolar e acompanhamento pedagogico | Encaminhamento para apoio psicologico ou psicossocial,2024-09-18
1695,Marina Gomes Barbosa,202632991,3B,Enfermagem,2026.1,31,4.58,89.0,3.69,30.3,7,0,1,MEDIO,65,Reforco escolar e acompanhamento pedagogico | Encaminhamento para apoio psicologico ou psicossocial,2025-01-10
1696,Vitória Rodrigues Cardoso,202633080,2B,Edificações,2026.1,19,9.9,82.4,0.23,34.8,8,0,1,MEDIO,65,Encaminhamento para apoio psicologico ou psicossocial | Orientacao para rotina de estudos,2026-02-22
1697,Bruno Silva Barbosa,202633544,4A,Informática,2026.1,30,6.26,73.7,4.62,5.0,8,1,1,MEDIO,65,Contato com responsavel e monitoramento de frequencia | Encaminhamento para apoio psicologico ou psicossocial,2026-06-18
1698,Lucas Gomes Almeida,202633594,5A,Edificações,2026.1,25,5.24,76.5,4.84,35.6,6,1,1,MEDIO,65,Reforco escolar e acompanhamento pedagogico,2025-09-23
1699,Fernanda Oliveira Araújo,202633652,4A,Administração,2026.1,29,5.9,84.7,4.3,19.5,6,0,1,MEDIO,65,Reforco escolar e acompanhamento pedagogico,2025-10-19
1700,Carlos Pereira Nascimento,202633863,1B,Administração,2026.1,32,8.23,87.5,3.85,38.2,8,1,0,BAIXO,20,Encaminhamento para apoio psicologico ou psicossocial,2024-10-25
1701,Carlos Batista Ribeiro,202634818,1A,Enfermagem,2026.1,29,4.34,65.4,3.3,7.4,7,1,1,ALTO,90,Reforco escolar e acompanhamento pedagogico | Contato com responsavel e monitoramento de frequencia | Encaminhamento para apoio psicologico ou psicossocial,2026-06-28
1702,Isabela Lima Gomes,202634897,5B,Pedagogia,2026.1,33,6.4,68.4,5.85,5.2,4,0,1,MEDIO,65,Contato com responsavel e monitoramento de frequencia,2025-11-06
1703,Gabriela Barbosa Cardoso,202634917,2B,Redes de Computadores,2026.1,20,7.07,80.2,2.61,24.0,7,0,0,BAIXO,20,Encaminhamento para apoio psicologico ou psicossocial,2024-01-03
1704,Natália Monteiro Mendes,202635069,2B,Edificações,2026.1,26,6.27,63.6,3.06,22.7,7,0,1,MEDIO,65,Contato com responsavel e monitoramento de frequencia | Encaminhamento para apoio psicologico ou psicossocial,2025-01-27
1705,Aline Silva Teixeira,202635499,5B,Pedagogia,2026.1,16,4.41,86.1,1.65,25.1,5,0,0,BAIXO,20,Reforco escolar e acompanhamento pedagogico | Orientacao para rotina de estudos,2026-07-17
1706,Amanda Pereira Santos,202635543,4A,Logística,2026.1,27,5.24,87.1,1.76,53.6,6,0,0,BAIXO,20,Reforco escolar e acompanhamento pedagogico | Orientacao para rotina de estudos,2026-03-11
1707,Gabriel Lima Araújo,202635613,5A,Logística,2026.1,17,2.21,91.2,1.24,19.1,7,1,1,MEDIO,65,Reforco escolar e acompanhamento pedagogico | Encaminhamento para apoio psicologico ou psicossocial | Orientacao para rotina de estudos,2026-04-30
1708,Daniel Oliveira Teixeira,202635633,4B,Agropecuária,2026.1,30,5.56,71.5,2.33,14.6,9,1,1,ALTO,90,Reforco escolar e acompanhamento pedagogico | Contato com responsavel e monitoramento de frequencia | Encaminhamento para apoio psicologico ou psicossocial,2025-10-08
1709,Vinicius Ferreira Costa,202635989,3A,Informática,2026.1,16,6.53,100.0,1.82,39.1,8,1,0,BAIXO,20,Encaminhamento para apoio psicologico ou psicossocial | Orientacao para rotina de estudos,2025-01-13
1710,Pedro Barbosa Rodrigues,202636228,3B,Enfermagem,2026.1,19,7.22,100.0,2.66,62.2,7,1,0,BAIXO,20,Encaminhamento para apoio psicologico ou psicossocial,2024-02-20
1711,Eduarda Rodrigues Ribeiro,202636348,1A,Logística,2026.1,23,8.63,71.8,3.05,28.5,4,0,0,BAIXO,20,Contato com responsavel e monitoramento de frequencia,2026-08-24
1712,Marcos Monteiro Nascimento,202636438,4B,Administração,2026.1,16,7.58,92.7,3.0,44.0,6,1,0,BAIXO,20,Manter acompanhamento preventivo,2024-10-29
1713,Leonardo Almeida Nascimento,202636512,5B,Informática,2026.1,33,7.75,80.2,1.43,28.0,9,1,1,MEDIO,65,Encaminhamento para apoio psicologico ou psicossocial | Orientacao para rotina de estudos,2024-05-18
1714,Carlos Cardoso Monteiro,202636630,3A,Logística,2026.1,22,6.09,100.0,1.08,40.4,5,1,0,BAIXO,20,Orientacao para rotina de estudos,2025-11-13
1715,Juliana Mendes Ferreira,202636787,5B,Enfermagem,2026.1,18,9.46,97.7,2.16,47.8,6,0,0,BAIXO,20,Manter acompanhamento preventivo,2026-11-05
1716,Gabriela Oliveira Lima,202637425,5A,Edificações,2026.1,25,7.22,78.3,2.4,19.2,6,0,0,BAIXO,20,Manter acompanhamento preventivo,2024-06-05
1717,Marina Costa Mendes,202637839,5B,Logística,2026.1,32,5.38,100.0,2.46,38.0,8,0,1,MEDIO,65,Reforco escolar e acompanhamento pedagogico | Encaminhamento para apoio psicologico ou psicossocial,2026-12-13
1718,Pedro Lima Teixeira,202638059,1B,Redes de Computadores,2026.1,22,6.23,77.3,4.14,46.3,3,1,0,BAIXO,20,Manter acompanhamento preventivo,2025-06-27
1719,Eduarda Santos Almeida,202638110,3B,Enfermagem,2026.1,22,7.57,77.8,6.34,33.9,5,0,0,BAIXO,20,Manter acompanhamento preventivo,2026-09-01
1720,Camila Lima Barbosa,202638512,2B,Eletrotécnica,2026.1,23,4.39,82.8,2.26,44.0,9,0,1,ALTO,90,Reforco escolar e acompanhamento pedagogico | Encaminhamento para apoio psicologico ou psicossocial,2024-10-13
1721,Beatriz Gomes Batista,202638656,5A,Eletrotécnica,2026.1,33,7.95,86.9,1.33,18.8,4,0,0,BAIXO,20,Orientacao para rotina de estudos,2024-10-03
1722,Isabela Gomes Monteiro,202638703,5B,Enfermagem,2026.1,20,8.41,80.9,3.86,6.2,8,0,0,BAIXO,20,Encaminhamento para apoio psicologico ou psicossocial,2026-11-16
1723,Luana Souza Souza,202639151,4A,Edificações,2026.1,23,6.5,63.8,3.13,24.4,1,0,1,MEDIO,65,Contato com responsavel e monitoramento de frequencia,2024-01-11
1724,Diego Batista Almeida,202639423,4A,Eletrotécnica,2026.1,21,8.38,76.2,3.78,88.7,5,1,0,BAIXO,20,Manter acompanhamento preventivo,2024-02-17
1725,Felipe Monteiro Batista,202639878,2B,Eletrotécnica,2026.1,19,5.25,100.0,5.84,31.6,6,1,0,BAIXO,20,Reforco escolar e acompanhamento pedagogico,2026-05-15
1726,Ana Rodrigues Araújo,202640145,3B,Pedagogia,2026.1,27,5.74,84.8,5.62,28.6,3,0,1,MEDIO,65,Reforco escolar e acompanhamento pedagogico,2026-11-12
1727,Pedro Almeida Araújo,202640335,2B,Logística,2026.1,32,3.59,56.7,0.0,50.1,7,1,1,ALTO,90,Reforco escolar e acompanhamento pedagogico | Contato com responsavel e monitoramento de frequencia | Encaminhamento para apoio psicologico ou psicossocial | Orientacao para rotina de estudos,2026-05-31
1728,Gabriel Teixeira Batista,202640953,3B,Contabilidade,2026.1,29,4.4,84.7,4.21,15.4,6,1,1,MEDIO,65,Reforco escolar e acompanhamento pedagogico,2026-09-23
1729,João Ribeiro Nascimento,202640983,1B,Edificações,2026.1,25,5.82,90.9,2.83,12.7,3,1,0,BAIXO,20,Reforco escolar e acompanhamento pedagogico,2026-03-06
1730,Bruno Barbosa Teixeira,202641348,2B,Redes de Computadores,2026.1,25,5.94,78.1,0.92,21.5,3,1,1,MEDIO,65,Reforco escolar e acompanhamento pedagogico | Orientacao para rotina de estudos,2026-08-18
1731,Luana Cardoso Ferreira,202641495,1A,Administração,2026.1,21,8.85,100.0,2.47,40.8,8,0,0,BAIXO,20,Encaminhamento para apoio psicologico ou psicossocial,2026-09-21
1732,Marcos Almeida Pereira,202642039,4A,Informática,2026.1,31,7.65,100.0,4.01,14.2,7,1,0,BAIXO,20,Encaminhamento para apoio psicologico ou psicossocial,2026-12-13
1733,Gabriel Rodrigues Nascimento,202642099,1A,Agropecuária,2026.1,26,7.02,72.9,2.84,28.3,4,1,0,BAIXO,20,Contato com responsavel e monitoramento de frequencia,2025-02-24
1734,Paulo Lima Monteiro,202642167,2A,Agropecuária,2026.1,19,5.5,59.8,3.51,62.2,4,1,1,MEDIO,65,Reforco escolar e acompanhamento pedagogico | Contato com responsavel e monitoramento de frequencia,2025-03-06
1735,Luana Gomes Cardoso,202642215,5B,Contabilidade,2026.1,17,3.99,92.6,2.92,11.8,5,0,1,MEDIO,65,Reforco escolar e acompanhamento pedagogico,2026-10-18
1736,Natália Costa Ribeiro,202642632,1B,Agropecuária,2026.1,26,2.08,62.1,3.38,5.0,4,0,1,ALTO,90,Reforco escolar e acompanhamento pedagogico | Contato com responsavel e monitoramento de frequencia,2024-10-10
1737,Paulo Silva Araújo,202642733,4B,Administração,2026.1,32,9.35,82.0,1.08,34.2,3,1,0,BAIXO,20,Orientacao para rotina de estudos,2024-01-30
1738,Gabriela Batista Araújo,202642869,4A,Pedagogia,2026.1,23,6.89,75.7,1.44,37.3,7,0,1,MEDIO,65,Encaminhamento para apoio psicologico ou psicossocial | Orientacao para rotina de estudos,2024-09-23
1739,Thiago Araújo Santos,202643006,5B,Contabilidade,2026.1,19,6.29,91.1,2.17,68.9,3,1,0,BAIXO,20,Manter acompanhamento preventivo,2024-12-30
1740,Bruno Santos Gomes,202643260,4A,Eletrotécnica,2026.1,30,5.17,93.5,4.09,53.3,3,1,0,BAIXO,20,Reforco escolar e acompanhamento pedagogico,2024-03-01
1741,Eduarda Lima Ribeiro,202643398,3B,Logística,2026.1,19,6.68,78.6,3.48,16.8,5,0,0,BAIXO,20,Manter acompanhamento preventivo,2025-07-10
1742,Gustavo Lima Silva,202643442,1A,Eletrotécnica,2026.1,31,7.97,95.4,2.66,36.5,6,1,0,BAIXO,20,Manter acompanhamento preventivo,2026-09-24
1743,Carlos Batista Oliveira,202643546,5B,Pedagogia,2026.1,31,8.35,74.3,2.64,26.6,9,1,1,MEDIO,65,Contato com responsavel e monitoramento de frequencia | Encaminhamento para apoio psicologico ou psicossocial,2026-01-20
1744,Larissa Santos Costa,202643719,2B,Enfermagem,2026.1,20,10.0,92.7,3.91,41.1,4,0,0,BAIXO,20,Manter acompanhamento preventivo,2024-07-26
1745,Amanda Mendes Silva,202643793,5B,Informática,2026.1,34,6.98,72.3,2.54,45.5,8,0,1,MEDIO,65,Contato com responsavel e monitoramento de frequencia | Encaminhamento para apoio psicologico ou psicossocial,2026-12-18
1746,Natália Santos Oliveira,202644115,2A,Contabilidade,2026.1,29,6.21,95.6,1.26,26.9,2,0,0,BAIXO,20,Orientacao para rotina de estudos,2025-11-30
1747,Diego Santos Ribeiro,202644671,3B,Edificações,2026.1,19,5.07,62.2,4.85,33.9,6,1,1,MEDIO,65,Reforco escolar e acompanhamento pedagogico | Contato com responsavel e monitoramento de frequencia,2026-07-29
1748,Juliana Mendes Cardoso,202644773,5B,Informática,2026.1,25,6.95,75.8,2.94,34.6,3,0,0,BAIXO,20,Manter acompanhamento preventivo,2024-05-07
1749,Luana Monteiro Mendes,202644981,3B,Redes de Computadores,2026.1,26,6.34,63.9,1.34,34.0,6,0,1,MEDIO,65,Contato com responsavel e monitoramento de frequencia | Orientacao para rotina de estudos,2026-08-04
1750,Pedro Gomes Gomes,202644993,5B,Edificações,2026.1,32,7.23,79.0,3.99,45.1,6,1,0,BAIXO,20,Manter acompanhamento preventivo,2025-07-01
1751,Gustavo Ribeiro Ribeiro,202645094,1B,Informática,2026.1,20,7.83,96.1,2.68,35.0,7,1,0,BAIXO,20,Encaminhamento para apoio psicologico ou psicossocial,2025-10-18
1752,Eduarda Rodrigues Monteiro,202645338,2A,Administração,2026.1,16,2.73,78.9,3.15,17.7,3,0,1,MEDIO,65,Reforco escolar e acompanhamento pedagogico,2024-02-20
1753,Larissa Oliveira Cardoso,202646776,2A,Edificações,2026.1,33,8.67,99.3,5.42,29.0,4,0,0,BAIXO,20,Manter acompanhamento preventivo,2024-04-12
1754,Vitória Costa Cardoso,202646800,2A,Enfermagem,2026.1,24,5.43,80.7,3.07,56.6,4,0,1,MEDIO,65,Reforco escolar e acompanhamento pedagogico,2025-09-17
1755,Mateus Barbosa Teixeira,202646948,2A,Contabilidade,2026.1,19,5.57,72.1,0.99,39.5,3,1,1,ALTO,90,Reforco escolar e acompanhamento pedagogico | Contato com responsavel e monitoramento de frequencia | Orientacao para rotina de estudos,2026-02-03
1756,Natália Teixeira Ferreira,202647052,2A,Logística,2026.1,34,6.13,72.8,3.18,38.5,4,0,1,MEDIO,65,Contato com responsavel e monitoramento de frequencia,2025-01-06
1757,Aline Cardoso Oliveira,202647287,4A,Enfermagem,2026.1,18,8.83,60.4,3.53,37.8,7,0,1,MEDIO,65,Contato com responsavel e monitoramento de frequencia | Encaminhamento para apoio psicologico ou psicossocial,2026-04-28
1758,Marcos Mendes Rodrigues,202647465,2A,Enfermagem,2026.1,34,6.16,93.8,3.06,49.0,5,1,0,BAIXO,20,Manter acompanhamento preventivo,2024-05-26
1759,João Gomes Barbosa,202647491,3A,Edificações,2026.1,16,8.19,93.2,2.94,77.2,5,1,0,BAIXO,20,Manter acompanhamento preventivo,2024-09-29
1760,Isabela Ferreira Silva,202647548,5B,Eletrotécnica,2026.1,28,7.02,100.0,3.31,32.4,7,0,0,BAIXO,20,Encaminhamento para apoio psicologico ou psicossocial,2024-12-24
1761,Patrícia Cardoso Barbosa,202647618,3A,Enfermagem,2026.1,29,8.71,82.2,2.55,36.0,8,0,0,BAIXO,20,Encaminhamento para apoio psicologico ou psicossocial,2024-07-31
1762,Carlos Silva Silva,202647876,2B,Agropecuária,2026.1,20,7.64,52.8,2.02,49.0,5,1,0,BAIXO,20,Contato com responsavel e monitoramento de frequencia,2026-02-06
1763,Marcos Cardoso Batista,202647891,1A,Administração,2026.1,20,7.35,93.5,5.24,47.2,4,1,0,BAIXO,20,Manter acompanhamento preventivo,2024-06-07
1764,Vinicius Mendes Lima,202648462,4B,Eletrotécnica,2026.1,24,8.32,81.0,2.59,46.7,9,1,1,MEDIO,65,Encaminhamento para apoio psicologico ou psicossocial,2025-04-19
1765,Daniel Santos Ferreira,202648982,2A,Edificações,2026.1,29,8.13,54.5,3.09,38.9,6,1,0,BAIXO,20,Contato com responsavel e monitoramento de frequencia,2024-04-01
1766,Beatriz Rodrigues Batista,202649179,5B,Eletrotécnica,2026.1,20,9.26,73.6,0.19,56.1,4,0,1,MEDIO,65,Contato com responsavel e monitoramento de frequencia | Orientacao para rotina de estudos,2025-03-21
1767,Marina Lima Costa,202649844,2A,Agropecuária,2026.1,18,5.77,67.1,2.93,25.1,8,0,1,ALTO,90,Reforco escolar e acompanhamento pedagogico | Contato com responsavel e monitoramento de frequencia | Encaminhamento para apoio psicologico ou psicossocial,2026-01-21
1768,Felipe Santos Mendes,202650703,3A,Contabilidade,2026.1,27,5.38,74.2,3.37,17.5,3,1,1,MEDIO,65,Reforco escolar e acompanhamento pedagogico | Contato com responsavel e monitoramento de frequencia,2026-08-03
1769,Beatriz Lima Nascimento,202650913,1A,Logística,2026.1,32,4.9,71.5,0.75,29.0,8,0,1,ALTO,90,Reforco escolar e acompanhamento pedagogico | Contato com responsavel e monitoramento de frequencia | Encaminhamento para apoio psicologico ou psicossocial | Orientacao para rotina de estudos,2025-02-14
1770,Rafaela Lima Oliveira,202651203,3B,Edificações,2026.1,30,5.43,78.4,0.72,39.6,8,0,1,ALTO,90,Reforco escolar e acompanhamento pedagogico | Encaminhamento para apoio psicologico ou psicossocial | Orientacao para rotina de estudos,2026-09-23
1771,Luana Lima Nascimento,202651479,4B,Edificações,2026.1,20,8.98,92.8,3.55,42.0,5,0,0,BAIXO,20,Manter acompanhamento preventivo,2026-01-02
1772,Rafael Nascimento Pereira,202651546,3A,Edificações,2026.1,31,6.97,72.5,3.66,47.2,7,1,1,MEDIO,65,Contato com responsavel e monitoramento de frequencia | Encaminhamento para apoio psicologico ou psicossocial,2025-03-14
1773,Gabriela Teixeira Almeida,202651744,3B,Pedagogia,2026.1,22,4.55,94.5,4.05,70.9,5,0,0,BAIXO,20,Reforco escolar e acompanhamento pedagogico,2024-10-16
1774,Patrícia Rodrigues Costa,202651878,3B,Agropecuária,2026.1,23,7.25,82.6,3.96,47.8,5,0,0,BAIXO,20,Manter acompanhamento preventivo,2024-06-28
1775,Patrícia Santos Teixeira,202651943,2A,Pedagogia,2026.1,32,9.94,74.3,1.61,43.3,7,0,1,MEDIO,65,Contato com responsavel e monitoramento de frequencia | Encaminhamento para apoio psicologico ou psicossocial | Orientacao para rotina de estudos,2026-11-19
1776,Samuel Silva Teixeira,202652078,3A,Pedagogia,2026.1,32,8.47,89.1,3.18,14.0,6,1,0,BAIXO,20,Manter acompanhamento preventivo,2024-12-18
1777,Leonardo Lima Costa,202652562,3B,Edificações,2026.1,33,5.33,90.7,4.38,36.2,10,1,1,MEDIO,65,Reforco escolar e acompanhamento pedagogico | Encaminhamento para apoio psicologico ou psicossocial,2025-01-05
1778,Marina Rodrigues Nascimento,202652577,1A,Edificações,2026.1,33,6.58,63.4,2.42,49.2,5,0,1,MEDIO,65,Contato com responsavel e monitoramento de frequencia,2024-02-13
1779,Gabriela Ferreira Monteiro,202652622,5B,Contabilidade,2026.1,24,5.67,74.3,2.75,28.2,4,0,1,MEDIO,65,Reforco escolar e acompanhamento pedagogico | Contato com responsavel e monitoramento de frequencia,2026-12-22
1780,Gabriela Costa Batista,202653348,4B,Enfermagem,2026.1,29,9.18,86.1,3.63,24.5,8,0,0,BAIXO,20,Encaminhamento para apoio psicologico ou psicossocial,2024-09-11
1781,Marcos Teixeira Almeida,202653392,3B,Pedagogia,2026.1,24,7.03,68.1,2.95,40.7,2,1,0,BAIXO,20,Contato com responsavel e monitoramento de frequencia,2024-09-17
1782,Jéssica Araújo Almeida,202653444,3B,Redes de Computadores,2026.1,27,6.69,98.3,2.81,47.7,4,0,0,BAIXO,20,Manter acompanhamento preventivo,2024-08-05
1783,Henrique Lima Costa,202653452,4B,Pedagogia,2026.1,30,10.0,67.8,2.29,45.5,5,1,0,BAIXO,20,Contato com responsavel e monitoramento de frequencia,2025-12-23
1784,Gabriel Monteiro Ferreira,202653515,5A,Enfermagem,2026.1,17,7.6,68.3,2.94,51.5,2,1,0,BAIXO,20,Contato com responsavel e monitoramento de frequencia,2026-06-20
1785,Natália Souza Teixeira,202653654,4A,Edificações,2026.1,16,6.97,75.1,1.34,46.8,5,0,0,BAIXO,20,Orientacao para rotina de estudos,2024-12-26
1786,Leonardo Gomes Pereira,202653725,4B,Enfermagem,2026.1,16,8.49,73.6,2.66,21.4,4,1,0,BAIXO,20,Contato com responsavel e monitoramento de frequencia,2026-07-10
1787,Gabriela Costa Gomes,202653970,3B,Administração,2026.1,19,7.89,100.0,4.25,39.7,4,0,0,BAIXO,20,Manter acompanhamento preventivo,2025-05-05
1788,Amanda Ribeiro Costa,202653982,4B,Edificações,2026.1,28,7.03,86.1,3.32,33.3,8,0,0,BAIXO,20,Encaminhamento para apoio psicologico ou psicossocial,2024-06-12
1789,Lucas Mendes Lima,202654253,1B,Edificações,2026.1,30,9.18,84.8,1.45,27.4,4,1,0,BAIXO,20,Orientacao para rotina de estudos,2024-07-25
1790,Mateus Cardoso Santos,202654291,1A,Contabilidade,2026.1,18,7.81,77.0,4.05,39.6,5,1,0,BAIXO,20,Manter acompanhamento preventivo,2025-03-02
1791,Marcos Souza Lima,202654404,1A,Edificações,2026.1,33,2.93,100.0,4.54,47.0,3,1,1,MEDIO,65,Reforco escolar e acompanhamento pedagogico,2025-09-13
1792,Rafaela Costa Cardoso,202654756,1A,Edificações,2026.1,16,7.86,80.2,2.75,52.0,7,0,0,BAIXO,20,Encaminhamento para apoio psicologico ou psicossocial,2024-01-21
1793,Amanda Oliveira Costa,202655066,4B,Informática,2026.1,30,7.4,65.6,4.36,36.7,6,0,0,BAIXO,20,Contato com responsavel e monitoramento de frequencia,2024-06-23
1794,Mateus Mendes Monteiro,202655156,4B,Redes de Computadores,2026.1,18,3.85,92.6,3.9,45.7,3,1,1,MEDIO,65,Reforco escolar e acompanhamento pedagogico,2025-01-07
1795,João Cardoso Pereira,202655481,4B,Eletrotécnica,2026.1,19,7.03,88.3,5.19,24.1,3,1,0,BAIXO,20,Manter acompanhamento preventivo,2024-08-13
1796,Pedro Costa Nascimento,202655530,5B,Redes de Computadores,2026.1,20,4.91,74.3,2.45,17.7,4,1,1,MEDIO,65,Reforco escolar e acompanhamento pedagogico | Contato com responsavel e monitoramento de frequencia,2025-05-25
1797,Vitória Rodrigues Ferreira,202655625,5A,Logística,2026.1,33,4.46,82.8,1.81,15.3,5,0,1,MEDIO,65,Reforco escolar e acompanhamento pedagogico | Orientacao para rotina de estudos,2025-04-08
1798,Luana Cardoso Teixeira,202655698,1B,Informática,2026.1,31,6.47,93.9,2.64,31.1,7,0,0,BAIXO,20,Encaminhamento para apoio psicologico ou psicossocial,2024-04-01
1799,Larissa Silva Rodrigues,202655728,3B,Eletrotécnica,2026.1,24,5.19,70.6,3.79,6.3,5,0,1,MEDIO,65,Reforco escolar e acompanhamento pedagogico | Contato com responsavel e monitoramento de frequencia,2024-06-17
1800,Pedro Monteiro Rodrigues,202655783,1B,Logística,2026.1,23,8.45,71.4,3.31,28.9,5,1,0,BAIXO,20,Contato com responsavel e monitoramento de frequencia,2025-11-27
1801,Luana Araújo Lima,202656041,3A,Agropecuária,2026.1,16,6.11,86.8,2.62,54.0,7,0,0,BAIXO,20,Encaminhamento para apoio psicologico ou psicossocial,2025-03-12
1802,João Mendes Batista,202656251,5A,Redes de Computadores,2026.1,20,9.12,98.4,1.11,49.4,5,1,0,BAIXO,20,Orientacao para rotina de estudos,2024-12-18
1803,Daniel Teixeira Costa,202656753,5B,Administração,2026.1,22,5.14,86.9,7.4,50.5,10,1,1,MEDIO,65,Reforco escolar e acompanhamento pedagogico | Encaminhamento para apoio psicologico ou psicossocial,2025-11-16
1804,Diego Ribeiro Souza,202656840,3B,Agropecuária,2026.1,27,7.94,73.0,2.0,48.7,4,1,0,BAIXO,20,Contato com responsavel e monitoramento de frequencia,2025-04-29
1805,Carlos Monteiro Araújo,202656972,5A,Enfermagem,2026.1,23,5.74,100.0,1.63,43.1,7,1,1,MEDIO,65,Reforco escolar e acompanhamento pedagogico | Encaminhamento para apoio psicologico ou psicossocial | Orientacao para rotina de estudos,2024-01-02
1806,Rafael Teixeira Lima,202657542,3B,Agropecuária,2026.1,16,4.94,84.3,4.64,20.9,8,1,1,MEDIO,65,Reforco escolar e acompanhamento pedagogico | Encaminhamento para apoio psicologico ou psicossocial,2025-09-20
1807,Isabela Batista Batista,202657728,1A,Agropecuária,2026.1,26,7.72,100.0,1.2,28.8,7,0,0,BAIXO,20,Encaminhamento para apoio psicologico ou psicossocial | Orientacao para rotina de estudos,2026-10-03
1808,Maria Nascimento Gomes,202657942,4A,Agropecuária,2026.1,20,8.19,70.0,2.9,29.4,7,0,1,MEDIO,65,Contato com responsavel e monitoramento de frequencia | Encaminhamento para apoio psicologico ou psicossocial,2026-03-19
1809,Diego Silva Teixeira,202658066,2A,Agropecuária,2026.1,20,6.97,72.4,2.31,36.7,2,1,1,MEDIO,65,Contato com responsavel e monitoramento de frequencia,2025-12-16
1810,Isabela Oliveira Nascimento,202658218,3A,Logística,2026.1,23,6.79,99.7,4.1,36.5,9,0,1,MEDIO,65,Encaminhamento para apoio psicologico ou psicossocial,2024-02-26
1811,Bruno Teixeira Ribeiro,202658705,5A,Contabilidade,2026.1,27,4.16,93.2,3.14,51.2,2,1,0,BAIXO,20,Reforco escolar e acompanhamento pedagogico,2025-07-19
1812,Gabriel Almeida Silva,202659976,3B,Edificações,2026.1,20,5.31,75.0,1.34,34.2,5,1,1,MEDIO,65,Reforco escolar e acompanhamento pedagogico | Orientacao para rotina de estudos,2025-01-07
1813,Leonardo Santos Pereira,202660393,4A,Edificações,2026.1,28,4.57,100.0,4.3,37.9,6,1,0,BAIXO,20,Reforco escolar e acompanhamento pedagogico,2025-12-25
1814,Marina Nascimento Pereira,202660432,3B,Informática,2026.1,34,7.78,62.0,2.82,44.2,2,0,0,BAIXO,20,Contato com responsavel e monitoramento de frequencia,2026-06-05
1815,Gustavo Mendes Costa,202660684,1A,Agropecuária,2026.1,29,3.69,100.0,1.2,41.4,2,1,1,MEDIO,65,Reforco escolar e acompanhamento pedagogico | Orientacao para rotina de estudos,2026-03-12
1816,João Batista Ferreira,202660701,3A,Contabilidade,2026.1,30,8.0,89.3,1.95,45.7,4,1,0,BAIXO,20,Orientacao para rotina de estudos,2025-05-09
1817,Vinicius Pereira Nascimento,202661111,1A,Logística,2026.1,34,5.88,86.7,3.44,5.0,8,1,1,MEDIO,65,Reforco escolar e acompanhamento pedagogico | Encaminhamento para apoio psicologico ou psicossocial,2025-10-22
1818,André Teixeira Silva,202661622,4A,Logística,2026.1,26,5.56,80.6,4.22,101.5,3,1,1,MEDIO,65,Reforco escolar e acompanhamento pedagogico | Avaliar apoio logistico ou flexibilizacao academica,2025-12-11
1819,Fernanda Monteiro Ribeiro,202661740,5A,Pedagogia,2026.1,25,7.01,99.7,3.36,35.3,4,0,0,BAIXO,20,Manter acompanhamento preventivo,2025-09-05
1820,Paulo Ferreira Silva,202662082,4A,Administração,2026.1,18,5.86,80.5,6.5,10.9,6,1,1,MEDIO,65,Reforco escolar e acompanhamento pedagogico,2025-07-19
1821,Natália Cardoso Costa,202662402,1B,Logística,2026.1,24,4.72,91.5,3.37,32.5,4,0,0,BAIXO,20,Reforco escolar e acompanhamento pedagogico,2024-06-07
1822,Pedro Ribeiro Almeida,202662597,4A,Agropecuária,2026.1,16,2.45,99.9,2.88,45.8,4,1,1,MEDIO,65,Reforco escolar e acompanhamento pedagogico,2025-11-08
1823,Henrique Santos Barbosa,202662996,1B,Contabilidade,2026.1,34,9.88,81.1,1.31,31.1,3,1,0,BAIXO,20,Orientacao para rotina de estudos,2026-12-21
1824,Carlos Cardoso Ferreira,202663250,5B,Agropecuária,2026.1,17,9.91,87.6,3.68,59.0,3,1,0,BAIXO,20,Manter acompanhamento preventivo,2026-02-09
1825,Daniel Monteiro Santos,202663637,3A,Administração,2026.1,19,8.3,94.3,0.63,52.3,6,1,0,BAIXO,20,Orientacao para rotina de estudos,2026-05-05
1826,Amanda Rodrigues Souza,202663675,5A,Edificações,2026.1,17,6.61,99.3,0.47,13.1,6,0,0,BAIXO,20,Orientacao para rotina de estudos,2026-11-29
1827,Felipe Monteiro Rodrigues,202664002,4B,Redes de Computadores,2026.1,20,6.46,63.5,5.8,29.5,6,1,1,MEDIO,65,Contato com responsavel e monitoramento de frequencia,2025-08-18
1828,Aline Pereira Silva,202664154,2B,Eletrotécnica,2026.1,24,3.43,58.2,3.83,27.7,6,0,1,ALTO,90,Reforco escolar e acompanhamento pedagogico | Contato com responsavel e monitoramento de frequencia,2025-08-03
1829,Rafaela Nascimento Lima,202664436,1B,Agropecuária,2026.1,16,7.27,92.4,3.43,17.9,6,0,0,BAIXO,20,Manter acompanhamento preventivo,2026-05-21
1830,Lucas Batista Lima,202664658,1A,Contabilidade,2026.1,34,4.89,91.1,1.17,25.6,5,1,0,BAIXO,20,Reforco escolar e acompanhamento pedagogico | Orientacao para rotina de estudos,2026-12-29
1831,Beatriz Teixeira Gomes,202665067,3B,Contabilidade,2026.1,17,5.5,80.3,4.71,37.2,6,0,1,MEDIO,65,Reforco escolar e acompanhamento pedagogico,2026-09-03
1832,Patrícia Araújo Santos,202665076,3A,Enfermagem,2026.1,23,3.27,79.2,0.76,35.1,6,0,1,ALTO,90,Reforco escolar e acompanhamento pedagogico | Orientacao para rotina de estudos,2026-10-20
1833,Vitória Gomes Ferreira,202665336,3A,Eletrotécnica,2026.1,28,9.43,60.9,2.81,25.6,5,0,0,BAIXO,20,Contato com responsavel e monitoramento de frequencia,2026-03-21
1834,Eduarda Cardoso Araújo,202665469,5A,Redes de Computadores,2026.1,17,6.44,67.4,1.84,21.3,3,0,1,MEDIO,65,Contato com responsavel e monitoramento de frequencia | Orientacao para rotina de estudos,2025-12-16
1835,Aline Barbosa Oliveira,202665735,2A,Edificações,2026.1,27,10.0,83.5,3.64,20.4,7,0,0,BAIXO,20,Encaminhamento para apoio psicologico ou psicossocial,2025-03-01
1836,Gabriela Santos Ribeiro,202666267,3B,Administração,2026.1,30,9.7,96.2,0.22,15.0,4,0,0,BAIXO,20,Orientacao para rotina de estudos,2026-05-05
1837,Carla Cardoso Barbosa,202666275,3A,Redes de Computadores,2026.1,29,4.92,81.8,3.93,5.0,3,0,1,MEDIO,65,Reforco escolar e acompanhamento pedagogico,2026-01-07
1838,Diego Teixeira Barbosa,202666626,4A,Eletrotécnica,2026.1,27,7.89,100.0,0.0,15.8,1,1,0,BAIXO,20,Orientacao para rotina de estudos,2025-02-20
1839,Gustavo Rodrigues Lima,202666735,2B,Pedagogia,2026.1,24,7.99,86.1,3.73,50.1,4,1,0,BAIXO,20,Manter acompanhamento preventivo,2024-02-19
1840,Vitória Cardoso Teixeira,202666788,1A,Contabilidade,2026.1,24,9.01,75.4,2.83,5.0,3,0,0,BAIXO,20,Manter acompanhamento preventivo,2026-09-01
1841,Bruno Ferreira Monteiro,202666818,3B,Eletrotécnica,2026.1,17,7.74,82.2,2.0,18.0,7,1,0,BAIXO,20,Encaminhamento para apoio psicologico ou psicossocial,2024-11-29
1842,Lucas Araújo Costa,202666989,3A,Informática,2026.1,22,5.62,99.3,2.93,69.1,6,1,0,BAIXO,20,Reforco escolar e acompanhamento pedagogico,2025-10-09
1843,Patrícia Barbosa Almeida,202667243,5B,Contabilidade,2026.1,34,5.34,100.0,2.74,25.3,8,0,1,MEDIO,65,Reforco escolar e acompanhamento pedagogico | Encaminhamento para apoio psicologico ou psicossocial,2025-01-09
1844,João Souza Teixeira,202667269,5A,Agropecuária,2026.1,18,7.35,76.6,1.61,40.9,4,1,0,BAIXO,20,Orientacao para rotina de estudos,2025-11-27
1845,Jéssica Mendes Ferreira,202667674,1B,Agropecuária,2026.1,17,3.65,87.1,1.83,53.6,7,0,1,MEDIO,65,Reforco escolar e acompanhamento pedagogico | Encaminhamento para apoio psicologico ou psicossocial | Orientacao para rotina de estudos,2025-08-08
1846,Vinicius Souza Souza,202667855,5A,Administração,2026.1,27,4.12,100.0,0.48,38.2,8,1,1,MEDIO,65,Reforco escolar e acompanhamento pedagogico | Encaminhamento para apoio psicologico ou psicossocial | Orientacao para rotina de estudos,2026-12-12
1847,Daniel Almeida Nascimento,202668106,2B,Pedagogia,2026.1,21,2.87,82.4,3.18,66.6,6,1,1,MEDIO,65,Reforco escolar e acompanhamento pedagogico,2024-04-13
1848,Camila Souza Almeida,202668630,4A,Enfermagem,2026.1,27,9.32,100.0,2.89,47.9,5,0,0,BAIXO,20,Manter acompanhamento preventivo,2025-07-18
1849,Thiago Souza Almeida,202668994,4A,Administração,2026.1,27,7.02,100.0,3.3,29.0,4,1,0,BAIXO,20,Manter acompanhamento preventivo,2024-03-28
1850,Carlos Rodrigues Monteiro,202669063,1A,Pedagogia,2026.1,26,6.79,63.1,3.76,33.3,5,1,1,MEDIO,65,Contato com responsavel e monitoramento de frequencia,2025-10-15
1851,Beatriz Araújo Silva,202669345,4B,Administração,2026.1,25,7.6,62.4,3.31,5.0,7,0,1,MEDIO,65,Contato com responsavel e monitoramento de frequencia | Encaminhamento para apoio psicologico ou psicossocial,2026-10-04
1852,Rafael Teixeira Cardoso,202669405,5B,Logística,2026.1,28,5.63,48.5,2.22,54.4,7,1,1,ALTO,90,Reforco escolar e acompanhamento pedagogico | Contato com responsavel e monitoramento de frequencia | Encaminhamento para apoio psicologico ou psicossocial,2026-11-23
1853,André Lima Silva,202670087,2B,Eletrotécnica,2026.1,18,5.55,64.9,0.0,60.8,7,1,1,ALTO,90,Reforco escolar e acompanhamento pedagogico | Contato com responsavel e monitoramento de frequencia | Encaminhamento para apoio psicologico ou psicossocial | Orientacao para rotina de estudos,2026-09-05
1854,Vitória Monteiro Costa,202670296,5B,Contabilidade,2026.1,29,8.87,85.8,1.54,30.6,6,0,0,BAIXO,20,Orientacao para rotina de estudos,2024-02-04
1855,Vitória Mendes Ferreira,202670467,3A,Administração,2026.1,17,5.3,75.1,2.09,32.8,3,0,1,MEDIO,65,Reforco escolar e acompanhamento pedagogico,2024-04-06
1856,Gabriela Monteiro Gomes,202670654,4B,Administração,2026.1,20,8.63,94.2,1.67,15.5,5,0,0,BAIXO,20,Orientacao para rotina de estudos,2024-10-08
1857,Thiago Barbosa Oliveira,202670696,2B,Logística,2026.1,20,9.16,79.2,4.46,35.3,3,1,0,BAIXO,20,Manter acompanhamento preventivo,2024-10-23
1858,Ana Souza Santos,202670792,3B,Agropecuária,2026.1,27,4.75,83.0,2.02,34.8,7,0,1,MEDIO,65,Reforco escolar e acompanhamento pedagogico | Encaminhamento para apoio psicologico ou psicossocial,2024-09-12
1859,Mateus Gomes Silva,202670864,1A,Pedagogia,2026.1,31,7.7,90.6,1.94,71.4,6,1,0,BAIXO,20,Orientacao para rotina de estudos,2024-02-29
1860,João Oliveira Oliveira,202671340,5B,Enfermagem,2026.1,22,4.89,68.7,1.85,17.7,3,1,1,MEDIO,65,Reforco escolar e acompanhamento pedagogico | Contato com responsavel e monitoramento de frequencia | Orientacao para rotina de estudos,2025-08-17
1861,Thiago Rodrigues Costa,202671469,3B,Logística,2026.1,21,4.94,56.8,2.12,45.7,6,1,1,MEDIO,65,Reforco escolar e acompanhamento pedagogico | Contato com responsavel e monitoramento de frequencia,2026-06-28
1862,Luana Ferreira Cardoso,202671581,3A,Enfermagem,2026.1,18,9.6,94.5,4.7,28.5,6,0,0,BAIXO,20,Manter acompanhamento preventivo,2025-04-27
1863,André Souza Lima,202671595,4B,Agropecuária,2026.1,34,8.52,76.3,2.04,43.3,4,1,0,BAIXO,20,Manter acompanhamento preventivo,2024-02-04
1864,Lucas Lima Teixeira,202671680,4A,Administração,2026.1,29,6.0,81.8,2.46,5.0,9,1,1,MEDIO,65,Encaminhamento para apoio psicologico ou psicossocial,2025-01-11
1865,Luana Silva Ferreira,202671994,1A,Contabilidade,2026.1,29,4.5,69.5,5.23,44.9,6,0,1,MEDIO,65,Reforco escolar e acompanhamento pedagogico | Contato com responsavel e monitoramento de frequencia,2026-07-25
1866,Gabriela Pereira Ferreira,202672065,2A,Eletrotécnica,2026.1,25,8.91,65.1,5.14,45.5,4,0,0,BAIXO,20,Contato com responsavel e monitoramento de frequencia,2025-04-06
1867,Rafael Mendes Gomes,202672459,1A,Enfermagem,2026.1,16,7.94,85.7,3.72,36.7,3,1,0,BAIXO,20,Manter acompanhamento preventivo,2024-01-20
1868,Carlos Santos Lima,202673040,3B,Contabilidade,2026.1,28,7.93,100.0,2.38,62.2,5,1,0,BAIXO,20,Manter acompanhamento preventivo,2024-07-16
1869,Bruno Oliveira Silva,202673190,3B,Eletrotécnica,2026.1,20,7.58,83.3,4.24,60.3,7,1,0,BAIXO,20,Encaminhamento para apoio psicologico ou psicossocial,2024-04-08
1870,Lucas Souza Rodrigues,202673227,1B,Logística,2026.1,29,8.41,81.0,3.77,38.6,6,1,0,BAIXO,20,Manter acompanhamento preventivo,2025-08-14
1871,Patrícia Ferreira Oliveira,202673323,1A,Enfermagem,2026.1,23,7.15,76.0,1.82,43.1,8,0,0,BAIXO,20,Encaminhamento para apoio psicologico ou psicossocial | Orientacao para rotina de estudos,2025-04-08
1872,Diego Almeida Araújo,202673344,3B,Enfermagem,2026.1,31,6.19,53.6,3.02,38.6,5,1,1,MEDIO,65,Contato com responsavel e monitoramento de frequencia,2025-06-25
1873,Felipe Teixeira Ribeiro,202673346,3B,Edificações,2026.1,21,8.41,89.4,2.53,34.4,7,1,0,BAIXO,20,Encaminhamento para apoio psicologico ou psicossocial,2026-08-28
1874,Pedro Souza Teixeira,202673392,3A,Pedagogia,2026.1,26,9.84,81.0,2.2,58.6,5,1,0,BAIXO,20,Manter acompanhamento preventivo,2025-06-11
1875,Mateus Santos Almeida,202673407,5A,Edificações,2026.1,21,6.1,73.4,1.28,23.1,10,1,1,ALTO,90,Contato com responsavel e monitoramento de frequencia | Encaminhamento para apoio psicologico ou psicossocial | Orientacao para rotina de estudos,2026-03-26
1876,Amanda Mendes Cardoso,202673509,2B,Redes de Computadores,2026.1,26,6.45,76.1,2.37,56.8,5,0,0,BAIXO,20,Manter acompanhamento preventivo,2024-06-15
1877,Eduarda Monteiro Teixeira,202674087,3A,Informática,2026.1,17,7.18,85.5,1.64,50.3,4,0,0,BAIXO,20,Orientacao para rotina de estudos,2026-11-28
1878,Samuel Oliveira Gomes,202674314,1A,Contabilidade,2026.1,28,5.71,79.9,3.98,41.7,3,1,1,MEDIO,65,Reforco escolar e acompanhamento pedagogico,2026-06-12
1879,Felipe Teixeira Barbosa,202674331,1B,Edificações,2026.1,23,10.0,68.0,1.77,30.1,4,1,0,BAIXO,20,Contato com responsavel e monitoramento de frequencia | Orientacao para rotina de estudos,2026-04-30
1880,Lucas Oliveira Teixeira,202674488,3B,Pedagogia,2026.1,17,8.95,67.2,4.31,56.9,7,1,1,MEDIO,65,Contato com responsavel e monitoramento de frequencia | Encaminhamento para apoio psicologico ou psicossocial,2025-11-14
1881,Gustavo Silva Costa,202674775,2A,Pedagogia,2026.1,29,4.57,95.9,1.82,40.2,5,1,0,BAIXO,20,Reforco escolar e acompanhamento pedagogico | Orientacao para rotina de estudos,2025-01-03
1882,Vinicius Ribeiro Silva,202674886,4B,Administração,2026.1,20,8.19,99.2,3.54,54.7,2,1,0,BAIXO,20,Manter acompanhamento preventivo,2025-10-06
1883,Felipe Ferreira Silva,202675417,5A,Logística,2026.1,16,7.79,78.1,0.87,45.4,7,1,1,MEDIO,65,Encaminhamento para apoio psicologico ou psicossocial | Orientacao para rotina de estudos,2024-01-25
1884,Pedro Pereira Pereira,202675518,2B,Administração,2026.1,31,10.0,62.9,1.25,68.8,6,1,0,BAIXO,20,Contato com responsavel e monitoramento de frequencia | Orientacao para rotina de estudos,2026-03-25
1885,Daniel Ribeiro Cardoso,202675679,2A,Edificações,2026.1,21,7.05,100.0,2.7,34.7,7,1,0,BAIXO,20,Encaminhamento para apoio psicologico ou psicossocial,2026-12-07
1886,Gabriel Ribeiro Cardoso,202676215,1B,Edificações,2026.1,16,7.14,94.1,2.84,19.6,4,1,0,BAIXO,20,Manter acompanhamento preventivo,2024-02-10
1887,Diego Souza Nascimento,202676344,1A,Pedagogia,2026.1,18,4.42,90.5,1.92,45.7,7,1,1,MEDIO,65,Reforco escolar e acompanhamento pedagogico | Encaminhamento para apoio psicologico ou psicossocial | Orientacao para rotina de estudos,2026-12-30
1888,André Souza Ribeiro,202676535,5A,Pedagogia,2026.1,18,5.82,96.6,3.75,71.2,7,1,1,MEDIO,65,Reforco escolar e acompanhamento pedagogico | Encaminhamento para apoio psicologico ou psicossocial,2026-03-10
1889,Samuel Araújo Silva,202676952,2A,Edificações,2026.1,21,8.4,79.3,5.11,41.8,4,1,0,BAIXO,20,Manter acompanhamento preventivo,2025-09-02
1890,Ana Lima Teixeira,202677127,1B,Enfermagem,2026.1,28,5.24,71.2,3.25,14.3,8,0,1,ALTO,90,Reforco escolar e acompanhamento pedagogico | Contato com responsavel e monitoramento de frequencia | Encaminhamento para apoio psicologico ou psicossocial,2026-01-10
1891,Vitória Teixeira Teixeira,202677173,4B,Pedagogia,2026.1,20,6.96,90.1,4.14,52.2,5,0,0,BAIXO,20,Manter acompanhamento preventivo,2026-03-01
1892,Aline Santos Santos,202677212,3A,Administração,2026.1,27,6.75,77.8,2.69,5.0,6,0,0,BAIXO,20,Manter acompanhamento preventivo,2025-07-20
1893,Jéssica Lima Pereira,202677364,2A,Administração,2026.1,29,9.06,60.8,4.37,49.9,4,0,0,BAIXO,20,Contato com responsavel e monitoramento de frequencia,2024-11-09
1894,Fernanda Costa Barbosa,202677570,1A,Pedagogia,2026.1,24,6.17,72.6,3.13,38.0,8,0,1,MEDIO,65,Contato com responsavel e monitoramento de frequencia | Encaminhamento para apoio psicologico ou psicossocial,2024-06-10
1895,Leonardo Cardoso Mendes,202678019,5B,Eletrotécnica,2026.1,32,8.49,91.0,0.0,74.8,6,1,0,BAIXO,20,Orientacao para rotina de estudos,2025-06-24
1896,André Cardoso Gomes,202678224,1B,Enfermagem,2026.1,18,5.94,71.3,3.83,10.3,7,1,1,ALTO,90,Reforco escolar e acompanhamento pedagogico | Contato com responsavel e monitoramento de frequencia | Encaminhamento para apoio psicologico ou psicossocial,2024-10-05
1897,Maria Batista Santos,202678459,1B,Edificações,2026.1,28,3.44,100.0,2.06,26.9,6,0,1,MEDIO,65,Reforco escolar e acompanhamento pedagogico,2026-04-11
1898,Gabriel Santos Batista,202678592,1A,Administração,2026.1,27,4.1,73.1,2.89,13.7,4,1,1,MEDIO,65,Reforco escolar e acompanhamento pedagogico | Contato com responsavel e monitoramento de frequencia,2026-12-16
1899,Camila Pereira Rodrigues,202678780,2B,Administração,2026.1,30,5.91,81.3,3.69,44.3,10,0,1,ALTO,90,Reforco escolar e acompanhamento pedagogico | Encaminhamento para apoio psicologico ou psicossocial,2024-04-05
1900,Gustavo Nascimento Silva,202678880,1A,Informática,2026.1,28,9.12,73.6,3.79,40.9,2,1,0,BAIXO,20,Contato com responsavel e monitoramento de frequencia,2025-09-30
1901,Bruno Silva Oliveira,202679000,2B,Contabilidade,2026.1,17,8.85,80.8,1.23,30.9,6,1,0,BAIXO,20,Orientacao para rotina de estudos,2025-07-23
1902,Aline Cardoso Pereira,202679191,3A,Informática,2026.1,28,8.41,85.8,1.12,5.0,5,0,0,BAIXO,20,Orientacao para rotina de estudos,2024-01-09
1903,Aline Nascimento Rodrigues,202679467,4A,Eletrotécnica,2026.1,33,7.7,83.1,3.55,21.4,6,0,0,BAIXO,20,Manter acompanhamento preventivo,2026-03-06
1904,Samuel Cardoso Ferreira,202679796,5A,Edificações,2026.1,19,2.59,71.0,3.87,30.5,6,1,1,ALTO,90,Reforco escolar e acompanhamento pedagogico | Contato com responsavel e monitoramento de frequencia,2025-04-06
1905,Henrique Cardoso Almeida,202680247,2A,Enfermagem,2026.1,31,7.45,83.1,3.05,34.9,8,1,0,BAIXO,20,Encaminhamento para apoio psicologico ou psicossocial,2024-01-02
1906,Fernanda Gomes Pereira,202680321,1B,Contabilidade,2026.1,32,7.56,70.1,3.17,42.3,5,0,0,BAIXO,20,Contato com responsavel e monitoramento de frequencia,2026-10-01
1907,Isabela Monteiro Nascimento,202680333,3A,Administração,2026.1,32,8.39,78.1,1.79,59.4,6,0,0,BAIXO,20,Orientacao para rotina de estudos,2026-04-25
1908,Thiago Oliveira Rodrigues,202680550,3A,Pedagogia,2026.1,32,6.05,64.9,4.45,27.5,3,1,1,MEDIO,65,Contato com responsavel e monitoramento de frequencia,2026-03-26
1909,Luana Barbosa Souza,202680685,2A,Redes de Computadores,2026.1,18,5.29,62.7,3.23,51.0,5,0,1,MEDIO,65,Reforco escolar e acompanhamento pedagogico | Contato com responsavel e monitoramento de frequencia,2026-12-05
1910,Rafaela Ribeiro Mendes,202681072,2B,Enfermagem,2026.1,23,10.0,98.3,3.58,51.7,9,0,0,BAIXO,20,Encaminhamento para apoio psicologico ou psicossocial,2026-05-07
1911,Carla Barbosa Teixeira,202681349,3A,Logística,2026.1,32,7.4,63.4,4.27,59.1,5,0,0,BAIXO,20,Contato com responsavel e monitoramento de frequencia,2026-02-10
1912,João Silva Pereira,202681377,3A,Informática,2026.1,22,5.77,75.1,0.61,47.2,6,1,1,MEDIO,65,Reforco escolar e acompanhamento pedagogico | Orientacao para rotina de estudos,2024-03-07
1913,Ana Mendes Lima,202681447,2B,Informática,2026.1,16,8.58,100.0,2.49,70.8,7,0,0,BAIXO,20,Encaminhamento para apoio psicologico ou psicossocial,2026-10-22
1914,Rafaela Silva Costa,202681618,2A,Administração,2026.1,32,2.22,72.8,3.43,20.3,6,0,1,ALTO,90,Reforco escolar e acompanhamento pedagogico | Contato com responsavel e monitoramento de frequencia,2025-10-24
1915,Thiago Cardoso Souza,202681668,3A,Enfermagem,2026.1,29,6.13,60.7,3.83,41.8,4,1,1,MEDIO,65,Contato com responsavel e monitoramento de frequencia,2025-09-07
1916,Rafaela Lima Almeida,202681859,3B,Informática,2026.1,33,7.83,79.4,4.71,33.3,5,0,0,BAIXO,20,Manter acompanhamento preventivo,2026-07-22
1917,Gabriela Araújo Ferreira,202681860,4B,Agropecuária,2026.1,19,6.5,54.7,3.66,60.0,5,0,1,MEDIO,65,Contato com responsavel e monitoramento de frequencia,2024-02-07
1918,Aline Batista Ribeiro,202682188,5A,Enfermagem,2026.1,32,6.37,62.6,1.42,47.0,6,0,1,MEDIO,65,Contato com responsavel e monitoramento de frequencia | Orientacao para rotina de estudos,2024-11-03
1919,Aline Gomes Santos,202682208,2B,Eletrotécnica,2026.1,31,1.49,98.7,5.31,27.0,3,0,1,MEDIO,65,Reforco escolar e acompanhamento pedagogico,2025-01-14
1920,Fernanda Lima Silva,202682872,3B,Redes de Computadores,2026.1,32,4.78,91.3,4.01,45.2,4,0,0,BAIXO,20,Reforco escolar e acompanhamento pedagogico,2025-08-13
1921,Samuel Barbosa Pereira,202683038,2B,Redes de Computadores,2026.1,20,5.43,79.6,2.33,15.2,1,1,1,MEDIO,65,Reforco escolar e acompanhamento pedagogico,2025-10-15
1922,Larissa Araújo Araújo,202683102,2B,Redes de Computadores,2026.1,32,7.58,78.5,4.73,34.3,7,0,0,BAIXO,20,Encaminhamento para apoio psicologico ou psicossocial,2024-08-04
1923,Carla Barbosa Santos,202683162,3A,Redes de Computadores,2026.1,21,7.0,65.9,3.25,19.3,4,0,0,BAIXO,20,Contato com responsavel e monitoramento de frequencia,2025-11-13
1924,Paulo Pereira Teixeira,202683212,3A,Redes de Computadores,2026.1,27,10.0,84.1,3.51,41.6,7,1,0,BAIXO,20,Encaminhamento para apoio psicologico ou psicossocial,2025-10-30
1925,Daniel Cardoso Teixeira,202683765,1B,Contabilidade,2026.1,18,1.68,79.2,2.85,33.8,6,1,1,MEDIO,65,Reforco escolar e acompanhamento pedagogico,2025-11-11
1926,Henrique Mendes Barbosa,202683778,2B,Informática,2026.1,25,4.58,83.9,5.89,5.0,5,1,1,MEDIO,65,Reforco escolar e acompanhamento pedagogico,2025-10-18
1927,Mateus Barbosa Lima,202684075,4B,Contabilidade,2026.1,27,8.32,68.5,5.06,35.3,10,1,1,MEDIO,65,Contato com responsavel e monitoramento de frequencia | Encaminhamento para apoio psicologico ou psicossocial,2025-06-16
1928,Gabriel Ribeiro Mendes,202684237,3B,Logística,2026.1,18,5.76,69.2,4.51,31.1,7,1,1,ALTO,90,Reforco escolar e acompanhamento pedagogico | Contato com responsavel e monitoramento de frequencia | Encaminhamento para apoio psicologico ou psicossocial,2024-02-09
1929,Gabriel Costa Souza,202684427,3A,Logística,2026.1,31,6.85,100.0,3.37,22.5,8,1,0,BAIXO,20,Encaminhamento para apoio psicologico ou psicossocial,2026-03-26
1930,Gabriel Ribeiro Nascimento,202684686,2B,Logística,2026.1,17,5.59,91.0,2.89,39.7,3,1,0,BAIXO,20,Reforco escolar e acompanhamento pedagogico,2025-08-18
1931,André Barbosa Monteiro,202684978,1A,Eletrotécnica,2026.1,28,9.15,63.7,0.0,41.3,9,1,1,ALTO,90,Contato com responsavel e monitoramento de frequencia | Encaminhamento para apoio psicologico ou psicossocial | Orientacao para rotina de estudos,2026-12-30
1932,Camila Costa Barbosa,202685028,3A,Logística,2026.1,17,8.56,94.0,3.56,31.5,2,0,0,BAIXO,20,Manter acompanhamento preventivo,2025-04-06
1933,Carlos Mendes Oliveira,202685131,4B,Enfermagem,2026.1,24,7.06,52.0,3.41,49.6,2,1,0,BAIXO,20,Contato com responsavel e monitoramento de frequencia,2024-11-14
1934,Isabela Almeida Nascimento,202685492,4B,Contabilidade,2026.1,30,6.87,88.7,6.34,20.1,3,0,0,BAIXO,20,Manter acompanhamento preventivo,2026-03-28
1935,Carlos Rodrigues Gomes,202685504,2A,Agropecuária,2026.1,21,7.18,82.9,2.5,32.7,7,1,0,BAIXO,20,Encaminhamento para apoio psicologico ou psicossocial,2026-03-12
1936,Marcos Mendes Barbosa,202685650,5A,Contabilidade,2026.1,30,8.59,83.4,2.48,45.2,10,1,1,MEDIO,65,Encaminhamento para apoio psicologico ou psicossocial,2024-09-26
1937,Gabriel Oliveira Ribeiro,202685804,2B,Logística,2026.1,20,6.3,83.0,3.07,81.1,1,1,0,BAIXO,20,Manter acompanhamento preventivo,2024-01-26
1938,Eduarda Cardoso Gomes,202685885,2B,Edificações,2026.1,20,7.57,70.1,3.23,24.8,4,0,0,BAIXO,20,Contato com responsavel e monitoramento de frequencia,2024-07-16
1939,Natália Gomes Silva,202685973,1B,Redes de Computadores,2026.1,23,7.66,87.1,5.27,38.0,3,0,0,BAIXO,20,Manter acompanhamento preventivo,2024-04-18
1940,Marcos Ribeiro Araújo,202685999,5A,Contabilidade,2026.1,17,8.42,91.3,1.36,44.9,8,1,0,BAIXO,20,Encaminhamento para apoio psicologico ou psicossocial | Orientacao para rotina de estudos,2025-08-07
1941,Leonardo Pereira Teixeira,202686017,4A,Contabilidade,2026.1,24,5.09,92.2,3.33,32.4,5,1,0,BAIXO,20,Reforco escolar e acompanhamento pedagogico,2024-02-25
1942,Larissa Teixeira Barbosa,202686377,4B,Edificações,2026.1,28,4.97,87.1,1.25,47.6,3,0,0,BAIXO,20,Reforco escolar e acompanhamento pedagogico | Orientacao para rotina de estudos,2024-05-23
1943,Samuel Costa Barbosa,202686501,4B,Enfermagem,2026.1,25,5.2,73.1,1.66,18.8,10,1,1,ALTO,90,Reforco escolar e acompanhamento pedagogico | Contato com responsavel e monitoramento de frequencia | Encaminhamento para apoio psicologico ou psicossocial | Orientacao para rotina de estudos,2024-10-10
1944,Marcos Pereira Monteiro,202686540,2B,Logística,2026.1,31,7.82,88.5,0.99,15.1,1,1,0,BAIXO,20,Orientacao para rotina de estudos,2026-09-27
1945,Samuel Teixeira Santos,202687190,2B,Enfermagem,2026.1,26,9.87,88.7,2.0,33.0,8,1,0,BAIXO,20,Encaminhamento para apoio psicologico ou psicossocial,2025-02-03
1946,Leonardo Costa Lima,202687317,5B,Contabilidade,2026.1,30,9.28,65.4,1.04,14.5,4,1,0,BAIXO,20,Contato com responsavel e monitoramento de frequencia | Orientacao para rotina de estudos,2026-04-07
1947,Larissa Oliveira Rodrigues,202687344,1B,Contabilidade,2026.1,19,10.0,97.1,4.41,11.7,4,0,0,BAIXO,20,Manter acompanhamento preventivo,2026-11-16
1948,Paulo Araújo Costa,202687434,2B,Agropecuária,2026.1,30,5.9,80.9,2.23,23.3,7,1,1,MEDIO,65,Reforco escolar e acompanhamento pedagogico | Encaminhamento para apoio psicologico ou psicossocial,2026-07-18
1949,Leonardo Pereira Nascimento,202687937,5A,Edificações,2026.1,21,4.96,74.5,2.15,11.3,4,1,1,MEDIO,65,Reforco escolar e acompanhamento pedagogico | Contato com responsavel e monitoramento de frequencia,2026-09-03
1950,Beatriz Barbosa Rodrigues,202688204,1A,Informática,2026.1,19,5.84,69.9,3.77,30.9,8,0,1,ALTO,90,Reforco escolar e acompanhamento pedagogico | Contato com responsavel e monitoramento de frequencia | Encaminhamento para apoio psicologico ou psicossocial,2025-09-16
1951,Fernanda Cardoso Pereira,202688578,4A,Eletrotécnica,2026.1,16,8.18,90.2,3.6,63.0,3,0,0,BAIXO,20,Manter acompanhamento preventivo,2025-07-10
1952,Rafaela Santos Santos,202688636,5A,Edificações,2026.1,30,3.82,88.5,5.63,13.5,6,0,1,MEDIO,65,Reforco escolar e acompanhamento pedagogico,2026-01-14
1953,Vinicius Barbosa Batista,202688687,3A,Redes de Computadores,2026.1,28,3.92,79.8,2.12,20.6,5,1,1,MEDIO,65,Reforco escolar e acompanhamento pedagogico,2024-07-03
1954,Thiago Batista Souza,202688946,4B,Administração,2026.1,21,3.47,100.0,2.06,30.8,6,1,1,MEDIO,65,Reforco escolar e acompanhamento pedagogico,2025-12-04
1955,Luana Nascimento Araújo,202689246,2A,Eletrotécnica,2026.1,22,6.07,70.2,2.69,27.0,2,0,1,MEDIO,65,Contato com responsavel e monitoramento de frequencia,2026-02-09
1956,Thiago Cardoso Ribeiro,202689803,3A,Informática,2026.1,21,5.21,83.7,3.43,41.8,6,1,1,MEDIO,65,Reforco escolar e acompanhamento pedagogico,2025-09-01
1957,Juliana Batista Costa,202689931,2A,Logística,2026.1,34,5.41,84.7,2.55,30.8,2,0,1,MEDIO,65,Reforco escolar e acompanhamento pedagogico,2024-06-05
1958,Diego Ribeiro Souza,202690225,4A,Pedagogia,2026.1,18,5.64,85.1,3.8,5.0,8,1,1,MEDIO,65,Reforco escolar e acompanhamento pedagogico | Encaminhamento para apoio psicologico ou psicossocial,2026-02-14
1959,Thiago Rodrigues Barbosa,202690692,4B,Informática,2026.1,26,6.12,85.0,4.21,30.0,4,1,0,BAIXO,20,Manter acompanhamento preventivo,2026-06-24
1960,João Ferreira Monteiro,202691163,4A,Redes de Computadores,2026.1,28,6.2,100.0,3.39,61.6,5,1,0,BAIXO,20,Manter acompanhamento preventivo,2025-11-26
1961,Rafaela Ferreira Mendes,202691412,4B,Informática,2026.1,34,5.6,90.3,3.37,44.4,6,0,0,BAIXO,20,Reforco escolar e acompanhamento pedagogico,2026-05-22
1962,André Lima Mendes,202691656,4A,Eletrotécnica,2026.1,28,5.68,59.6,0.82,15.2,5,1,1,ALTO,90,Reforco escolar e acompanhamento pedagogico | Contato com responsavel e monitoramento de frequencia | Orientacao para rotina de estudos,2024-12-02
1963,Pedro Teixeira Ribeiro,202691992,2B,Redes de Computadores,2026.1,26,5.18,100.0,4.54,38.3,6,1,0,BAIXO,20,Reforco escolar e acompanhamento pedagogico,2024-08-25
1964,Pedro Oliveira Monteiro,202692369,1A,Pedagogia,2026.1,29,6.78,91.3,1.53,14.3,7,1,0,BAIXO,20,Encaminhamento para apoio psicologico ou psicossocial | Orientacao para rotina de estudos,2026-06-11
1965,Henrique Ferreira Ribeiro,202692660,4A,Pedagogia,2026.1,17,5.89,89.7,4.48,29.7,5,1,0,BAIXO,20,Reforco escolar e acompanhamento pedagogico,2025-01-23
1966,Carla Barbosa Batista,202692692,5B,Administração,2026.1,29,8.5,82.0,0.37,31.5,5,0,0,BAIXO,20,Orientacao para rotina de estudos,2024-08-09
1967,Camila Silva Almeida,202692767,1B,Agropecuária,2026.1,33,5.73,63.4,3.41,49.7,6,0,1,MEDIO,65,Reforco escolar e acompanhamento pedagogico | Contato com responsavel e monitoramento de frequencia,2026-07-20
1968,Leonardo Rodrigues Souza,202692788,1A,Administração,2026.1,18,8.3,96.5,0.22,21.3,2,1,0,BAIXO,20,Orientacao para rotina de estudos,2026-04-09
1969,Paulo Rodrigues Almeida,202693079,4B,Redes de Computadores,2026.1,34,5.5,94.2,6.78,44.4,7,1,1,MEDIO,65,Reforco escolar e acompanhamento pedagogico | Encaminhamento para apoio psicologico ou psicossocial,2025-02-18
1970,Felipe Mendes Batista,202693221,2B,Redes de Computadores,2026.1,19,8.01,69.0,2.86,50.4,1,1,0,BAIXO,20,Contato com responsavel e monitoramento de frequencia,2024-01-02
1971,Camila Gomes Pereira,202693481,2B,Edificações,2026.1,19,5.21,82.7,2.91,65.8,6,0,1,MEDIO,65,Reforco escolar e acompanhamento pedagogico,2024-02-17
1972,Juliana Batista Pereira,202693634,2B,Contabilidade,2026.1,17,7.61,71.8,5.83,59.4,6,0,0,BAIXO,20,Contato com responsavel e monitoramento de frequencia,2024-09-02
1973,Diego Lima Lima,202693753,4A,Contabilidade,2026.1,22,6.81,72.9,3.78,45.1,7,1,1,MEDIO,65,Contato com responsavel e monitoramento de frequencia | Encaminhamento para apoio psicologico ou psicossocial,2026-10-16
1974,Fernanda Araújo Ribeiro,202693761,5B,Agropecuária,2026.1,19,3.99,71.6,3.86,84.6,1,0,1,ALTO,90,Reforco escolar e acompanhamento pedagogico | Contato com responsavel e monitoramento de frequencia,2026-08-13
1975,Ana Cardoso Costa,202693771,4A,Edificações,2026.1,31,5.27,75.5,3.7,7.9,5,0,1,MEDIO,65,Reforco escolar e acompanhamento pedagogico,2025-03-15
1976,Ana Silva Pereira,202694609,3A,Enfermagem,2026.1,24,7.75,52.4,4.65,62.1,8,0,1,MEDIO,65,Contato com responsavel e monitoramento de frequencia | Encaminhamento para apoio psicologico ou psicossocial,2026-09-17
1977,Pedro Teixeira Monteiro,202694838,5A,Redes de Computadores,2026.1,28,7.64,74.4,2.53,13.9,4,1,0,BAIXO,20,Contato com responsavel e monitoramento de frequencia,2026-04-11
1978,Eduarda Batista Ribeiro,202694863,2A,Redes de Computadores,2026.1,30,7.87,98.9,5.02,57.0,5,0,0,BAIXO,20,Manter acompanhamento preventivo,2025-07-12
1979,Daniel Mendes Araújo,202694868,2A,Informática,2026.1,24,9.27,88.6,2.98,48.4,5,1,0,BAIXO,20,Manter acompanhamento preventivo,2026-05-06
1980,Vitória Silva Pereira,202694875,4B,Administração,2026.1,31,8.69,76.7,4.56,28.4,3,0,0,BAIXO,20,Manter acompanhamento preventivo,2024-04-27
1981,Gabriel Souza Ribeiro,202695381,4B,Informática,2026.1,30,7.17,71.0,2.14,58.2,9,1,1,MEDIO,65,Contato com responsavel e monitoramento de frequencia | Encaminhamento para apoio psicologico ou psicossocial,2025-01-13
1982,Jéssica Silva Santos,202695755,4B,Logística,2026.1,17,7.1,96.7,5.16,29.7,8,0,0,BAIXO,20,Encaminhamento para apoio psicologico ou psicossocial,2025-08-08
1983,Gabriel Rodrigues Souza,202695803,1B,Enfermagem,2026.1,22,8.01,80.0,4.05,40.7,8,1,0,BAIXO,20,Encaminhamento para apoio psicologico ou psicossocial,2024-07-13
1984,Gustavo Ferreira Rodrigues,202695813,5B,Eletrotécnica,2026.1,22,5.27,80.4,3.51,53.6,3,1,1,MEDIO,65,Reforco escolar e acompanhamento pedagogico,2026-08-10
1985,Marina Silva Pereira,202695919,1B,Eletrotécnica,2026.1,20,4.58,72.8,3.84,56.5,3,0,1,MEDIO,65,Reforco escolar e acompanhamento pedagogico | Contato com responsavel e monitoramento de frequencia,2025-07-04
1986,Leonardo Barbosa Mendes,202696100,4A,Pedagogia,2026.1,27,4.68,87.3,6.24,52.1,4,1,0,BAIXO,20,Reforco escolar e acompanhamento pedagogico,2025-03-24
1987,Ana Gomes Rodrigues,202696184,2B,Administração,2026.1,16,4.64,60.6,1.78,56.8,8,0,1,ALTO,90,Reforco escolar e acompanhamento pedagogico | Contato com responsavel e monitoramento de frequencia | Encaminhamento para apoio psicologico ou psicossocial | Orientacao para rotina de estudos,2024-12-21
1988,Carla Ferreira Monteiro,202696537,5B,Informática,2026.1,19,6.11,65.9,2.57,42.3,4,0,1,MEDIO,65,Contato com responsavel e monitoramento de frequencia,2025-01-20
1989,Leonardo Barbosa Souza,202696628,3A,Enfermagem,2026.1,21,7.12,78.5,4.48,40.5,1,1,0,BAIXO,20,Manter acompanhamento preventivo,2026-07-21
1990,Carla Oliveira Mendes,202696960,4A,Informática,2026.1,26,7.38,70.3,2.55,55.1,3,0,0,BAIXO,20,Contato com responsavel e monitoramento de frequencia,2025-01-14
1991,Rafael Teixeira Barbosa,202697027,4A,Eletrotécnica,2026.1,28,5.1,91.2,4.7,57.1,7,1,1,MEDIO,65,Reforco escolar e acompanhamento pedagogico | Encaminhamento para apoio psicologico ou psicossocial,2024-12-20
1992,Camila Oliveira Souza,202697166,2B,Administração,2026.1,17,7.36,63.5,2.56,24.9,6,0,0,BAIXO,20,Contato com responsavel e monitoramento de frequencia,2026-07-03
1993,Leonardo Pereira Oliveira,202698103,2B,Pedagogia,2026.1,21,7.09,77.8,2.49,51.8,3,1,0,BAIXO,20,Manter acompanhamento preventivo,2024-05-13
1994,Camila Cardoso Monteiro,202698449,3B,Edificações,2026.1,26,6.86,92.4,4.94,58.1,8,0,0,BAIXO,20,Encaminhamento para apoio psicologico ou psicossocial,2026-03-06
1995,Jéssica Pereira Lima,202698486,5A,Logística,2026.1,16,7.28,100.0,4.61,47.8,7,0,0,BAIXO,20,Encaminhamento para apoio psicologico ou psicossocial,2025-05-19
1996,Patrícia Oliveira Gomes,202698677,3B,Contabilidade,2026.1,28,6.19,73.1,4.96,12.4,6,0,1,MEDIO,65,Contato com responsavel e monitoramento de frequencia,2026-06-08
1997,Beatriz Ferreira Pereira,202699212,4B,Logística,2026.1,18,7.77,81.3,3.68,32.8,4,0,0,BAIXO,20,Manter acompanhamento preventivo,2025-05-12
1998,Ana Santos Gomes,202699718,4A,Pedagogia,2026.1,31,5.94,72.5,3.08,39.0,8,0,1,ALTO,90,Reforco escolar e acompanhamento pedagogico | Contato com responsavel e monitoramento de frequencia | Encaminhamento para apoio psicologico ou psicossocial,2026-02-08
1999,Beatriz Oliveira Costa,202699737,5A,Agropecuária,2026.1,29,6.96,82.3,2.31,66.1,4,0,0,BAIXO,20,Manter acompanhamento preventivo,2026-04-25
2000,Gabriela Almeida Batista,202699889,1A,Logística,2026.1,28,8.86,76.3,0.0,19.9,2,0,0,BAIXO,20,Orientacao para rotina de estudos,2026-10-14
